{"type":"FeatureCollection","name":"gis.vn","features":[{"type":"Feature","properties":{"ma_huyen":"647","ten_huyen":"Buôn Đôn","loai":"Huyện","cap":2,"stt":5,"ma_tinh":"66","ten_tinh":"Đắk Lắk"},"geometry":{"type":"MultiPolygon","coordinates":[[[[108.00353617796378,12.793620383733467],[108.00354785331598,12.793200868310636],[108.00352678623382,12.79303364921559],[108.00351733603863,12.792958635559087],[108.00350171219081,12.791467041623774],[108.00344867129603,12.786403077149423],[108.00351733529455,12.786226648733814],[108.00373095803864,12.786076920881225],[108.00398272871317,12.785966294820602],[108.00494403270892,12.785135644028216],[108.00498217906195,12.784964937388015],[108.00502795569271,12.78492678994567],[108.00540942562303,12.784905808844561],[108.00552386585474,12.784854310056852],[108.00563067867125,12.784644502109026],[108.00570697193935,12.784659761525639],[108.00583667133441,12.784848588488694],[108.00596637102893,12.78486480102782],[108.00610370003261,12.784944909351843],[108.0070115981589,12.785034555437521],[108.00711840950677,12.78502501825691],[108.0073549215001,12.784890549715616],[108.00754565617923,12.78472174978208],[108.00782794359475,12.784724610932017],[108.00807208468089,12.784595865368376],[108.00812549050231,12.784608262145426],[108.00826281924132,12.784828561060088],[108.00845355439951,12.784928697417378],[108.00859088352217,12.784908670171992],[108.00866717750648,12.78483809774634],[108.00869769470634,12.784673112381862],[108.00902575805696,12.78451575612168],[108.009102052787,12.784414665659746],[108.00910205191346,12.784264939677453],[108.00914019964446,12.784251587898027],[108.00939959799527,12.784352678205696],[108.00962085125525,12.784378427265914],[108.00985736216256,12.784305947506349],[108.01000232142857,12.784365075043862],[108.0100633561958,12.784422295791309],[108.01000995043172,12.784799951019716],[108.01013202000661,12.78484858768329],[108.01027697920189,12.785133736576109],[108.01039142043933,12.785109894525572],[108.01049060236599,12.784901039576608],[108.01054400879958,12.78487719772792],[108.01060504361539,12.78494204823767],[108.01064319059819,12.785151856761495],[108.01078051970535,12.785213846045378],[108.01101703000259,12.785213845875527],[108.01109332428526,12.78517760570123],[108.01112384204563,12.784988778357711],[108.01001757898324,12.778017418349116],[108.00992602658536,12.77783526676676],[108.00972766204359,12.777726547991666],[108.00968188566131,12.777760880980672],[108.00946063403624,12.77777709298223],[108.00936908102696,12.777836221002579],[108.00892657612185,12.777794258289475],[108.00821704235763,12.777484315068754],[108.00799578970415,12.777629273697821],[108.0078660900486,12.7778018887424],[108.00776690791666,12.777827637542545],[108.00778216707471,12.777986901984137],[108.0071718146647,12.778687852015238],[108.0069429332667,12.778760331147572],[108.00666827461855,12.778692620411174],[108.00646228197435,12.778787988305597],[108.00637835801724,12.778789895101582],[108.00518054220875,12.765932457146677],[108.00514239558932,12.764313118327571],[108.0067827150407,12.762855904115192],[108.00682086252064,12.762612717598858],[108.00698107953956,12.762234108073661],[108.0068742686289,12.761886016728873],[108.00700396838424,12.760971443530151],[108.00705737339777,12.760922806200643],[108.0076143188123,12.760731117476185],[108.00765246588708,12.76051463312009],[108.00762957859023,12.76017989395537],[108.00755328424863,12.759905235307972],[108.00753802552506,12.759498016771065],[108.00785846050277,12.759271041547533],[108.0079194954882,12.759044067532004],[108.00790423649171,12.758859054577098],[108.00804919468884,12.758721725647838],[108.00796527098223,12.75849665926589],[108.00800341843203,12.75843180920584],[108.00793475367385,12.758351699842157],[108.00782794164014,12.758010284741355],[108.00788395204329,12.757638445078108],[108.00789660696991,12.75755442818333],[108.00793475426448,12.75744952404691],[108.00802630631087,12.757363692728752],[108.00817889417617,12.757275001713142],[108.00829333478518,12.757266418794215],[108.00830096495244,12.757151023467086],[108.00836199984006,12.757089034785537],[108.00847644084779,12.756724732115604],[108.00844592311137,12.756576911744316],[108.00846242997393,12.756551348598398],[108.00850558640884,12.756484517049698],[108.00858325175705,12.756364242795213],[108.0086722643855,12.756291627829555],[108.00870761741949,12.75626278779428],[108.00872821099661,12.756245986819714],[108.00884608577506,12.756267269946887],[108.00886553983936,12.75627078308508],[108.00892657540459,12.756184951399122],[108.00909902186233,12.75552998600606],[108.00912142522385,12.755444896567871],[108.00912493934656,12.755431548887296],[108.00928515688386,12.755356208329728],[108.0095979615793,12.755014793823824],[108.00995654291948,12.754822150930838],[108.01068133631172,12.754158393329954],[108.01086444105452,12.754115479034985],[108.01093310590187,12.754005805741969],[108.01102465784128,12.753954307559455],[108.01107043450187,12.753847495964266],[108.01117724600275,12.75379885825788],[108.01122302293751,12.753689185645268],[108.0113679804573,12.753557578512646],[108.01147479256176,12.75352229265193],[108.01155871587254,12.753406898566263],[108.01177233889689,12.753331557751949],[108.01299304212479,12.753382102889185],[108.01335162351438,12.75308550983447],[108.01352710023734,12.753187553821226],[108.01400775202836,12.753123656157015],[108.01458758595663,12.753129378385681],[108.01482409718469,12.752993956963135],[108.01505297909452,12.752611533428013],[108.01514453233833,12.751602546371686],[108.01524371415772,12.7513126291518],[108.01655596970471,12.749588386184545],[108.01801318399382,12.748925581780279],[108.0191804810246,12.74798239812276],[108.01960772647878,12.747778312145954],[108.01989764352598,12.747765913840135],[108.02003497260013,12.747617141293714],[108.02016467268278,12.747644797318555],[108.02031726071314,12.74784602260149],[108.0204469606783,12.747928992078233],[108.02044696120987,12.747959509867107],[108.02034777883883,12.747974768702633],[108.020309631543,12.748024360037489],[108.02032489021873,12.748197928928242],[108.02055377224039,12.748278991351722],[108.02079791323287,12.748240844210308],[108.02080601585781,12.748250163375388],[108.02082080113952,12.748248472626507],[108.02082248515411,12.748269102066608],[108.02083605987492,12.748284713200196],[108.02083246118791,12.74839131425815],[108.02084237721569,12.748512780775268],[108.02100390723263,12.748536482516865],[108.02117175254581,12.748484030578132],[108.02124804676959,12.748344793901277],[108.0212681589079,12.748348690798746],[108.02127093477519,12.748344794184703],[108.02140063480711,12.748374358348853],[108.02154559363503,12.748503103716281],[108.02165240528996,12.748806372538768],[108.02173632796175,12.748825446041073],[108.02217120404285,12.748668089703354],[108.02246112132016,12.748390570983883],[108.02272815027337,12.748226539032393],[108.0227434082122,12.748041526231098],[108.02279681388755,12.747977629512741],[108.0228654792959,12.747991934869226],[108.02290362631443,12.748387709737747],[108.02304095516885,12.748472586934632],[108.02304095456039,12.748643293698521],[108.02307147205657,12.748682394849663],[108.02321643123422,12.748709097755734],[108.0232850962447,12.748648062588119],[108.02326983672978,12.748414412693428],[108.02336901899183,12.74811209795329],[108.0235979008582,12.747911825688897],[108.0235139768751,12.747606651030962],[108.02337664802333,12.747339621558696],[108.02343005351565,12.747207061205534],[108.02371234185935,12.747104063777057],[108.02391833527813,12.746955290779558],[108.02407855263549,12.746904745736911],[108.02433795187412,12.74685229406681],[108.0245897219436,12.74689139499853],[108.0246431281328,12.746855154745791],[108.024704162564,12.746713057662792],[108.02491778616533,12.746523275753272],[108.025146667824,12.746501341694492],[108.0254289547499,12.746291533430174],[108.0255968016002,12.746304884234908],[108.02572650160249,12.746464148823804],[108.02587909004173,12.746477499778004],[108.02646655266791,12.746279135152006],[108.02673358196903,12.74622859037613],[108.02687091088384,12.746125593347072],[108.02731341556961,12.745968237228794],[108.02731799511412,12.745982153955717],[108.02732867486301,12.745978727625936],[108.02743548577187,12.746339216327181],[108.0278016970818,12.746279135631344],[108.0279161376275,12.746225729791005],[108.02806872580379,12.746006384884723],[108.02800006122877,12.745807066100495],[108.02800006111482,12.745730582262546],[108.0279681114955,12.745602254649025],[108.0279542845432,12.745582953122623],[108.02795919478234,12.745566436055062],[108.02795428445617,12.745546713522467],[108.0279888974705,12.745466526668054],[108.02803820806474,12.745300665829685],[108.0280594244904,12.745303140750043],[108.02806872553845,12.745281592924853],[108.02826709031177,12.745327368527805],[108.02891558891265,12.745105162685142],[108.02903765840712,12.744838133231072],[108.02916735910337,12.744770422493177],[108.02925128148814,12.74463786134737],[108.02926652498651,12.744648235234742],[108.02927417021844,12.74463881584505],[108.02928599996143,12.744661488722612],[108.02931994714854,12.744684591559523],[108.02937335154553,12.74280680733363],[108.02912921123641,12.740841284470667],[108.02898425297184,12.740349187851606],[108.02824420125573,12.738521947971645],[108.0279237666273,12.737940207616573],[108.02760333251308,12.737590208351067],[108.02731341527237,12.73738516818631],[108.0264665527345,12.737144842432418],[108.02540606618318,12.737190619687748],[108.02422350998089,12.737668409663542],[108.02310198979815,12.737915411543367],[108.02098101690993,12.737885847690787],[108.01907366926433,12.737374678759695],[108.01698321509177,12.735812559135438],[108.01673907447245,12.735721007613103],[108.01653308044612,12.735749617924792],[108.01632708710474,12.735524550662621],[108.0160447991543,12.735573187875305],[108.01538867133668,12.73582686480613],[108.0152818605697,12.73582972606186],[108.01515978930817,12.73575533997417],[108.01503009041832,12.735553160389207],[108.01477068981897,12.735438719442161],[108.01467913665859,12.735238448066251],[108.01451892045726,12.735227003948502],[108.01438921966654,12.735241308666831],[108.0143663318277,12.73537291539809],[108.01430529687707,12.735441580459646],[108.0140916740596,12.73547305192135],[108.01380175700967,12.735401526801455],[108.01356524567115,12.735415831624726],[108.01316088808726,12.735558882435893],[108.0130006711535,12.735578909352908],[108.01287097098415,12.735501662184394],[108.01257342463234,12.73548163482757],[108.01194781372365,12.735498800788386],[108.0114900506881,12.735586539186803],[108.01116961637592,12.735778227857809],[108.01097888078245,12.735846893133935],[108.01084155207568,12.735977545415789],[108.0107576294242,12.73611487532093],[108.01074237037321,12.736311331977376],[108.01068133524677,12.736411467459408],[108.01027697740113,12.736788169281253],[108.01013964788679,12.73669947684849],[108.00989550729523,12.736682311266383],[108.0098039538704,12.736577406712938],[108.00975054908442,12.736568823616702],[108.00960559029926,12.736637489134944],[108.00943774310335,12.73678244727513],[108.00928515581904,12.736756697658334],[108.00893420336537,12.736799612951167],[108.00879687413061,12.73686827798189],[108.00867480372997,12.736862555615128],[108.00850695745854,12.736948386020881],[108.00832385182044,12.736868277898871],[108.00820941113221,12.73701037471752],[108.00804156393833,12.736985580324431],[108.00797290028967,12.736833944657],[108.00791949422603,12.736839667159199],[108.00786608820022,12.736979858082371],[108.00775164732241,12.736939803088864],[108.00752276465661,12.737016097333417],[108.00728625448087,12.736819640394353],[108.00719470134453,12.736836806141778],[108.00678271421388,12.737136259835339],[108.0065690910315,12.737202064068775],[108.00622576835791,12.737153426153915],[108.00610369816523,12.737273589046522],[108.00582140983084,12.737444297351278],[108.00555438196082,12.737539796014191],[108.00555438164467,12.737737075078075],[108.00540942288077,12.737807647421597],[108.00489062414186,12.737841979073423],[108.00484484763957,12.73796786460632],[108.00450915482543,12.73791350526077],[108.00436419594803,12.737777128967975],[108.00427264306083,12.737736121267586],[108.00411242587666,12.737738029361077],[108.0038530271607,12.73760737505758],[108.00379199114654,12.737491980879353],[108.00347155690835,12.737382308647852],[108.00317401059773,12.73739566002952],[108.00289172327976,12.737342254697593],[108.00206774787657,12.736833945529703],[108.00199080180373,12.736720275252353],[108.00194567773796,12.736745254001788],[108.00148028455166,12.736713782219384],[108.00110644506479,12.736759559702575],[108.00071734444327,12.736561195395778],[108.00053424012422,12.73656787064755],[108.00043505821517,12.736650840230935],[108.00033587555964,12.73665751610155],[108.00019091669967,12.736547842948385],[107.99998492342061,12.73657550031407],[107.99960345382728,12.736537353596855],[107.99949664156192,12.736626998737101],[107.99926776057062,12.736539259986515],[107.99903887907762,12.73653449260825],[107.99892443756508,12.736584083878325],[107.9988557730142,12.736577406996929],[107.99867266784487,12.7364229121543],[107.99842089774236,12.736366645111232],[107.9981386100306,12.73636950637329],[107.99801653995908,12.736507789841232],[107.99791735776579,12.736770049459903],[107.9975587760413,12.736936942417511],[107.99739855919474,12.73705615220044],[107.99712390115994,12.73746909314783],[107.99689501861845,12.737686530462392],[107.99687213106759,12.737935439385183],[107.99693316603211,12.738099471362723],[107.99683398415422,12.73830451201354],[107.99681872533854,12.738735572270311],[107.9967424305644,12.738868133924562],[107.9963533315156,12.739037887665637],[107.99621600299211,12.739242927824224],[107.99612444997102,12.739611999597997],[107.99600237948005,12.739715949242886],[107.9959718623344,12.739829436386625],[107.99588030850975,12.739933387962346],[107.99585742093527,12.74002112607885],[107.99591845599679,12.740163223112216],[107.99607867407428,12.740330116086026],[107.99613970880748,12.740475074971833],[107.9961306808446,12.740496702873564],[107.99613970881981,12.740525619560692],[107.99610811773799,12.740550761729065],[107.9960939318439,12.740584747520145],[107.99591082680946,12.740707771989085],[107.99588030937997,12.740899460079437],[107.99571246328904,12.740941422100386],[107.99552935729945,12.741170303678429],[107.99501055820598,12.741426841891778],[107.99390429635312,12.741583244720736],[107.99359149100061,12.741668122259759],[107.99272173964039,12.741579429694017],[107.99253100471844,12.741526978167686],[107.99245471115877,12.741486922781338],[107.99244708202883,12.741382972882949],[107.99232501102944,12.741106406730342],[107.99224871758332,12.741073982198555],[107.99214953446456,12.741065398838334],[107.99191302417132,12.741134063982143],[107.99179095381282,12.741246596979181],[107.99163836633147,12.74121798711004],[107.99073809713273,12.741334336124337],[107.99052447383409,12.741290466759951],[107.99021166917734,12.741334336357582],[107.98919696010606,12.741161720237585],[107.98896044869889,12.740937606913345],[107.98880786115949,12.740868941608552],[107.98861712623965,12.740620033444767],[107.98766345062927,12.740379707976727],[107.98761004562685,12.740279572337942],[107.98764056288424,12.740174667802492],[107.98747271680986,12.740058319479616],[107.98722857573884,12.739713089314764],[107.98715991042404,12.739549057284155],[107.98675555310254,12.739552872455034],[107.98643511906317,12.739452735804527],[107.9863893428202,12.739536658764258],[107.98640460088664,12.739697829870154],[107.98637408333578,12.739774123849784],[107.98633593650237,12.739829436861262],[107.98619860815626,12.739817992797127],[107.98603838963076,12.739589111771844],[107.98605364854197,12.739320175114155],[107.98602313206753,12.7392724917411],[107.98589343165465,12.739263909084416],[107.98574847227627,12.739452735895645],[107.98555773906452,12.739468949461083],[107.98546618581,12.73951663194774],[107.98529833902282,12.7398017813255],[107.9851838973634,12.739821808208028],[107.98509234496791,12.739420310956666],[107.9849779050481,12.73934878586896],[107.9844896227529,12.739223854582873],[107.9840852642557,12.73920382679989],[107.9839250474513,12.739296334272057],[107.98346728329659,12.739027397655338],[107.98326891920766,12.738051789572081],[107.9832307723245,12.737991706929371],[107.98313159058945,12.737964050143248],[107.98302477989235,12.737976448342744],[107.98286456149445,12.738144295656877],[107.98281878528789,12.738642113603902],[107.9824449456869,12.738539116001334],[107.98236102202348,12.73861064235547],[107.98236102163962,12.738732711986],[107.98225421094756,12.73875083204261],[107.98217028685922,12.73866404716084],[107.98211688201204,12.738673584143628],[107.98188036931413,12.738907234052043],[107.98181933494067,12.738900558856777],[107.98165148902952,12.738664047272696],[107.98156756418568,12.738669769098555],[107.98149127035407,12.738848107221873],[107.98137682944167,12.738934891652331],[107.98138445918279,12.73902262934223],[107.98159808256055,12.73924674244525],[107.98161334135351,12.739356415270777],[107.98156756500322,12.739384072285665],[107.98106402418331,12.73935927641044],[107.98104876556751,12.739194290318794],[107.98112505997167,12.738991158525728],[107.98094195480942,12.738735573389645],[107.98085040128792,12.738750832351748],[107.98081225490074,12.738872902170552],[107.9806978136311,12.738916771363183],[107.98056811481666,12.73891963206321],[107.98044604377614,12.738829033353488],[107.98017138596951,12.738850968074392],[107.98007983215453,12.738776581734927],[107.97991961588525,12.73874224901649],[107.97982043320201,12.738657372479254],[107.97956866331796,12.738291161128593],[107.97946185166339,12.73828162434261],[107.97936266923885,12.738394158120984],[107.97929400520695,12.738394158578403],[107.97924822866685,12.738344567440159],[107.97924059921114,12.738047974754497],[107.97917193445204,12.737879173413464],[107.97876757652953,12.737430946996017],[107.97860735926548,12.73703707967578],[107.97860735913635,12.736953156661004],[107.9787752064508,12.736669914059295],[107.97876757634732,12.736588852246246],[107.9786683945562,12.736513512243194],[107.97853869545445,12.736542122234233],[107.97841662440953,12.736501114350796],[107.97828692561923,12.73635138697824],[107.9782487783946,12.736039536077076],[107.9781267073077,12.735958473113634],[107.9779512314049,12.736036675502593],[107.97124499350286,12.74408854801017],[107.97110003568545,12.744081871674803],[107.97090930042438,12.744139093438921],[107.97078723068918,12.744095224048033],[107.97074145376787,12.74393500610221],[107.9703981317447,12.744035142179854],[107.97025317237076,12.743974106733825],[107.97000903148788,12.74348201129561],[107.96967333818412,12.74308051380603],[107.96882647517369,12.742879289261845],[107.9674379263342,12.742343324319144],[107.96683520301669,12.742015260156922],[107.96659106304551,12.741645233660442],[107.96651476903955,12.741327661282524],[107.96659106305765,12.740802186054903],[107.96647662225067,12.740277665046246],[107.96833819357133,12.7329496313202],[107.96910876305043,12.730744736347615],[107.96912402206802,12.73061980584131],[107.96935290415458,12.730238335206497],[107.9695588966921,12.73008384061232],[107.96987933207633,12.72962989163311],[107.9711229230675,12.727022545347436],[107.9713746923769,12.726578133274387],[107.97161883336277,12.72589816311262],[107.97177905039077,12.725651160956845],[107.9719926733821,12.72558440383896],[107.9722215557298,12.72496165476977],[107.9729310897291,12.723478690705454],[107.97364825252357,12.721710578828882],[107.97430438048842,12.720310584851118],[107.97457903870988,12.71982325738555],[107.97534960726543,12.718185798890199],[107.97560900632119,12.717553512870875],[107.9756929297728,12.717475310515317],[107.97567004121868,12.717448608529287],[107.97679156253562,12.715014831442165],[107.97765368442703,12.713227645626947],[107.9777376073024,12.713136092476919],[107.97840899378662,12.711333647898698],[107.97969836168444,12.708382979741785],[107.98103350583868,12.705567733208046],[107.98144549316136,12.704921141674784],[107.98201006828758,12.703632728074995],[107.98249834906362,12.702783958141845],[107.98299425939776,12.701690093065393],[107.98328417636051,12.700646772508634],[107.98379534571554,12.699461355564944],[107.98819750672213,12.698468580517812],[107.98725909187974,12.69596327819641],[107.98727434911278,12.693890944044862],[107.98664111013804,12.691702261476046],[107.98628252864796,12.68947829258372],[107.98593920506185,12.688326254080987],[107.98545092395013,12.687880888147117],[107.98569506480322,12.68732680259954],[107.98582476417876,12.687207594068115],[107.98591631688245,12.687054052374064],[107.98595446414997,12.686456098595825],[107.9859086885821,12.68619288530954],[107.98571795342403,12.685750380033399],[107.98568743468087,12.685565367284417],[107.9858781699644,12.68485678707025],[107.98627489899869,12.683951749754016],[107.98639696946866,12.683079137805551],[107.98619860483964,12.682285680807952],[107.98605364567551,12.681421651282442],[107.98474139004317,12.68177164949107],[107.98471087270431,12.681257619613366],[107.98475664879662,12.679802312381872],[107.98468798461579,12.678287878020988],[107.98474138975742,12.67580737033702],[107.98471087245825,12.674598111609448],[107.98396319152654,12.674569501387772],[107.98400133874645,12.673798932704722],[107.98352831635985,12.673538579559384],[107.98333758145382,12.673491849417253],[107.98303240558838,12.673335446609704],[107.98274248831218,12.6733049295739],[107.98271960030704,12.672430409350644],[107.9833452103849,12.671670331158165],[107.98387163814179,12.671604528481966],[107.98416155522871,12.671499623224168],[107.98436792422348,12.671564114313774],[107.98439043719047,12.671561612395712],[107.98452013740433,12.67142809841704],[107.98320788168513,12.67145384768573],[107.9822160600792,12.671310796449609],[107.98166674356766,12.671326055683593],[107.98134630904214,12.671152486434297],[107.98060967731942,12.670972438200424],[107.98055285230767,12.67096651979097],[107.98049181760403,12.670943631061302],[107.98032397008072,12.670587911083933],[107.98031634126633,12.670499219505706],[107.98025530514944,12.6704410456578],[107.98009508856846,12.670421971816562],[107.97971361824742,12.67024840357275],[107.97934740687154,12.67017115575437],[107.9788209791543,12.6701434985325],[107.978065668906,12.66998137441145],[107.97781389877453,12.669865979427344],[107.97734087742515,12.66938246703045],[107.97726458277526,12.669241323327414],[107.9771959177704,12.669206037903255],[107.9771119951125,12.669248952367314],[107.97704333017641,12.66942824325495],[107.97695177856531,12.669509305454032],[107.97688311276924,12.66951979541054],[107.976585567032,12.669232741012546],[107.97648638377542,12.6690238852464],[107.97628802002534,12.668888463683349],[107.97616595033561,12.668897046289809],[107.97604387975687,12.669019116252395],[107.97567766930906,12.669225110797866],[107.97520464643414,12.669357671262214],[107.97483843479053,12.669303311781272],[107.97482317611558,12.669229878837932],[107.97486895349638,12.669116391357623],[107.9746934769193,12.66888846347236],[107.9746248117757,12.668948546131075],[107.97457140576662,12.66931952438196],[107.97451037103963,12.669438733366034],[107.97422808382818,12.669585599946902],[107.9738771320074,12.669379605957584],[107.9736177319667,12.66936816201],[107.97347277424896,12.669419660486778],[107.97290819809835,12.669219388420132],[107.97277849882683,12.669154538530995],[107.9726106519097,12.668860807971786],[107.97253435768896,12.668811215419954],[107.97208422376643,12.668762579016894],[107.9715959429364,12.6686052230016],[107.9713136552406,12.6684535884411],[107.97100084990294,12.668350592177685],[107.97065752661035,12.668301953598576],[107.9702989447372,12.668527021642106],[107.96990221683609,12.669187917842272],[107.96936053043123,12.669654265294854],[107.9681245683844,12.670347586404777],[107.96765917485617,12.670478239487538],[107.96754473368219,12.670684233440344],[107.96733873984174,12.671648397884933],[107.9669649002311,12.672288313176766],[107.96697252880568,12.672700300605385],[107.96750658707707,12.673522368085354],[107.96684282978654,12.673498526667496],[107.96619433081581,12.673682585271525],[107.964302240923,12.67493475930853],[107.96291369213407,12.67531622920439],[107.96231859894432,12.6753410259556],[107.96114367216221,12.675009146680951],[107.96054094985956,12.674947157816652],[107.96011370368585,12.675009146341122],[107.95893877710806,12.675769224580156],[107.95855730728773,12.676356689142548],[107.95822924278852,12.676559820400866],[107.9580461383653,12.676498785858715],[107.95758074459305,12.67574919796139],[107.95667284738859,12.675668135441546],[107.95618456610578,12.675911322997132],[107.95608538294324,12.676356688622706],[107.95541399744437,12.676599875441147],[107.95464342780875,12.676538840004872],[107.95426195803593,12.676215545199634],[107.95404070620721,12.676275626136675],[107.95249956770941,12.676904097587418],[107.95224016882922,12.677713767200318],[107.95199602760054,12.677754774650092],[107.95169085164444,12.677531615356024],[107.9512254593869,12.676883116947447],[107.95083636004912,12.676741973540983],[107.94989031520838,12.67702521451291],[107.94881457038142,12.677167312216328],[107.94739550306925,12.677106277048438],[107.94635790476144,12.677682296432915],[107.94506090830514,12.679051772273137],[107.94423693395213,12.679026977320145],[107.94371813492084,12.679375068917517],[107.94358843485941,12.679674522617125],[107.94342058899227,12.679574386346188],[107.94321459525936,12.679524795981644],[107.94301623094809,12.67957438694483],[107.94299334205839,12.679872886569939],[107.94289416010845,12.6800722049931],[107.94212359084351,12.680047408541851],[107.94192522703433,12.6801971358939],[107.94200152135171,12.680570975793621],[107.94189470989573,12.680894271224574],[107.94075029973565,12.68126811165828],[107.94047564203377,12.681765930078159],[107.94013231997232,12.681990043396587],[107.93968218462662,12.68194045308647],[107.93883532161766,12.68203963475556],[107.93801134792153,12.682338134770239],[107.93740099629098,12.682350533306046],[107.93680590318189,12.682276145617069],[107.93605822322586,12.68252505534325],[107.93463915473029,12.68404425852742],[107.93444079064756,12.684790985162945],[107.93463915463104,12.68518962093071],[107.93453997292755,12.68556346220003],[107.9342653150426,12.685712235296235],[107.93414324462549,12.686036484194128],[107.93391436260045,12.686160461844478],[107.93374651615868,12.686135666219279],[107.93351763377184,12.685985939707567],[107.93331927022675,12.685985938988116],[107.93286913641842,12.68643416587387],[107.93252581295687,12.686434166305284],[107.93219774871382,12.686285393719052],[107.93180102066322,12.685961144747512],[107.93073290479255,12.686359780278543],[107.93008440656924,12.68688239332375],[107.93008440704124,12.687281029209526],[107.9302827705836,12.687505142889336],[107.93010729504574,12.687928574903435],[107.92951220195107,12.688825028370376],[107.92941302010725,12.689696686990633],[107.91127794871775,12.690486329323816],[107.91173571264348,12.691327470415617],[107.91219347687888,12.69253959060747],[107.91217821827074,12.69318332023476],[107.91193407694394,12.69399108223801],[107.91157549601581,12.694571870552009],[107.91082018633806,12.69547404654836],[107.90827196791507,12.697966952243187],[107.90673846002262,12.699708361075322],[107.90502184575509,12.701506991204393],[107.90306872157547,12.704139132059003],[107.90167254227495,12.706284899899664],[107.90099352626974,12.707016367393733],[107.90033739870219,12.707527537711],[107.8987581133617,12.70852508100359],[107.89815539151813,12.709061045677911],[107.89772051560762,12.709902186547811],[107.89739245150614,12.710173983843475],[107.89662188280754,12.710165400768528],[107.89553087961596,12.710601229987425],[107.89534777481607,12.710828203773819],[107.89529436879812,12.712684054884361],[107.89538592119524,12.713800807259448],[107.89593523771774,12.715833087608898],[107.89588946169027,12.717391391406528],[107.89611071391793,12.718654056272737],[107.89627093113607,12.719121356179926],[107.8972474936031,12.721058268965999],[107.89803332123033,12.722301860736287],[107.89886492546496,12.724416156439412],[107.8991319546113,12.724718471474105],[107.89941424182265,12.72485293907104],[107.8999559293337,12.725019832728945],[107.9012071499433,12.725513835262838],[107.90149706753444,12.72569026553347],[107.90302294653371,12.72686042294225],[107.90763110095422,12.731370348960295],[107.908287228648,12.732167621668975],[107.90908068554131,12.73370589825337],[107.91028613026403,12.73683585764939],[107.91040057121585,12.737870593339446],[107.91036242432794,12.738817592786786],[107.91010302467626,12.739587207920842],[107.9098970306848,12.739789386812628],[107.90954607915158,12.740407367583746],[107.90911120333081,12.743083377444497],[107.90871447567133,12.743739506183386],[107.90808886434479,12.744321247147802],[107.90727251901244,12.744658847987322],[107.90622729262954,12.744761844577356],[107.90490740699876,12.744367978182563],[107.90432374656596,12.744217062224546],[107.90301531729496,12.743878743121225],[107.90235918889613,12.743828198301888],[107.90158862026107,12.743954083447164],[107.89861315598891,12.744913478930316],[107.8969575777394,12.745784183982064],[107.89286822199486,12.747551343108075],[107.89239519977332,12.747604748701816],[107.89123553236139,12.747106931071805],[107.89064806907824,12.7467531176845],[107.89018267600639,12.7466424918221],[107.8897249116018,12.746655842940227],[107.88929766586679,12.746895214586973],[107.88890093679456,12.747316740207431],[107.88753527570869,12.747968099093335],[107.88470477030735,12.748372457310634],[107.88264483419509,12.748978040412045],[107.88098162636645,12.750038526589003],[107.8773042578837,12.750644109195061],[107.87511462065135,12.751275442737885],[107.87429064723928,12.751704595838435],[107.87314623768006,12.751868627385027],[107.86991137349256,12.752895735039106],[107.869568050647,12.752895735049265],[107.86931628068447,12.75276126711112],[107.86913317573101,12.752336881817943],[107.86878985325092,12.751728438275961],[107.86840838406138,12.751574896156193],[107.86788958514065,12.75156726733462],[107.86737078580525,12.751805686194471],[107.86670702853621,12.75242175890759],[107.86452502176049,12.754671477470808],[107.86354082981666,12.755264662380235],[107.86188525068066,12.75571861161717],[107.86100024055861,12.756073378186182],[107.86045092513966,12.756504439714341],[107.85997027263411,12.757259749231567],[107.85926073870904,12.758222006914716],[107.85666674500979,12.76155795961546],[107.85598772877927,12.762651825304845],[107.85556811357065,12.763814353996391],[107.85552233592047,12.76459255246123],[107.8569719216501,12.769468688985873],[107.85710162195772,12.771086120020263],[107.85677355735811,12.772072219437229],[107.85386675871348,12.776948356767509],[107.85346240035658,12.77825775153642],[107.8533021829544,12.77956428608931],[107.85353869468341,12.780584717194609],[107.8541566757608,12.781755828737],[107.85559100170362,12.784839058087378],[107.85758990298481,12.788624192189857],[107.85864276049573,12.789985084644666],[107.86193865867135,12.793205642799155],[107.86264819243063,12.79423847301005],[107.863022032589,12.795359039929817],[107.86321276763883,12.796563531390268],[107.8632127681254,12.79786052803802],[107.86282366939542,12.799173737205093],[107.86254138133158,12.799605752030802],[107.86223620528456,12.800003434534402],[107.86145037787182,12.80045642901912],[107.85973376411167,12.800900841505904],[107.85901660077938,12.801215554466362],[107.85829943781398,12.801921273286613],[107.85697955262664,12.803848649984268],[107.8557054442431,12.806581880051846],[107.85471362209233,12.80746307514255],[107.85380572420881,12.80780353689883],[107.85272235024789,12.808647538608506],[107.85196704043825,12.809692766241664],[107.85098284867398,12.810640718113376],[107.84871691791328,12.81206073922931],[107.8479082027124,12.812300111140864],[107.84709185745166,12.812324907150142],[107.84587115419731,12.812143709641989],[107.84458941604338,12.811521913296561],[107.84349841203598,12.810737993076891],[107.84111041217413,12.808408167264702],[107.83982104371192,12.807296182947608],[107.8387987049804,12.806751634795566],[107.83675402794663,12.804719354922488],[107.83500689577441,12.803645517411905],[107.83044451748897,12.801659967303722],[107.82795733575959,12.80117645518346],[107.8262407214562,12.801123048479425],[107.82514971800458,12.801345255741305],[107.82403582668738,12.801859286203992],[107.82357806225501,12.800089265769978],[107.82337206933647,12.799675372358966],[107.82317370422116,12.799404527830184],[107.8229905989665,12.799229051642229],[107.82208270129652,12.79918613740912],[107.82186144825359,12.798959162126565],[107.82171648997854,12.798351671665973],[107.82178515527539,12.797397997949178],[107.82182330223607,12.79729690758165],[107.8223115834639,12.796645548819779],[107.82229632359926,12.796504404473072],[107.82215899493225,12.79645767527864],[107.82124346797485,12.796565440302599],[107.82093066203495,12.796512987764345],[107.82081622116989,12.79638424160375],[107.82063311556959,12.796037103788331],[107.82041949252849,12.795880701672083],[107.8200990579976,12.795723345214185],[107.81993121209818,12.795588877206503],[107.81983965863625,12.79544677972227],[107.81974047726965,12.795164492117422],[107.81976336510415,12.794823076747713],[107.81992358211298,12.794556047570087],[107.82023638704901,12.794470216809442],[107.82028216376115,12.794427302303134],[107.82029742273983,12.794294741229058],[107.8201677225532,12.79417171695302],[107.81948107702277,12.793997195320534],[107.81925982496651,12.79385605106511],[107.81918353088484,12.793730165582494],[107.81917590150907,12.79357281020415],[107.81941241260093,12.79308357464463],[107.81942767166674,12.792665865962496],[107.81935900668238,12.79246273258187],[107.81921404861268,12.792232896843052],[107.8189088730543,12.791906741082482],[107.81852740238394,12.791385081257255],[107.81840533235597,12.791151430507036],[107.81832903900877,12.790933038901988],[107.81827563301097,12.790580179562474],[107.81832903889679,12.789801982076604],[107.81822222676674,12.789596942065808],[107.81791705162325,12.789497759866661],[107.81752795168958,12.789534953054465],[107.8171007056658,12.789869693212532],[107.81690997095363,12.789944079251718],[107.81674975403898,12.789959337788455],[107.81564349182534,12.789636041510654],[107.81514758064509,12.789565469627162],[107.81461352332235,12.78963031966297],[107.81401843087905,12.789584544306486],[107.8131029031821,12.78937568891055],[107.81248492280848,12.789049532725729],[107.81234759343056,12.789059069282171],[107.81201952959769,12.789227869886043],[107.81190508859532,12.78932609846805],[107.81164568870376,12.789710429097553],[107.81150073037827,12.789808656830973],[107.81138628969343,12.78981151786996],[107.81105059530984,12.789673236419347],[107.81091326648296,12.789454843682574],[107.81085986175904,12.789178278796177],[107.81098193129917,12.788656619498797],[107.81100481949869,12.788377192160402],[107.81130236580587,12.78783932013873],[107.8113405127731,12.787498857812283],[107.81120318312006,12.787251857105431],[107.81092089619978,12.78710689803219],[107.81083697233076,12.786971475614346],[107.81091326640507,12.7867368719086],[107.81152361782078,12.785741235764208],[107.81158465347914,12.785356905541141],[107.81156939456454,12.785154727252687],[107.81150835902018,12.785049822846347],[107.81149041735516,12.7850411966066],[107.81146258365811,12.785001184729772],[107.81137257946625,12.784984544197968],[107.81130999531226,12.78495445501326],[107.81109637240633,12.784933473711545],[107.8092042822462,12.784947778605115],[107.80890673599258,12.785099414257115],[107.80836504953467,12.786054994648445],[107.8079835793127,12.786399272123084],[107.80760210947304,12.786558534857557],[107.80716723418661,12.786512758967259],[107.80700001324819,12.786359233064852],[107.80691348780398,12.786248532509196],[107.8067628762491,12.785965350102787],[107.80657976998906,12.784902956697643],[107.80673229719092,12.784710179647105],[107.80682609332753,12.7846234187807],[107.80695911938668,12.784560138882055],[107.80711455892624,12.784512074976785],[107.80747240925784,12.784512904079257],[107.8083269018713,12.78468837985816],[107.80853289522587,12.784675982274255],[107.808716000913,12.784615901019697],[107.8087846655969,12.784550097000908],[107.80879992446742,12.784422305231256],[107.8085176359487,12.783869173686247],[107.80815905498817,12.78343334507337],[107.8077546973969,12.783209231231607],[107.80745715128091,12.783152011285283],[107.80673235812321,12.783257868413628],[107.80615252436527,12.783257868238554],[107.80518359095989,12.782938388415308],[107.80448931568874,12.782135394148545],[107.80414599274057,12.781856920713132],[107.80394000028662,12.781479266398723],[107.80368823000315,12.780561831443384],[107.80313891308609,12.780113604164217],[107.80303210192316,12.779957202098934],[107.80288714271782,12.779893305274136],[107.80245226823199,12.779872325123122],[107.80233782700178,12.7799018887773],[107.8022004974893,12.77995243333559],[107.80130022906545,12.780603793365326],[107.80101794156842,12.780669596251684],[107.80088061309041,12.780599024512771],[107.80041521891341,12.780077364767862],[107.80008715457248,12.77990856405828],[107.79992693803246,12.779618647340527],[107.79986590304368,12.779577638755987],[107.79968279746622,12.779556657786642],[107.79941576867492,12.77960720317685],[107.7992631809605,12.779921915775397],[107.79900378075058,12.780060198392176],[107.79841631807145,12.780147936876725],[107.798072994867,12.780077364952797],[107.79791277789444,12.780112651664924],[107.79767626709955,12.780249026098332],[107.79757708441399,12.780258563572822],[107.79738634964279,12.780187991532092],[107.79735583126627,12.779912379371535],[107.79731768499512,12.77987709319669],[107.7972108737973,12.779880908273853],[107.7970353976465,12.779976275014253],[107.79685992174493,12.77997627523403],[107.79662340986478,12.779845622239284],[107.79645556357927,12.779646304725073],[107.79632586411421,12.779564288038832],[107.79627036126423,12.779558044513134],[107.79621142286192,12.77952995675745],[107.79613288438334,12.779542577953556],[107.796096981998,12.779538539559807],[107.79599779926019,12.779564288699525],[107.79582995226048,12.77966823831637],[107.79563158892368,12.779791262360806],[107.79553240653658,12.779983905641297],[107.79549426003248,12.78024998046861],[107.79550049181377,12.780284702199463],[107.79549425944347,12.780343440593168],[107.79554299700904,12.780571456834023],[107.79551714768124,12.780703929714347],[107.79542143266993,12.780729747585115],[107.795021237942,12.78067627224416],[107.79458636210438,12.780761149772747],[107.79439562677122,12.780889895414152],[107.79425829790713,12.78093090335453],[107.79350298781162,12.781009104827305],[107.7933885466933,12.780962374602023],[107.7932893644912,12.780621913722488],[107.79319018230979,12.780559924397672],[107.79232043133345,12.780491259350683],[107.79199236738289,12.780389216188736],[107.79177874463244,12.780244258791363],[107.79167956272344,12.780128863179197],[107.79161089721462,12.779678729115481],[107.79156512148536,12.779652980518769],[107.79119128083161,12.779745487012184],[107.79104632230246,12.77962055565934],[107.79097765791472,12.779617694341882],[107.79090899357973,12.77968921966205],[107.79093951050756,12.779858020460084],[107.79081744012299,12.779942897971116],[107.79063433563452,12.779944804325764],[107.79036730682755,12.779779818979986],[107.7902070897188,12.779798892401029],[107.78987139515523,12.779956248698788],[107.78976458421468,12.779944804325547],[107.7896882901662,12.779869464436162],[107.78970354910275,12.779703524944539],[107.7898103602322,12.779390719695522],[107.78981036048492,12.779129413039554],[107.78977221366709,12.779040721711459],[107.78973643580191,12.779030286511333],[107.78972643786014,12.77901688003332],[107.78966466693092,12.779009353594976],[107.78961199620278,12.778993991221197],[107.78852099241084,12.77887001356891],[107.78839129310148,12.778890994885677],[107.78828448125695,12.779007342361188],[107.78829211170147,12.779115107713524],[107.78848284585368,12.77914562575047],[107.788582028441,12.779204753911978],[107.7885896571737,12.779459384571641],[107.78853625163518,12.779621508908551],[107.78846758750483,12.779690174119352],[107.78840655140924,12.779738810361529],[107.78827685228028,12.779758837590768],[107.78817004030036,12.77972832062374],[107.78771990658218,12.779339221381928],[107.78764361269265,12.779311564695226],[107.78734606628642,12.779432682063396],[107.78725451364579,12.779430773552717],[107.7871553311387,12.77940884007418],[107.7869493371573,12.779257205709856],[107.78663653224096,12.779283908905034],[107.78636187448451,12.779234317651605],[107.78622454573785,12.779165652982936],[107.78623980359103,12.779051211897206],[107.78633135633378,12.778883365128095],[107.78625506214613,12.77881279271415],[107.78579729948817,12.77872886993285],[107.78554552962252,12.778751757763814],[107.78501147174705,12.778623965603435],[107.7841264615117,12.778579142934369],[107.78336352203517,12.77848854374915],[107.78319567548279,12.778548625532856],[107.78312701032013,12.778787043683483],[107.78304308743013,12.778808978773142],[107.78278368861965,12.778803256543625],[107.7823030363052,12.778710749889756],[107.78207415398947,12.778625872844694],[107.78190630690219,12.778487591140212],[107.78160113191416,12.777909663501159],[107.78136462061833,12.777772334763537],[107.78105181503496,12.777703670192924],[107.78090685715627,12.777553942984097],[107.78022021105548,12.777416613939161],[107.78000658841545,12.777435688169108],[107.77968615452352,12.77764072786336],[107.77788561632951,12.777610209829266],[107.77697771843815,12.777672198769855],[107.7768556484576,12.777740864189898],[107.77679461280549,12.777952579484229],[107.77664965414978,12.778021244502183],[107.77565020374458,12.77808037264034],[107.77486437635518,12.77856102371156],[107.77258318697137,12.779029278554734],[107.77211016513995,12.778985409547374],[107.77184313613414,12.778885273465853],[107.77094286691899,12.77873554662127],[107.7708284258614,12.778464702788417],[107.77037829185446,12.777691272167898],[107.77008074639016,12.77751675067684],[107.76972979445533,12.777504352796862],[107.76928728873948,12.777703670281651],[107.76793688614765,12.777865795268088],[107.76699084140232,12.777927784539193],[107.76644152523188,12.778015522301065],[107.76546496187937,12.778563884400508],[107.76470202331073,12.778751758704685],[107.76416796522204,12.778602031629664],[107.76198595763661,12.778602032244896],[107.76133745977997,12.778676418772328],[107.76077288433028,12.778926281966271],[107.75926989393173,12.779294399598175],[107.75848406581983,12.77928200225133],[107.75800341354774,12.779365926066681],[107.75706499863077,12.780014424279743],[107.75672167614931,12.780146985209793],[107.75515002097639,12.780194668930019],[107.75431841696782,12.779882817686339],[107.75373095260493,12.77997913867229],[107.75325030105282,12.78030338746893],[107.75262469125408,12.78027859230366],[107.75220507345043,12.78006306203979],[107.75172442303125,12.780026822596989],[107.75048846030903,12.780183224114618],[107.75026720736356,12.780123143094618],[107.75009173193821,12.780194669782958],[107.74994677354906,12.780447392083554],[107.74902361652757,12.780363469294583],[107.74813097802063,12.78038731128744],[107.74748247844782,12.780447392931743],[107.74718493277486,12.780783086822154],[107.74710863905403,12.781299977348185],[107.74306506002529,12.784420399870381],[107.7323762774913,12.782013326747947],[107.73178881417034,12.781935125237709],[107.73155230263842,12.781976133462258],[107.73060625731317,12.782464414676957],[107.72450274214201,12.785200507087351],[107.72316759801163,12.785529524788837],[107.71978777596271,12.785754591602487],[107.71701830672326,12.786468894339377],[107.71374529622044,12.786710174019353],[107.71186846502833,12.786560447040365],[107.70786303262845,12.786828429827858],[107.70594042480793,12.788002402734763],[107.70053881375829,12.788691909978496],[107.69475573306774,12.789214523556138],[107.68891924578116,12.78986969886774],[107.68660753881343,12.789062889430921],[107.68575304641557,12.789523514870481],[107.68461626678072,12.789751442786198],[107.68256395974271,12.790793809121864],[107.6823274489592,12.790702256209828],[107.68225878365452,12.790728958934197],[107.6822511545326,12.790858658869283],[107.68208330800682,12.79105320829011],[107.681785761963,12.791296394958813],[107.68174761457628,12.791804704463143],[107.6814348101869,12.792009743713429],[107.68119829890948,12.792042168705153],[107.68090838154887,12.7919181908247],[107.68061083464357,12.79169598478885],[107.68049639359631,12.791744621804831],[107.68023699523678,12.791961105965576],[107.68011492381946,12.791939171794226],[107.68002337204254,12.79186955416355],[107.6799394481272,12.791469010326516],[107.68000811269842,12.7910856333455],[107.68038195237406,12.790301712894667],[107.68037432341399,12.790236863118782],[107.68026751187006,12.790204438060602],[107.68006151876013,12.79022637309226],[107.6798402653698,12.790404710490922],[107.67955034864332,12.790550622313566],[107.6790239209063,12.791128549549368],[107.67858904557806,12.791339311229796],[107.67857378727525,12.791445168204142],[107.67882555712238,12.793280038324212],[107.67880266911662,12.793760689922136],[107.67852800961202,12.79400387696532],[107.67820757575704,12.794105920683485],[107.67792528802384,12.794063004676072],[107.67761248260487,12.793911370377522],[107.67723864315474,12.793614777965729],[107.67684191424964,12.79313031133772],[107.6767885075952,12.792904290653476],[107.67682665456728,12.792731675443893],[107.67646807347563,12.792204293095951],[107.67642992670112,12.792050752100101],[107.67626970989123,12.79205075218061],[107.67601794011861,12.792192848912272],[107.67550677008518,12.792679223164031],[107.67544573490797,12.793105515324948],[107.67552965822966,12.793379220719354],[107.66980761226566,12.796031388670187],[107.66544359905313,12.795967492827984],[107.66472643580275,12.796227845948682],[107.66373461412992,12.796809587669427],[107.66329210977878,12.797195826342152],[107.66293352770252,12.797379884724846],[107.66259783522439,12.797388468062271],[107.66194933606614,12.797274027551259],[107.66165178985352,12.797287378293124],[107.66130083743472,12.79746285417994],[107.66113299068638,12.797656450491717],[107.661033808662,12.798139010184933],[107.66108721483918,12.798498545655573],[107.65934771276271,12.798538599006216],[107.6547319284313,12.797899637088868],[107.64873522484002,12.796352778858049],[107.64630144779917,12.79621544865401],[107.6430055479858,12.795495425085196],[107.64145678128857,12.79587975598591],[107.64015978464364,12.796710406519598],[107.63830584160921,12.798287784472398],[107.63828295333464,12.7983497735172],[107.63845080072134,12.798691187808139],[107.6384202826317,12.79898015142749],[107.6379548892809,12.799427425011016],[107.63776415482519,12.79996148194193],[107.6377565251819,12.800359164464401],[107.63793963189188,12.80100384867847],[107.63733690821907,12.800829326543438],[107.63580340060848,12.801000987541713],[107.63562792445009,12.801143085357728],[107.63548296534714,12.801498805593116],[107.635429560132,12.801777278244952],[107.63575762428415,12.802424823819305],[107.63570421833022,12.80270997298748],[107.63523882533097,12.802866374558816],[107.63478106133378,12.803159152844263],[107.63468187908347,12.803615008845389],[107.63450640395858,12.80371419197419],[107.63297289523771,12.80332223034798],[107.62917345637804,12.802888309592426],[107.627815424148,12.802254115750847],[107.62662523836659,12.802005207049255],[107.62470263119256,12.80151311141573],[107.62382525102288,12.80080834610339],[107.62336748671792,12.800224696658958],[107.62131518033792,12.799683010388552],[107.62098711587157,12.799768841429366],[107.6199876650337,12.799675381316186],[107.61914843231105,12.799750721064832],[107.61869829761127,12.799901402526247],[107.61845415675023,12.800117886367513],[107.61837023425895,12.800113117124376],[107.61818712773798,12.800085461604544],[107.61769121695205,12.79983083026787],[107.61701220111537,12.799580967317292],[107.61658495530855,12.79957619917504],[107.61576098123906,12.799364483529589],[107.6129915101059,12.798945820108253],[107.61253374673761,12.798705494789354],[107.61219805276494,12.79845086307181],[107.61208361175517,12.79843274379469],[107.6120073190731,12.798357403829428],[107.61191576544499,12.79791013064087],[107.61171740169468,12.797551548847016],[107.61138933744346,12.797130024326197],[107.61080950359235,12.796846783691597],[107.6102983333836,12.79676381312621],[107.60800951520896,12.794892704584685],[107.60672777691903,12.796229756475283],[107.60555285022068,12.797086155399892],[107.6047670228014,12.797525799574915],[107.60410326525853,12.797768032770259],[107.60263842148566,12.797957814065475],[107.60221880453707,12.798218166808368],[107.60209673496793,12.798547185280018],[107.60202044025661,12.799301541878814],[107.60166948875771,12.799850858276157],[107.60153978825507,12.800320065821952],[107.60172289457007,12.800949491419642],[107.60160845327098,12.801274693689319],[107.60129564913065,12.801535047478264],[107.60112017295101,12.801738179331673],[107.60108965447736,12.802331364856679],[107.60077684998566,12.802543080852017],[107.60053270899355,12.802565015182168],[107.6001130916001,12.80229798589151],[107.59996813332569,12.802417195291811],[107.59964769890472,12.802484906461405],[107.59871691244167,12.802510656060788],[107.59882372476268,12.801436818270826],[107.59862535960069,12.801049626974487],[107.59811419040444,12.800990498911863],[107.59776323867267,12.800735868534465],[107.59760302207098,12.80047170055218],[107.59745043333155,12.800336278316637],[107.59679430530902,12.799926198024849],[107.59653490522535,12.799658216546366],[107.5963594292656,12.799554265161749],[107.59614580633743,12.799524701561877],[107.59586351949616,12.799605763848989],[107.59564226611269,12.799724973371346],[107.59529131492049,12.799717344513672],[107.5951158388841,12.799628652070641],[107.59493273305321,12.799142278691248],[107.59484118064904,12.79837552408614],[107.59463518666726,12.79816762366005],[107.59386461705512,12.797033703964797],[107.59347551858454,12.7965692648339],[107.59266680273878,12.795835889118685],[107.59001177273375,12.794724857938458],[107.5857469418322,12.795352376537597],[107.58288591886007,12.794989026307105],[107.57880419342682,12.795664228554747],[107.57695787861591,12.796754277599636],[107.5757753226281,12.797869123992134],[107.56600969748165,12.796870627246859],[107.56436937771046,12.796608366856585],[107.56282824006828,12.796504416279134],[107.56265276401544,12.796432890602206],[107.56220262975084,12.79602567159201],[107.5616838308487,12.795712866211877],[107.56121080865624,12.795507826190576],[107.56085222645905,12.79545632835795],[107.56043260946387,12.795238890951708],[107.55954760042651,12.796348013716107],[107.55926531286168,12.79674855675404],[107.55917375958207,12.796987930104825],[107.55912035450223,12.797562041948906],[107.55911272511061,12.798381248181824],[107.55894487869753,12.799579062572834],[107.55855577866083,12.801122107529514],[107.55737322329877,12.804304519544655],[107.55718248758411,12.80468122050245],[107.5569917542614,12.80478993946417],[107.55657213688868,12.804816642377064],[107.55617540803824,12.80468312799297],[107.55558031557234,12.803917327182951],[107.5551606990945,12.80368749241386],[107.55469530549477,12.803740897610114],[107.55429094748008,12.803984084376076],[107.5531541679733,12.805020728347623],[107.5526811457336,12.805634895571206],[107.55237597024384,12.806373039619578],[107.5523149346634,12.80701486189673],[107.55248278152938,12.808272758379971],[107.55281847477104,12.809124389937798],[107.55295580452268,12.809954086325522],[107.55261248121494,12.811796584853207],[107.55249041151477,12.812851348714288],[107.55268114627648,12.813508430496936],[107.55304735780103,12.814292350962587],[107.5540696957998,12.81563131017693],[107.5544893127977,12.816383759193501],[107.55464190097716,12.817052284907694],[107.55454271864993,12.817425171167951],[107.55433672471587,12.817693153797165],[107.55413836081357,12.817843833651093],[107.55324572134984,12.818026940145938],[107.55222338279842,12.818322578643961],[107.55185717175442,12.818467536756918],[107.5512391906136,12.818851867709238],[107.55086535020214,12.819275298705737],[107.55074327983532,12.819698730757764],[107.55070513244934,12.820016304224138],[107.55123919059874,12.822100083290845],[107.55136126120149,12.822777191362626],[107.55130022547678,12.823018470880076],[107.55117052633342,12.823227326649986],[107.55098742042627,12.823356071860852],[107.55049151017027,12.823451438995267],[107.5499345647871,12.82337896013781],[107.54942339437542,12.823165337469508],[107.54886644902828,12.822760025103163],[107.54770678062094,12.822080056656146],[107.5465700015673,12.821494500544144],[107.54613512599185,12.821449677113316],[107.54576891478959,12.821607033394763],[107.54544848058903,12.82199517984059],[107.54536455674035,12.822445313036186],[107.54537981586613,12.822771469505534],[107.54564684462271,12.823772827352094],[107.54563921511814,12.824070374467519],[107.54557818002006,12.824250618935565],[107.54528826241783,12.824582497127027],[107.54384630741234,12.825662057060404],[107.54340380275954,12.826229493657406],[107.54224413515516,12.828479211138724],[107.54186266460081,12.829474846806637],[107.54188555302254,12.83005945006536],[107.54245012863734,12.831499497713386],[107.54261034575998,12.832157532989777],[107.542602715841,12.832781236383036],[107.542411981824,12.833124559143933],[107.54165667213216,12.833789270392236],[107.5414888249014,12.834103029490407],[107.54132860783025,12.834537903713022],[107.54088610303506,12.834879320453455],[107.54006212826073,12.835237901251803],[107.53890246026265,12.835845392546101],[107.53746050467332,12.836240213542274],[107.5369951108408,12.836499612082243],[107.53640001890354,12.837042253370049],[107.53587359017898,12.837136667630467],[107.53510302247162,12.837726991253016],[107.53418749376637,12.838098924275362],[107.53372210149175,12.838328760542659],[107.5333635203572,12.838689248530647],[107.5329591623414,12.83892480662087],[107.53179186383748,12.839307229700552],[107.53154772406451,12.839335840653328],[107.53077715530209,12.839316767004686],[107.53016680350638,12.839389245886018],[107.5292360170232,12.83943120768167],[107.5284959657721,12.83934537728879],[107.52764147380974,12.839501779656525],[107.52700060470808,12.839755457192236],[107.52671068787433,12.840106408709518],[107.52667254130641,12.840312402658821],[107.52667254115538,12.840526026242738],[107.5267793516947,12.841123979891359],[107.52672594576059,12.841663759927673],[107.52653521210675,12.842158717022606],[107.52610033650389,12.842793863785884],[107.52588671312536,12.843175332735719],[107.52556627856096,12.845388812387249],[107.52542894964208,12.846090716226044],[107.52544420822747,12.847781580193343],[107.52539080258796,12.84824125172626],[107.5251924386882,12.848632258166688],[107.52421587647756,12.849385661638669],[107.5232316841121,12.850318354782647],[107.52299517348875,12.850589198798634],[107.52296465566889,12.850768488831593],[107.5231477609522,12.851244372826548],[107.52311724376119,12.851468486005594],[107.52246874470416,12.852253359469916],[107.52230852745247,12.852871341077648],[107.52209490451769,12.853163165727898],[107.52124804176371,12.853866976455565],[107.52085894292674,12.854459208833571],[107.5205461373011,12.854633730723593],[107.51979082778232,12.854866428072224],[107.51927202853383,12.854935091822677],[107.517334162459,12.855665607118736],[107.5158922069201,12.855967921823067],[107.51352709460217,12.856230181815574],[107.51271837860429,12.856353206566284],[107.51223009774056,12.856505794669335],[107.51187151556401,12.856707019534975],[107.51165026320068,12.85690919859097],[107.51150530467181,12.857200069174871],[107.51145952872963,12.857514781806502],[107.51156634097133,12.858684940148164],[107.51205462181453,12.86045114575662],[107.51279467255733,12.861863536617838],[107.51320665980865,12.862894458452148],[107.51329821270453,12.863334102458442],[107.51327532510432,12.86448614182289],[107.51302355485653,12.865468426056418],[107.51251238519325,12.866499347958388],[107.51203173375293,12.867782039550866],[107.51136797583729,12.869315547634644],[107.51104754180498,12.869651242012766],[107.51074999533509,12.869803830120327],[107.5104295610405,12.869862003810166],[107.51006335040562,12.869821949762892],[107.5087663532589,12.869548245284255],[107.50812548440115,12.869646473400628],[107.50757616704631,12.869553012683236],[107.50708788592199,12.869642658867921],[107.50630968848559,12.86992494567994],[107.5047838091427,12.870682164224748],[107.50388354004365,12.871332569926832],[107.50347918235398,12.871798916102607],[107.5030595664814,12.872560902369056],[107.50227373835735,12.87424223021805],[107.50203722759385,12.874614163634922],[107.5017473103595,12.874972744187772],[107.50131243465181,12.875372334252397],[107.50099962903961,12.875757618498566],[107.50032061372008,12.876251622606052],[107.49980944404079,12.876739903732236],[107.49900072850873,12.877190038154707],[107.49862688771111,12.877511426449805],[107.49855059348067,12.877650662657915],[107.49833697008016,12.879349156782393],[107.49819201230973,12.880860730518144],[107.4981462361198,12.881792471244838],[107.49752825571933,12.88620035334857],[107.49749773819468,12.887571737593142],[107.49754351374608,12.888504430229741],[107.49750536665128,12.889450474913325],[107.49709337994463,12.89071981645237],[107.49687975729361,12.891768858093052],[107.49685686872125,12.892432615838239],[107.49673479929152,12.892920896835037],[107.496437252338,12.893315717604315],[107.49591845316239,12.893463537555776],[107.49509447898353,12.893472120689625],[107.49376696405285,12.893382474446472],[107.49321764778836,12.893476888396192],[107.49267596068108,12.893687650656396],[107.4922410852846,12.894010946307551],[107.49193590862345,12.894319937210717],[107.49166125072612,12.894925521253459],[107.49149340374595,12.895624564160633],[107.49138659299331,12.896565840009352],[107.49143236944491,12.897866652189334],[107.4918290985932,12.898991987791177],[107.4922105682773,12.899772092655487],[107.49314135413566,12.900798247210968],[107.49608630012408,12.90251104547073],[107.49707812183618,12.90377561828083],[107.49727648704774,12.904143736256417],[107.49744433224669,12.904584333754768],[107.49744433285703,12.904911444203963],[107.49723071003743,12.90535013386682],[107.49711626856948,12.905524657317745],[107.49639147667538,12.906208441355641],[107.49597185953087,12.906692908116455],[107.49521655002235,12.90804712544326],[107.49504107402144,12.90822260252317],[107.49459856860577,12.909131453359178],[107.49476641536401,12.909299300483148],[107.49530047260085,12.910205290302173],[107.49588793685801,12.910716460111981],[107.49616259491644,12.910824224972716],[107.49644488244782,12.910872862062467],[107.4978334322347,12.910689757090486],[107.4987871067632,12.91079275406227],[107.49920672281931,12.910922454110654],[107.49967974553225,12.911294386912106],[107.50002306881736,12.911734030413733],[107.50153368898398,12.914804861878643],[107.50219744582697,12.915652677842012],[107.50223559279544,12.916056081967671],[107.5021287810849,12.916347907511934],[107.50193041752242,12.916500494918564],[107.50112933100205,12.916464254892814],[107.50086993160727,12.916486188959535],[107.4997560404857,12.916881011437965],[107.49715441606618,12.918459342287614],[107.49659747027388,12.918854163745197],[107.49619311288545,12.91922609617454],[107.49578112551603,12.91980402301568],[107.49492663342188,12.921342299319331],[107.49491137402498,12.92153494174315],[107.49498003923789,12.921821998162992],[107.49525469776354,12.922485755368946],[107.49536913883118,12.923050331218203],[107.49534625055158,12.923431800490143],[107.49521655077001,12.923682617200091],[107.49501055621015,12.9238218525038],[107.49472826955217,12.923893379110988],[107.49298113740682,12.923722670552095],[107.49265307320158,12.923821852529413],[107.49230212135828,12.924054549802916],[107.4921342757802,12.924230026008347],[107.49210375716603,12.924391196655176],[107.49232500914758,12.924955771920295],[107.49254626277838,12.926821158670508],[107.49298876791552,12.927820610338118],[107.49338549591285,12.928538725672588],[107.4940950297734,12.929215834946135],[107.4947206395559,12.929561064830425],[107.49540728543208,12.929740355669223],[107.4958192729311,12.929896759062537],[107.49607104293722,12.930210517886538],[107.49611681997276,12.930524275995486],[107.49593371381691,12.930793213262756],[107.49534625060471,12.931192801869193],[107.49527758566875,12.931322502396856],[107.49520129184627,12.931636261280667],[107.4950410748755,12.931744025929168],[107.49478930527633,12.931802199950445],[107.49419421149365,12.932067320805741],[107.49372118960389,12.932595657314707],[107.49356097195941,12.933026718324117],[107.49356860195493,12.93319265736743],[107.49369830205907,12.933407234251785],[107.49391192459316,12.93358652545904],[107.4940416235802,12.933797287000031],[107.49403399460898,12.934097694644503],[107.49353808406654,12.934685157710051],[107.49305743170156,12.935447143243856],[107.49321764993086,12.936721252574223],[107.4931337261767,12.937093185362583],[107.49279040448498,12.937491821608058],[107.49256915147262,12.937895225434438],[107.49133318915591,12.938626693301844],[107.49097460787272,12.938935684866594],[107.49072283812737,12.9395632022836],[107.49010485721577,12.940213607398237],[107.48955554006326,12.94055025620373],[107.48893755913072,12.940756249014498],[107.48860949533258,12.94102518442257],[107.48840350263985,12.941437172431085],[107.48813647310924,12.941836761932953],[107.48774737402756,12.942218232069918],[107.48728960994433,12.942424226266736],[107.4869844342689,12.942455697217502],[107.48609942499881,12.942289756879951],[107.4856111432179,12.9424194574087],[107.48512286188164,12.942638801743513],[107.48481768649275,12.942903923796738],[107.484565915906,12.943307327974049],[107.48438281117701,12.943926262792827],[107.48430651769405,12.94444124713525],[107.48444384621357,12.944920944768116],[107.48471087548337,12.94526236039234],[107.48497790412867,12.945495057167845],[107.48527545051166,12.945687699438203],[107.48535174428608,12.94590322960762],[107.48534411452145,12.946150230793508],[107.48527545004266,12.946284699023224],[107.48492449850265,12.946530747160304],[107.4844514751838,12.94724409662047],[107.48428362978603,12.947719025049995],[107.4842225943993,12.94802420140665],[107.48426074017051,12.948225426448312],[107.48440569950674,12.948512482196262],[107.48479479804865,12.948902534979709],[107.48529833813745,12.94908182675418],[107.4862214956714,12.949118065997961],[107.4873506454904,12.949297356591773],[107.48764819300912,12.949431824213528],[107.48777789118088,12.949651170060298],[107.48780078023316,12.949813293803059],[107.48770922717308,12.950207161872306],[107.48749560496137,12.95041601627455],[107.48702258127874,12.950637269133797],[107.48674792377804,12.951046395553051],[107.48643511904368,12.951894212477892],[107.48614520185582,12.952351022629449],[107.48584002575235,12.952651429214528],[107.4852296749096,12.95306341635051],[107.4850389400218,12.953332352750682],[107.485016051337,12.953566003155354],[107.4850770866735,12.953771996537084],[107.48523730335612,12.954018044077474],[107.48541277991384,12.954108643224439],[107.48582476688443,12.954188752917874],[107.48670977647237,12.954724717906933],[107.48686999408622,12.954908776108802],[107.48700732369691,12.955295968072942],[107.48706835920432,12.955825257432217],[107.48699969394418,12.956031251174888],[107.48627490151476,12.956659722604817],[107.48610705511051,12.956932473352037],[107.48581713765448,12.957801270929927],[107.48609942582581,12.958533692705844],[107.48619097800403,12.960044312389106],[107.48627490197403,12.960559296568984],[107.48655718926929,12.961303162541762],[107.4869996939377,12.961974549816953],[107.48814410355132,12.96295874210437],[107.48947161873541,12.963909554541114],[107.48979968196177,12.964218545996646],[107.48993701140812,12.964563775989033],[107.48995227004161,12.965012003125178],[107.48978442362227,12.965487885320158],[107.48919696071532,12.966128754815957],[107.48722857686089,12.96765749471141],[107.48694628857992,12.968087602025841],[107.4868089593504,12.96843760101936],[107.48687762484698,12.968966890187748],[107.48722094767459,12.969800400880736],[107.48816699199921,12.970849442968895],[107.4888383783469,12.971302438830413],[107.48988360583722,12.971823144581808],[107.49173754830285,12.972468782256493],[107.49449176085005,12.97366564320354],[107.49507159450243,12.973728586060787],[107.49661273164352,12.97367899467626],[107.49727648980596,12.973499704002961],[107.49769610569336,12.97316782443748],[107.49878710950588,12.97287218611238],[107.50048083489283,12.9728130589714],[107.50164050292776,12.97303335692084],[107.50331134095907,12.973652291442745],[107.50375384609195,12.974077630901078],[107.50411242710986,12.974580216600915],[107.5042726440903,12.974934029295657],[107.50436419740308,12.975333619719462],[107.50433367956023,12.975723672576251],[107.50379962242269,12.976982522183143],[107.50337237657557,12.977367807087354],[107.50267047106658,12.977795052634962],[107.50152606215241,12.978302407844039],[107.50082415779903,12.978675294426981],[107.50028247118652,12.978878426413603],[107.50010699545079,12.979060578534593],[107.49980181942006,12.979583192625611],[107.49949664337039,12.980296541200737],[107.49888629244876,12.981027055688829],[107.49841326942399,12.98138468303233],[107.49815387073704,12.98164694444498],[107.49777240043183,12.982240128718953],[107.4976427003836,12.98269598638739],[107.49751300118994,12.983380724401593],[107.49734515419543,12.983935762553445],[107.49707812500884,12.98451559586808],[107.4966203625543,12.985708643320681],[107.4964296272849,12.986882616091846],[107.49635333369469,12.987923075777646],[107.49648303338661,12.988487650562442],[107.4970704967653,12.989823747333796],[107.49781054741884,12.991187502694888],[107.49804705851693,12.992002893127665],[107.49864978244744,12.996074129665125],[107.49868792888869,12.996529985591385],[107.49864978189493,12.997142244337855],[107.49858111692726,12.997510363069093],[107.49834460578899,12.997970987919942],[107.49740619027445,12.998442103033723],[107.49607104620505,12.998994280641455],[107.49480456744703,12.999634195970927],[107.49365252848303,12.999975611550953],[107.49215716662029,13.000297952933657],[107.49178332569832,13.00050871488762],[107.49145526339728,13.000893999798944],[107.49124163934151,13.001714160427987],[107.49098986930775,13.002988269383215],[107.49090594579685,13.004141261216759],[107.4910966808828,13.00569956553914],[107.49128741606798,13.00677721730435],[107.49161548013255,13.007713725381516],[107.49298877134612,13.010681559220863],[107.493049806366,13.01143496213745],[107.49279803691918,13.012143542426791],[107.49208087352561,13.01339857902586],[107.49175281012823,13.014089038473205],[107.49148578050152,13.015443255468142],[107.49109668203354,13.016671588653299],[107.49127215775111,13.018631389270187],[107.49143237482743,13.02119486566039],[107.49163074016107,13.021338870878488],[107.49211902137927,13.021285465212133],[107.49261493107198,13.021280697254191],[107.49321765399264,13.022001675271992],[107.4940111111744,13.022720744738214],[107.4940568869818,13.025020054196977],[107.49052447764225,13.031880787064349],[107.4903490019179,13.033753803959627],[107.51251239515916,13.086131505781955],[107.51941699800473,13.08384268750036],[107.5482942575748,13.08888762319362],[107.55801410596344,13.088600566597986],[107.56404895658527,13.086613107966903],[107.57501239682058,13.084970881238048],[107.57701892788101,13.08374445542231],[107.58019275530333,13.083047319310182],[107.58176441128236,13.08140699898444],[107.5861284251243,13.08091967262825],[107.58689899417847,13.080203462313632],[107.59004230449905,13.08024923942983],[107.60031909857003,13.077928948371454],[107.60571308142582,13.07757227386262],[107.61376209162705,13.075782226414482],[107.61907215130063,13.073997902181906],[107.62625141126586,13.073786185852512],[107.63504810335218,13.075115608186945],[107.63706226386903,13.073143408859734],[107.64199085233984,13.071866439771522],[107.64455432927129,13.071649001586913],[107.64717121147774,13.071738645727066],[107.65053577429443,13.070573255758058],[107.65448017183301,13.06992666440156],[107.6641847620018,13.06951658463502],[107.67826099479663,13.071483059840633],[107.67941303331379,13.071154042263894],[107.68574543106027,13.071037694655292],[107.68587513049579,13.070640965335238],[107.68611164236573,13.07031099425703],[107.68659229318406,13.069815082867777],[107.68676776991477,13.069219990622216],[107.68696613383864,13.068905278354434],[107.68750019121845,13.068546695921324],[107.68852252994438,13.06806222980389],[107.71847553276433,13.043534678094485],[107.72081775614568,13.040122430642633],[107.72098560327068,13.039798181161565],[107.72102375021812,13.038763444844406],[107.72108478510809,13.038520257018922],[107.72340412184843,13.035995880782107],[107.72422809674407,13.03500215293518],[107.72446460692501,13.034562509517215],[107.72466297175862,13.033795754923528],[107.72479267087043,13.032811562816052],[107.72483081780597,13.032069604284313],[107.7249376288275,13.031864564089698],[107.72832508156282,13.028797547767212],[107.7285234451831,13.028580109751978],[107.7285844804853,13.028426567833392],[107.72866077377313,13.02766076788008],[107.72888965635487,13.027049462479512],[107.72912616746862,13.026650826220013],[107.72946185969394,13.02629892081996],[107.7307970039115,13.0254291696729],[107.7326433181107,13.023746888559794],[107.73301715762439,13.02332250188056],[107.73359699171,13.02244988982574],[107.7338487618903,13.022250573039422],[107.73420734439645,13.022088448204972],[107.73499317054045,13.021889130103359],[107.73543567580174,13.021677414324905],[107.73651142083128,13.020915428067212],[107.73691577897777,13.020809571172444],[107.73846454557838,13.020884911253011],[107.74247760662539,13.018824973669151],[107.74946613239682,13.012077727632358],[107.75364704102992,13.008625427159963],[107.75444812665737,13.008138098963826],[107.75500507301587,13.007899679692306],[107.7556383127422,13.007744230784303],[107.75569171905839,13.007682242598838],[107.75569171877902,13.007526793552323],[107.75540180134851,13.00725785777553],[107.7553483956849,13.007091917996219],[107.75598163584303,13.006034292770144],[107.75653095135155,13.005391516152073],[107.75678272161294,13.005195059354172],[107.75768299103889,13.005008139824833],[107.75806445975734,13.004645742944076],[107.75829334128095,13.00428334646502],[107.75922412803104,13.004023947686026],[107.7600328432872,13.003453650560914],[107.76034564875499,13.003391661138297],[107.76129932340302,13.003464140023103],[107.7659990304094,12.997226156077007],[107.76634235268695,12.995183385177214],[107.76818866673536,12.993937886278458],[107.76933307553092,12.991709150374719],[107.78149433040973,12.994624531689173],[107.78806323975748,12.996466076334395],[107.79312152809037,12.998731053591015],[107.7956926343357,12.99935857018538],[107.80317706991826,13.00046578615045],[107.81026477823511,13.000738536979412],[107.81072254132603,13.000671779658745],[107.81127948743618,13.000527774944858],[107.81190509865003,13.000269328408175],[107.81224079182363,13.000231181648173],[107.81286640194433,13.000504887001403],[107.81514759033344,12.99989072003086],[107.81873340687407,12.99780312677232],[107.82187671665054,12.996714029833976],[107.82949085294216,12.996465120499032],[107.83463306428673,12.99551049233253],[107.83567066311976,12.99513665246325],[107.83655567165302,12.994953547376612],[107.83774585763338,12.995381746844542],[107.83989734710693,12.996549044611934],[107.8427736292433,12.998676691183029],[107.84423847278377,12.99888173130401],[107.84601612226476,12.998822603377986],[107.84605426878235,12.997417841496892],[107.84597797495607,12.996527108769207],[107.84586353426921,12.996263894773296],[107.84538288166348,12.995511446205574],[107.84542102866915,12.995109949134147],[107.84564991085846,12.994783793416651],[107.84732837664552,12.993542109314935],[107.8499147421503,12.991722497913642],[107.85133380944208,12.990229997762919],[107.85237140690805,12.989427003157342],[107.85275287636716,12.988950166526227],[107.85338611712409,12.987028512632364],[107.853431892267,12.986652764263065],[107.85298175908967,12.985418710157042],[107.85311145738413,12.985195550525518],[107.85364551602706,12.984766397008794],[107.8548433306845,12.98432770647834],[107.85629291573234,12.983514222486534],[107.85761280063205,12.983344467710046],[107.85846729289025,12.983442696878141],[107.85874958055727,12.983514222099096],[107.86050434157205,12.98427430076511],[107.86108417597907,12.984382066179577],[107.8636934290974,12.984367760443218],[107.86766834257506,12.983785065204252],[107.86798114828805,12.983835609876346],[107.86874408798717,12.984366806677096],[107.86927051570937,12.984533699807587],[107.86983509096187,12.984546097193725],[107.87122364112457,12.984326752456342],[107.87223072068547,12.984025391818925],[107.87455005658784,12.983924301591426],[107.87531299686705,12.983734519914956],[107.87578601944568,12.983484657307194],[107.87648029412516,12.982873352528703],[107.87909717627106,12.979481132166446],[107.88016529082908,12.977666289918588],[107.8812105190186,12.976206214993763],[107.88170642902965,12.975426108341656],[107.88243122180725,12.974691779934014],[107.88276691460315,12.974075705586909],[107.8831560132459,12.972986609778747],[107.88349170751702,12.972763450428246],[107.8842699053838,12.972471625458061],[107.88497943886777,12.972425849013723],[107.8851167683943,12.97229519529122],[107.88552875611359,12.971611411481604],[107.885780525302,12.971480758461448],[107.88629169459671,12.971399694919882],[107.8870241166183,12.970965773346999],[107.88711566943921,12.970796973323187],[107.89262409223342,12.967802435489917],[107.90184040076295,12.964386373388786],[107.90390033805089,12.964016348569738],[107.90559406313066,12.963592916341122],[107.9107057576411,12.961981207027968],[107.914947700521,12.961450009455328],[107.91680927245753,12.96148052716263],[107.91847248075236,12.961635976207797],[107.92420215703062,12.961945920493049],[107.92565937089417,12.962396054565042],[107.92507190790425,12.962889104571198],[107.92427082065919,12.963348775510061],[107.92298908314761,12.964166074711295],[107.92276783069369,12.964473157283887],[107.92241687774002,12.965087323053284],[107.92203540940513,12.965617566563433],[107.92182941466183,12.965467839799734],[107.9214860925306,12.965419202840996],[107.92102069871713,12.965426831372683],[107.9202959070045,12.965604214545102],[107.92003650711123,12.965771107797769],[107.9199449551901,12.96588268712025],[107.92002124915912,12.966160207715347],[107.919784737367,12.966180234702238],[107.9194490445263,12.96593800048154],[107.91936512091509,12.966064839822437],[107.91935749138025,12.96626129650554],[107.91931171539746,12.96632710092173],[107.91905231540753,12.96640816237114],[107.9189226159229,12.966645627276673],[107.9184648523293,12.966887860792589],[107.91815967620207,12.966993718735223],[107.91798419966965,12.966948895986501],[107.91782398290884,12.966766743807224],[107.91768665414813,12.96676674413032],[107.917610360516,12.966857343917626],[107.91764850753162,12.967292219147664],[107.91761036010357,12.967382817366904],[107.91738910757168,12.967459112070616],[107.91724414957781,12.967670827819292],[107.91720600227553,12.96799984455242],[107.91709156104228,12.968136221140167],[107.91651935606502,12.968140989122775],[107.9157869351894,12.967828184234676],[107.91543598228871,12.967782408227057],[107.91481037220692,12.967822461695034],[107.91450519586697,12.968004614096527],[107.91436023789872,12.96823254232366],[107.91391773316994,12.96860066008781],[107.91368885137118,12.96905556311869],[107.91353626276049,12.969268231614507],[107.9134141933322,12.969288259206262],[107.9125749591227,12.969126135066348],[107.91241474190763,12.969182402021747],[107.91231556027653,12.96953049340284],[107.91231556042571,12.969758421184483],[107.91223926634807,12.969960600475327],[107.91203327248274,12.970015913396706],[107.91183490840257,12.969954877953665],[107.910774421967,12.969030766678314],[107.91062946397548,12.968969731981003],[107.91056842943851,12.968989759090126],[107.91048450507517,12.969141394407083],[107.9105150233875,12.969424634902103],[107.9104539880677,12.969642073342083],[107.9099580769838,12.970803647969063],[107.90985889516003,12.97095528251504],[107.90885944431395,12.971352011086415],[107.90887470341157,12.971514135619081],[107.9097597133963,12.97349968498206],[107.9097673424055,12.973737150371146],[107.90943164882096,12.97429791150301],[107.90919513790477,12.975060850737638],[107.90909595636018,12.975722700480139],[107.90911884388926,12.975854307172666],[107.90903492003817,12.975909620394578],[107.90885944410702,12.975864797607885],[107.90841693918843,12.975465208113429],[107.90810413426122,12.97527351941875],[107.90798206468952,12.97525349258036],[107.90787525235416,12.975298315098351],[107.90785999401484,12.975389868156725],[107.9078981409972,12.97550049471789],[107.90809650557446,12.97585907507881],[107.90812702275457,12.976122290741396],[107.90807361731638,12.976188093923078],[107.90778370034651,12.976253897549682],[107.90757770592623,12.976344496460413],[107.9075319301485,12.97654190661493],[107.90753955973162,12.976733595850524],[107.90762348238727,12.976915747885982],[107.90762348201794,12.977173239826875],[107.9077684416372,12.977379232541814],[107.90782947606729,12.977324873872595],[107.90793628841871,12.977306753729971],[107.90886707407446,12.977240949813243],[107.9093172084605,12.97700729915568],[107.9097826016665,12.977031141897562],[107.91044635800627,12.976478964449983],[107.9106065764163,12.975968748349043],[107.91074390559834,12.975860983632957],[107.91132373962213,12.975710302212068],[107.91159076852031,12.97571030241523],[107.91201038466325,12.975188642415747],[107.91229267211669,12.975044638098899],[107.91242237251575,12.97489777189973],[107.91296405951357,12.974633604186195],[107.91315479348414,12.974699407536226],[107.91339893427264,12.974879652629367],[107.91371936932035,12.974939732940177],[107.91414661558692,12.97485581051663],[107.91450519616907,12.974921614467359],[107.91499347831403,12.975059896386155],[107.91538257702162,12.975575833852012],[107.91563434725595,12.97560539849984],[107.91584034068948,12.975683599385214],[107.9163515102157,12.975671201700775],[107.91645832170816,12.975798039920491],[107.9166414276914,12.976445585418675],[107.91682453213005,12.976680188886556],[107.91680927392902,12.976913838872798],[107.9167024628607,12.977154165553056],[107.91671772179127,12.977369696144843],[107.91727466640559,12.977658659071153],[107.91743488428841,12.9778198303885],[107.91753406690079,12.978132635078355],[107.91770954291938,12.978342442735272],[107.9178621309945,12.97839680295956],[107.91821308260982,12.978396803524348],[107.91891498633684,12.978594213446362],[107.91954059752658,12.978630453280893],[107.91976947960693,12.978269964453096],[107.92015094860828,12.97800007402196],[107.92095966501859,12.977993399457947],[107.9214555755581,12.978204161004603],[107.92213459134521,12.978319554908504],[107.92279834854078,12.97825089069286],[107.92314930107814,12.978135495924144],[107.92361469365088,12.978397756109628],[107.92410297550241,12.978788762824916],[107.9246675507801,12.979316144707845],[107.92523212597531,12.979749112829209],[107.92623920633947,12.980628400729161],[107.92689533411348,12.980924039780549],[107.92841358428065,12.981712727711406],[107.9308092128881,12.982721715489863],[107.93141193629258,12.982934384894483],[107.93285389125923,12.983619122516187],[107.93473072257103,12.983566670308138],[107.93571491427181,12.983597188406664],[107.93691272908889,12.983699231214999],[107.93846912574347,12.984288602666345],[107.94124622559495,12.98544922312081],[107.9450151467688,12.986892133714207],[107.94711323066572,12.987873463652601],[107.94872303326403,12.990250974676439],[107.94905872626315,12.99090614809793],[107.95050831101946,12.993263631151242],[107.95121784526938,12.994513898299823],[107.95320148713303,12.997694402134501],[107.95452137311783,12.99958649165138],[107.95583362873387,13.001800923362046],[107.95977039723047,13.007506757587391],[107.96324177187964,13.00966110745642],[107.96364612918634,13.010708241282511],[107.9637529412357,13.010588078507894],[107.96377582918234,13.010385899425566],[107.96371479393903,13.010105519039044],[107.96349354190062,13.00952377852988],[107.96327228911899,13.009230046012402],[107.96282978386681,13.008859067085114],[107.96260090196597,13.008715062834266],[107.96251697913124,13.00850239385583],[107.96252460804314,13.008395581321569],[107.96262379095216,13.008187680782484],[107.96295948387376,13.00789299502741],[107.96311970072163,13.007341771062718],[107.96330280713777,13.007210164112328],[107.96352405898364,13.007180600308406],[107.96379108799619,13.00720444267275],[107.96414966914008,13.007331281401365],[107.96427936890014,13.007321744072796],[107.96437855069917,13.007259755202487],[107.9647447620481,13.006787686595771],[107.96499653152568,13.006251721267219],[107.9652940785479,13.005391506816759],[107.96556110716925,13.004787831106555],[107.96566029005808,13.004609494306319],[107.96598835379919,13.00426998603862],[107.96602650109288,13.004092603074618],[107.96602650105143,13.00396385735031],[107.96590443019223,13.003684430504197],[107.96553058984712,13.003363995340473],[107.96509571417009,13.002824215935235],[107.96508808468596,13.002750782998795],[107.96522541408764,13.002444653339467],[107.96530933675673,13.002347379043663],[107.96537800206805,13.00199165840597],[107.96540851936257,13.001382259783067],[107.96563740073347,13.001114278442683],[107.9656755473972,13.000957874969922],[107.96562977214991,13.000864415181404],[107.96527881944147,13.00055542372668],[107.96520252538316,13.000423816621241],[107.96517963785787,13.000113873392579],[107.96504230880525,12.999587445154532],[107.96456165633028,12.999025731341318],[107.96452350969398,12.99887886451889],[107.96460743267254,12.998584179733696],[107.9649278676894,12.997838406127487],[107.96517200784677,12.997061161443781],[107.96521015408639,12.996281056069282],[107.96533222515384,12.996144681243083],[107.9657747300219,12.995949178051161],[107.96627064028053,12.99537792654172],[107.96642322813943,12.995038418336598],[107.9668199569837,12.99480572163842],[107.9672090561085,12.994656948560221],[107.96736927367677,12.994550136907979],[107.96759815566239,12.994236377520222],[107.9677812599874,12.993789104920566],[107.96776600148802,12.993398098212364],[107.96787281345573,12.992882160938395],[107.96792621917609,12.9922498741608],[107.96783466632372,12.991841701354787],[107.96736927312472,12.991238025772768],[107.9672243141155,12.990856556414712],[107.96721668491752,12.990737346936092],[107.96727009140804,12.990598110474792],[107.96767444915902,12.990045933294406],[107.96765919026325,12.989891437530423],[107.9660722758957,12.989180950121423],[107.96562977141946,12.988807110568567],[107.96554584806441,12.988656429666916],[107.96541614825912,12.988025097676339],[107.96536274167259,12.987122921476615],[107.96521778405412,12.98630943739902],[107.96521015430783,12.985634235346405],[107.9652635600893,12.985412029066199],[107.96537800071867,12.98531666258997],[107.9654924423445,12.9853242917223],[107.96602650037872,12.985768703449782],[107.96614856993945,12.98577728623118],[107.96626301080114,12.985705761684837],[107.96678943890136,12.984259990004043],[107.96694202678607,12.983520892810624],[107.96685047381638,12.982961086354416],[107.9669191390812,12.982711223533613],[107.96710987371739,12.982452777959214],[107.96807880711789,12.982492832402622],[107.96817035874759,12.982405094372472],[107.96817798896653,12.982262043379265],[107.96801014219442,12.98137321812111],[107.96801777142987,12.980883983456119],[107.96788044172631,12.980138210376152],[107.96791095955115,12.97995128967651],[107.96809406459188,12.979716686135852],[107.96836872344706,12.979419139908135],[107.96871204588925,12.97929230107811],[107.96904011006862,12.979244617011757],[107.96927662174161,12.979121592686491],[107.96981067894139,12.978501704824518],[107.97016926086667,12.97819938983811],[107.97023029548834,12.977814106131257],[107.97036565164845,12.977801215214495],[107.97039051244616,12.977798846515118],[107.9704339923478,12.977818300971665],[107.97164173369444,12.97835865422359],[107.9718629861524,12.97838726369229],[107.9720003146022,12.97831383073257],[107.97222919629364,12.977934269108824],[107.97232837893517,12.9776014352794],[107.97225971446747,12.977166561082484],[107.97204609161973,12.976622013035428],[107.97178669127679,12.976119426115119],[107.97125263441987,12.975448992884075],[107.97092457063974,12.975265887434732],[107.97006244824931,12.975160983834884],[107.96945972673574,12.974927333793424],[107.96913166247171,12.974927333890662],[107.96875782214654,12.974773791862589],[107.96818561705712,12.974394229927753],[107.96780414723726,12.974034693365311],[107.96771259562318,12.973868755101279],[107.96781177788505,12.973485377524078],[107.96806354770648,12.973084835160765],[107.96864338169256,12.972709086698734],[107.96950550202612,12.971954730759238],[107.96990223106931,12.971308139780632],[107.96990223131557,12.971150782826582],[107.9698640843315,12.971025851564985],[107.96969623703802,12.97087612416762],[107.96919269738709,12.970698741419914],[107.96887226332544,12.970637706331642],[107.9684373871124,12.970355419039482],[107.96797199439455,12.970310595305849],[107.96789569993199,12.970270541701462],[107.96772022453088,12.969195750205762],[107.96684284435898,12.967479136538863],[107.96675129156529,12.967104342265921],[107.96676655002491,12.966598895558507],[107.9666597384931,12.966264155654018],[107.96655292680862,12.966061976681369],[107.96627063942046,12.965767291530065],[107.96627826892141,12.96564617471672],[107.96648426195121,12.965262797646151],[107.96571369272837,12.963089373217905],[107.96537799962681,12.96249809551191],[107.96452350802836,12.961472895020993],[107.96298999977633,12.960130122655922],[107.96180744266415,12.959361460559533],[107.96067829305103,12.95904007216893],[107.95957203039389,12.95859661422723],[107.95848102683073,12.957884219406719],[107.95709247725097,12.956141856140714],[107.95708484717623,12.955638316303789],[107.95736713560447,12.95538273113526],[107.95807666828026,12.955015567615096],[107.95644397807008,12.952361491690473],[107.95580310911058,12.951203730501224],[107.9552232751271,12.950574305369726],[107.95438404094146,12.950022127939004],[107.95288105087576,12.949647334728642],[107.95238513992189,12.949400332329649],[107.95196552318711,12.949038890739574],[107.95156116587943,12.948563006562413],[107.95129413669856,12.948166278239157],[107.95078296709254,12.94712105133254],[107.950531196706,12.945983317492054],[107.95021076236448,12.945001032903575],[107.94958515189158,12.943761256135296],[107.94949359972908,12.943395044907604],[107.94796009045749,12.940071490308663],[107.94733448013874,12.938983347771615],[107.94611377688109,12.93737640609558],[107.94562549585473,12.936626817872538],[107.94522876746407,12.935758975144607],[107.94430560972837,12.934384730103956],[107.94396991725637,12.933817294333634],[107.94338681462078,12.933080236122356],[107.94251270294151,12.93212261523503],[107.94041461922902,12.93016662917947],[107.94004077920071,12.929917720207094],[107.93956775594327,12.929670718027984],[107.93867511711623,12.929322627622335],[107.93810291245953,12.929198649561124],[107.93750019001638,12.929139521644094],[107.93698902068073,12.929112818008448],[107.9365541447892,12.929158595147662],[107.93634815144043,12.928769495961564],[107.93592090586324,12.92769089048318],[107.93569202400826,12.927214053133403],[107.9349290835217,12.926300433250713],[107.93442554321153,12.92550793054076],[107.93384570939315,12.924405482400772],[107.93352527573218,12.924066928144581],[107.93271655972731,12.923472789025393],[107.93257923038598,12.92330398820399],[107.93235797745116,12.922450450352255],[107.93221301934442,12.922068979915798],[107.93157977915259,12.92061748821207],[107.93141956194538,12.9203666715003],[107.93117542157836,12.919994738517824],[107.93084735693873,12.919591333812493],[107.92949695534242,12.918400195196135],[107.92932910767944,12.917188074661462],[107.92923755534933,12.916952517001226],[107.9282609924195,12.915211108508668],[107.92800159246347,12.914676097014908],[107.92776508208881,12.914051439762835],[107.92735309504863,12.91333141577679],[107.92644519661516,12.911972430064969],[107.92612476152257,12.911584283901426],[107.924209783158,12.909573938575727],[107.92420215406428,12.90913334163565],[107.92469806409534,12.906869319311562],[107.92524738087675,12.903744128136456],[107.92539996952753,12.903351213868131],[107.92559833317576,12.902207759062199],[107.92567462677957,12.901930238221121],[107.92589587943075,12.90156307443484],[107.92601032015611,12.901167299373299],[107.92633838391271,12.900738145511106],[107.92623157290579,12.895640756729934],[107.9260484662571,12.880650902350927],[107.92609424268723,12.878734971504947],[107.92604083727053,12.877716446872046],[107.92617816610756,12.877396967001216],[107.92633838270906,12.877272988347695],[107.9265443773444,12.876982117291101],[107.92666644658271,12.87687149186074],[107.92684955332447,12.876431847936223],[107.92716235809158,12.876323128692345],[107.92771167443618,12.876267815036911],[107.92884082473176,12.876488114459885],[107.92926807067289,12.876368905173862],[107.9295808760097,12.876336480419639],[107.93058032678054,12.875949288025206],[107.93148059493717,12.875718499308462],[107.9321367234388,12.875482940892336],[107.9325792283446,12.875461959866321],[107.93295306826708,12.875479127052262],[107.93317416209801,12.875527268486948],[107.93326587300713,12.875482941353807],[107.93342609132547,12.875187301973453],[107.9336473429896,12.873825455153108],[107.93380755962953,12.873358155089463],[107.93397540664795,12.873172188086716],[107.93421954817126,12.8724264151927],[107.93418902995691,12.870441819336593],[107.93325061407803,12.862409019573231],[107.93162555339298,12.857551002125204],[107.93027514956356,12.854140663284086],[107.92987842059175,12.852476501464064],[107.92768878496963,12.845980072354818],[107.92503375545465,12.840932273143705],[107.92157763887724,12.83839168497299],[107.92294330050233,12.835291290310714],[107.92347735807488,12.83383216827045],[107.92469043225583,12.831699752186974],[107.92462176695533,12.831418417332776],[107.9208833638877,12.829742813251729],[107.92057055867318,12.8294481268293],[107.9168626721663,12.822018050700004],[107.9171907359595,12.821604155638742],[107.91728991793131,12.821535491695816],[107.9174272467613,12.82151927887164],[107.91757220648046,12.821590804455147],[107.91767138833295,12.821702384941622],[107.91789264046977,12.82244720358657],[107.91808337524881,12.822683714617462],[107.91851062137451,12.823048018720758],[107.91882342708944,12.823284529525328],[107.91914386164532,12.823438071305265],[107.91944140875556,12.823451422630015],[107.91967028953572,12.823369406378527],[107.9198305070601,12.823234938172407],[107.92075366352094,12.82144966037291],[107.92098254522244,12.821331404196293],[107.92135638592731,12.821269415075081],[107.9219743675841,12.820898436104317],[107.92215747251328,12.820866011193148],[107.9223863546148,12.820891760753973],[107.92264575327874,12.821039580750233],[107.9230043355804,12.821440123251246],[107.92378253357252,12.82197799505725],[107.92438525510111,12.822535895034113],[107.92460650825441,12.822795294613517],[107.92477435484611,12.822870634988588],[107.9249574600609,12.822880171062874],[107.92515582428207,12.822752379726237],[107.92537707650922,12.822476766954406],[107.92556781152696,12.822102927153537],[107.92577380498388,12.821830176001566],[107.92616290398556,12.821508787838656],[107.92624682731346,12.821390531821892],[107.92639941506857,12.820291898859178],[107.92664355649548,12.819766425369922],[107.92679614434199,12.819618604728955],[107.92697162048874,12.819549941233415],[107.92739886641318,12.819497489370908],[107.9285814222214,12.819559477266878],[107.92891711669937,12.819507025199737],[107.92902392774477,12.819559477312938],[107.9295198384125,12.82027568703561],[107.929786867007,12.820580862667272],[107.93009204272762,12.82072772788855],[107.93032092458881,12.820727728367148],[107.93096179327195,12.820481679687674],[107.93116015807347,12.820445440720237],[107.93157214514504,12.82055702137547],[107.93188495038954,12.820593259684593],[107.93222064323287,12.82056369594817],[107.93377704043547,12.820134542937314],[107.93468493829525,12.819980047694507],[107.93534869530046,12.820009611585624],[107.93622607672462,12.819779775894865],[107.93677539236289,12.819720647839937],[107.93687457419583,12.819658659079316],[107.93695849723973,12.819501302411354],[107.93720263805308,12.818352125339851],[107.93737811457453,12.818060300695127],[107.9374772962492,12.81796874841945],[107.93783587814562,12.8177980403512],[107.93789691379156,12.817716024615914],[107.93784350742338,12.817319295385209],[107.93766803160254,12.816810033658061],[107.93737048517085,12.816593549727996],[107.93701190370335,12.815782926637555],[107.93708819683239,12.815071485707296],[107.93706530904689,12.814670942795875],[107.93721026757194,12.814438245227594],[107.93766803131055,12.814152143116909],[107.9377672131337,12.814031026648108],[107.93779773115999,12.813866994277983],[107.93768329006295,12.813397787051127],[107.93771380699913,12.813306234013417],[107.9379503193709,12.81300773439103],[107.93800372446256,12.81286945150575],[107.93799609474631,12.812607191680632],[107.93751544353185,12.8112815833641],[107.93741626123852,12.81064166834848],[107.93707293783636,12.809486768258207],[107.93714160305612,12.80932273602421],[107.93774432483666,12.808990858552685],[107.93782061879988,12.808883091759364],[107.9378435071899,12.808373830577375],[107.93820208877639,12.807298086518015],[107.93835467713022,12.80700244687946],[107.9385377816367,12.806828877912995],[107.9392091685031,12.80685462737628],[107.93956775019794,12.806933781717353],[107.93980426159825,12.806917570135775],[107.94004840200265,12.806818386596994],[107.94085711820361,12.806359670131465],[107.94113177622096,12.80629672791128],[107.9414293225234,12.806326291600008],[107.94181079201695,12.80646075996885],[107.94187182713799,12.80643787056546],[107.94201678612653,12.806149861853289],[107.94212359650683,12.806070706904414],[107.94235247880805,12.806008717448123],[107.942398256413,12.806031605453544],[107.94241351406447,12.806139370474977],[107.94239825599942,12.806572338824669],[107.94245166094665,12.806772611053777],[107.94260424870163,12.806989094611428],[107.94275683658867,12.807088276914126],[107.94291705512215,12.807114026558724],[107.94307727228478,12.80705203743339],[107.94326037745338,12.806884190595468],[107.94345874223305,12.80659522769999],[107.94362658824515,12.805522344014596],[107.94360369964623,12.805286787057124],[107.94331378333192,12.804688832408255],[107.94325274814021,12.80445995046599],[107.9433137826993,12.804239652177674],[107.94348162950497,12.8041252105452],[107.94364947558181,12.804102322616643],[107.94407672229741,12.804180524164604],[107.94464129790907,12.804377934822686],[107.94519061370389,12.804195783082617],[107.94536608974059,12.804055592736571],[107.94543475459547,12.803929707753055],[107.94550341937185,12.803647419383932],[107.94552630708132,12.803238293208231],[107.94539660799893,12.802913090763292],[107.9452821667365,12.802756688416494],[107.9445802628758,12.80261745121263],[107.9444887096945,12.802570721792218],[107.94424456846689,12.80205955230733],[107.9442674568984,12.801903149590567],[107.94438952785444,12.801734349457366],[107.94464892706343,12.80156459543582],[107.94491595570857,12.801494977012737],[107.9452669077355,12.80149497681147],[107.94588488903369,12.801604649917468],[107.94657153422175,12.801909825391313],[107.94686908060524,12.801969906310655],[107.94753283742277,12.80186404849076],[107.94789904879829,12.80171050718458],[107.94856280618437,12.801542660253148],[107.94886035327887,12.801596066310585],[107.94970721571936,12.801879307295138],[107.94990558036801,12.801803013090343],[107.95002764954212,12.801659962657675],[107.95024127247424,12.80100574195938],[107.95034045460991,12.800873181561661],[107.95050067314264,12.800790211569096],[107.95063800148489,12.800793072463387],[107.95082873660873,12.800882718449788],[107.95126361218863,12.801278492150455],[107.95161456358225,12.80153693822115],[107.95179003994933,12.801597020379049],[107.95212573386551,12.801550290464423],[107.95235461614178,12.801394841000992],[107.95254535022163,12.800938984469266],[107.95260638551721,12.800627132940951],[107.95255297947539,12.800457379103527],[107.95137042348374,12.799377819326324],[107.9513322765891,12.799092671427077],[107.95141619985044,12.798846622785652],[107.95152301161868,12.79873695041327],[107.95171374576555,12.798653981440177],[107.95247668577547,12.798617741463552],[107.9529115611934,12.798637768540218],[107.95354480082177,12.79876746790976],[107.95443743995085,12.79889335318877],[107.95475787457816,12.79890002945573],[107.95494861012378,12.799005885918804],[107.95509356814276,12.799139401181295],[107.95517749204816,12.79934825574653],[107.95511645590334,12.80003966879856],[107.95488757485052,12.800510785446983],[107.95457476903115,12.801028630539657],[107.95410937595696,12.801637074447349],[107.95388049405388,12.802211186485616],[107.95383471825406,12.802510640284831],[107.95391101235278,12.802703282346611],[107.95407885887329,12.802839657124661],[107.95529193201368,12.80347003590987],[107.9559175430617,12.803523442603993],[107.95655078350515,12.80331077203776],[107.95717639278587,12.803294560158653],[107.9576951921817,12.80322494225832],[107.9580385141463,12.80307139961864],[107.95838183691303,12.802846333032019],[107.9586641247779,12.8025468793909],[107.95912951858178,12.802201648748934],[107.95975512768369,12.801397701524515],[107.95988482766586,12.801310917005148],[107.96066302653358,12.801175495631622],[107.96096820209546,12.80104865671824],[107.96146411356588,12.800732990692575],[107.96170825283889,12.80045070259977],[107.96178454748964,12.800431629687353],[107.96196765277078,12.800464053472831],[107.96218890550159,12.800676723653895],[107.96256274512396,12.800925632695847],[107.96287555097604,12.801234622598102],[107.96482867600177,12.802132030586934],[107.96550769242974,12.802358051853416],[107.96568316782576,12.802331348765692],[107.96637744370793,12.802005191243573],[107.96648425436244,12.801995654775341],[107.96665210101422,12.802075763934283],[107.96683520612417,12.8023876160149],[107.96695727743719,12.802394290671486],[107.96722430544227,12.8022750816791],[107.96757525832295,12.802257915793357],[107.96823901556132,12.801968952626803],[107.96852130335411,12.802025218708172],[107.9686815202491,12.802121539933395],[107.96896380762021,12.802403827185055],[107.96931475994943,12.803015132624395],[107.9694444595539,12.803158183151867],[107.96956653055891,12.80319823895802],[107.97027606359107,12.803211589494063],[107.97038287536627,12.803310771869134],[107.97047442870941,12.80345382274993],[107.97049731604126,12.803905864153444],[107.97060412716093,12.804317851944974],[107.97122210816212,12.805214305814749],[107.97132129039336,12.805257221459263],[107.97150439629971,12.805210491101338],[107.97163409690884,12.804941554296532],[107.97208423089256,12.804825206360743],[107.97223681809606,12.804831882775211],[107.97278613421061,12.804974933812803],[107.97312945719564,12.805210491186191],[107.97329730485721,12.805404086542174],[107.97348040979065,12.805719753649498],[107.97353381570052,12.805917163760991],[107.97353381594641,12.806705852260459],[107.97327441599681,12.807156940616949],[107.97310657004249,12.807561298860962],[107.97287005771226,12.808232684189667],[107.97287005792583,12.808426280494555],[107.97295398179081,12.808704754065609],[107.97303790511936,12.808740993281875],[107.97313708690841,12.808736225750197],[107.97331256298935,12.808641811892034],[107.97356433236747,12.808253665130955],[107.97366351432665,12.808253665560532],[107.9738923964172,12.80842628070491],[107.97390002630922,12.808505435123838],[107.97383136168796,12.80861510863147],[107.97348040951036,12.808799167844011],[107.97336596910363,12.809082408352566],[107.97341174453364,12.809223552378091],[107.97386187949449,12.809570690915695],[107.97412890856607,12.81025065978258],[107.97419757249854,12.810318370835123],[107.97429675457043,12.81033172219881],[107.97476214750812,12.810174365266116],[107.97512072944295,12.810006519798677],[107.97598285074741,12.809867282643097],[107.97644824428342,12.809673686908535],[107.9774400654666,12.80915202764012],[107.97780453368772,12.809247833750447],[107.97795886453402,12.809288402368296],[107.97820300495,12.809385677272106],[107.97839373980663,12.809510608042608],[107.97904986766306,12.810133357685723],[107.97921771525722,12.810389896475272],[107.9792940090741,12.81055965015311],[107.97951526110687,12.811506648186562],[107.97969073702511,12.811919589579084],[107.9803392364266,12.812916179829019],[107.9803773834204,12.813154598889792],[107.98029345938225,12.813629527603702],[107.9801485013513,12.813869853865631],[107.98017138874631,12.813960452684592],[107.98032397702788,12.814012905653026],[107.98097247500797,12.814072032377064],[107.98204059073633,12.81404914445433],[107.9822618430659,12.814135928872723],[107.98242968982177,12.814253230243125],[107.98262042527305,12.81457366545127],[107.9826612950218,12.81459625120863],[107.98272415563977,12.81463099065649],[107.98276538341385,12.814653774812474],[107.98285693667944,12.814646144645673],[107.98302478343439,12.814496417427494],[107.98326892323252,12.81419696393531],[107.98368090999448,12.814047237131799],[107.98407001029733,12.81397761897778],[107.98464984458545,12.813940425475828],[107.98531360167414,12.813977619249703],[107.98569507165807,12.81418647309291],[107.9859315825557,12.81439532790809],[107.98563403534935,12.812885660860632],[107.98469562001293,12.81059302786937],[107.98408526776815,12.808777233523234],[107.98379535048409,12.80803908941559],[107.98866290529381,12.80730952765912],[107.99771136736962,12.806222337986474],[108.00104541243924,12.806431193022645],[108.0030748315776,12.80700053574968],[108.00318164334358,12.807000536585665],[108.00373858942524,12.806788821231706],[108.00379962408414,12.803952592657765],[108.00363940665952,12.795632737324183],[108.00349444808226,12.79511966163287],[108.00353617796378,12.793620383733467]]]]}}]}