{"type":"FeatureCollection","name":"gis.vn","features":[{"type":"Feature","properties":{"ma_tinh":"66","ten_tinh":"Đắk Lắk","loai":"Tỉnh","cap":1,"stt":42},"geometry":{"type":"MultiPolygon","coordinates":[[[[107.92405717205476,12.419338589397793],[107.92420976029135,12.420660382946982],[107.92421739042936,12.421141034815806],[107.92375199600038,12.422336941479383],[107.92325608569199,12.423211462063117],[107.9217836127922,12.42505491357341],[107.92132584947682,12.425844557290334],[107.92124955497216,12.42617452829048],[107.9212724435866,12.426607495626648],[107.92140977232543,12.427115804244568],[107.92162339556543,12.427468664234068],[107.9220430124545,12.427798634888747],[107.92272202872597,12.428141958344979],[107.92334763932774,12.42822683495412],[107.92396561946,12.42821825197995],[107.9248124823725,12.42803037771514],[107.92577378622474,12.4276422324163],[107.9265977618025,12.426990872761378],[107.9272615186388,12.426321393673375],[107.92810075148569,12.424612408351825],[107.92842118632471,12.423862820640538],[107.92866532726914,12.423653966999698],[107.92900102067802,12.423501378452459],[107.92933671353194,12.423514729573318],[107.92988603048411,12.42369783524435],[107.93042008724258,12.423979169235015],[107.93121354424716,12.42461240859101],[107.93200700149346,12.425665265833983],[107.9322358832196,12.42652547924613],[107.93223588374843,12.427182561575748],[107.93203751988179,12.427816754989005],[107.93154923824353,12.42848623342012],[107.93051164064549,12.429396040112367],[107.92977158960008,12.430172331183769],[107.92940537888342,12.430880910810437],[107.92932145441183,12.431464558633877],[107.92948167309001,12.43184126095013],[107.92987077132544,12.432047253498181],[107.93036668253754,12.432115918947089],[107.93122117427316,12.431909924675889],[107.93442551984067,12.430926686290634],[107.93515794157467,12.430812245634712],[107.93585984655064,12.430892354128742],[107.93640916317959,12.431189900901177],[107.93716447243007,12.432287579271852],[107.93761460676588,12.432664281466973],[107.93979661400856,12.434093838726243],[107.94238297899265,12.436209088172852],[107.94315354857866,12.436551457745407],[107.94374864107215,12.436940556844599],[107.9439698935802,12.437443143091384],[107.94429795702438,12.439375287792446],[107.94456498661626,12.44006097918012],[107.94487016209985,12.440484410647933],[107.94529740823397,12.440678960466077],[107.94580857757816,12.440656071829753],[107.94664018187812,12.440312749381235],[107.94789140205634,12.440083867064457],[107.94860093556653,12.440129642947706],[107.94981400909943,12.440404301543216],[107.951156783218,12.440975552028064],[107.95327775441115,12.44169652977756],[107.95409409993414,12.441778546542286],[107.95497910925991,12.441547757043207],[107.95537583893716,12.441147214191536],[107.95565049703443,12.440736180313616],[107.9558107139939,12.440564518725692],[107.95865647765363,12.439283733555744],[107.96011369252193,12.438300496149271],[107.9620668173092,12.43720376976908],[107.96392076060131,12.436540012507685],[107.96564500368221,12.436356907208864],[107.96630876099121,12.436448459227138],[107.966934371045,12.43671167331523],[107.9688722375394,12.437843684903838],[107.97006242322676,12.438887005299234],[107.97233598310015,12.440330866952278],[107.9734040980391,12.44070184747874],[107.97387712063454,12.44098699521449],[107.97530381717122,12.442553882034536],[107.97616593957245,12.443411234791576],[107.97688310196374,12.443902378283859],[107.98146836811854,12.44524038263628],[107.9836503757341,12.445685748878557],[107.98425309746898,12.445868854370048],[107.98482530301406,12.446326618305319],[107.98529832473655,12.447000865893518],[107.98573320033343,12.448201541780554],[107.98589341780819,12.449093227337928],[107.98596971134793,12.450338725779494],[107.98591630624541,12.451367740495215],[107.9860307473517,12.453276996565858],[107.98629014557962,12.454111461083366],[107.98655717502635,12.454785708925352],[107.98704545649277,12.455392245776991],[107.98759477287318,12.455666904292494],[107.98844163629558,12.455861454464792],[107.9905778658165,12.455747012664107],[107.99110429433361,12.455906275684761],[107.99195115709506,12.4563525956279],[107.99250047404936,12.456969623251574],[107.99271409773968,12.457656268982317],[107.9927217259202,12.458223704835461],[107.9926378035991,12.45869577389406],[107.9920045637558,12.459776286790559],[107.99099748304263,12.46120870627489],[107.99102800025122,12.461665516562977],[107.99139421139505,12.462286358177396],[107.99215715170794,12.463135128036084],[107.99253099203219,12.463801746365304],[107.99286668552476,12.464753512941371],[107.99465196358696,12.46633279807225],[107.99488847517792,12.466733341430654],[107.99494950975783,12.467235927268488],[107.99483506930852,12.46903074277621],[107.99486558717562,12.469968204885616],[107.99498002797506,12.470367794435305],[107.99565141470057,12.47117174131179],[107.99630754209205,12.471672420061312],[107.99868791429301,12.472621326425282],[107.99908464206725,12.472826366703606],[107.9998399521938,12.473542575586704],[108.00112931990154,12.475151424366416],[108.0014497545012,12.475868587819766],[108.00154130710847,12.476365451864373],[108.00144975413029,12.476807956357842],[108.00120561462194,12.477267627128949],[108.00075547937159,12.477844600814768],[107.99900071979931,12.479609851384208],[107.99809282131424,12.480722789508912],[107.99774186970843,12.481202488612926],[107.99750535796824,12.481629735074295],[107.99718492367418,12.482606296568921],[107.99714677643013,12.483318691821614],[107.99739854704913,12.484318142934113],[107.99761216932802,12.484987622263548],[107.99771898076658,12.485489255393409],[107.99760454074719,12.486050968583555],[107.99736802855934,12.486363774357589],[107.99699418842329,12.486482982992827],[107.99590318545589,12.486499196080837],[107.99555223317296,12.486422901752986],[107.9949189935737,12.486132031183006],[107.99382036037423,12.4854787645295],[107.99343889073859,12.485079174937967],[107.99301164463938,12.484868413052451],[107.99244706970337,12.484841709787263],[107.99199693583974,12.484938985435178],[107.99146287765302,12.485181218602595],[107.99098222561459,12.485640889398898],[107.99048631440196,12.486282711944328],[107.99029558102906,12.486779576301172],[107.99015825050881,12.487414723817388],[107.99013536300679,12.488386517575329],[107.9902803217182,12.48941553252381],[107.99064653311616,12.49028432945679],[107.99132554874924,12.491369610144929],[107.99153917197609,12.492033368909588],[107.99149339467438,12.492501622462308],[107.99118821990925,12.493005162948162],[107.99080675007775,12.493244534381079],[107.99041002062958,12.4933132000615],[107.98851030170599,12.493317013565816],[107.98791520915869,12.493381863746414],[107.98755662830483,12.493560201011793],[107.98715989885578,12.493894940949872],[107.98601549019801,12.495158559519913],[107.9832994263356,12.49493158504337],[107.98223893983533,12.49505079416181],[107.98126237654421,12.495293027979397],[107.98042314350131,12.495643979774455],[107.97987382796462,12.495990164045516],[107.97949998647309,12.496351606212002],[107.97933214054478,12.496823674976653],[107.97945421123804,12.497623808217442],[107.9793473991491,12.499711400996834],[107.97911851785008,12.500924474788217],[107.97876756498519,12.501946813727686],[107.9759523190862,12.506112463676065],[107.9751054563416,12.507213957702815],[107.97370164735726,12.508514768848201],[107.9710313597189,12.509822257026492],[107.9677736083487,12.511182196252332],[107.96727769740927,12.511451133441645],[107.96405046347205,12.514136679401634],[107.95967882087722,12.517047293745119],[107.95868699963982,12.517968544121402],[107.9539033697756,12.52092684239908],[107.95310991256187,12.521159538284989],[107.95216386708584,12.521077522510488],[107.95027940654386,12.52041948776118],[107.949333361326,12.520201095415336],[107.94815080500912,12.520351776425757],[107.9475786016895,12.520843872706136],[107.94667833215341,12.521751770651065],[107.94657915069384,12.522021660989928],[107.94647996854235,12.522596725908986],[107.94470231925155,12.52582777469998],[107.94395463891908,12.526742348869883],[107.94273393603545,12.527349839547846],[107.940925769185,12.527542481460499],[107.9399263187607,12.52743090144587],[107.93347185028503,12.52507628065017],[107.93289964508145,12.524913201451149],[107.93241136470034,12.524995217462822],[107.93158738993094,12.525416741823872],[107.92979448233605,12.526697526368618],[107.92798631485755,12.528186211628494],[107.92742174001688,12.528453240867055],[107.926864793872,12.52856386715731],[107.9261247437178,12.528482804704268],[107.92321794399729,12.528334032523507],[107.92295854430186,12.528273951122703],[107.92254655691698,12.528023134596012],[107.9222108644037,12.528042208139448],[107.92171495332975,12.528229128492907],[107.9200975210843,12.528970133774376],[107.91972368127256,12.529067408286036],[107.91844194300053,12.52902353945838],[107.91699235768786,12.528927217213749],[107.9150087151967,12.528627764285964],[107.91439836438835,12.528391252907628],[107.91305558985107,12.527690302801435],[107.91291826105476,12.527411829435351],[107.91297166688106,12.527130495385578],[107.91326921291527,12.526429544459333],[107.91329210206982,12.52622259741509],[107.91320817810829,12.526011835749873],[107.91292589122004,12.525893579927258],[107.91192643976242,12.525682817896874],[107.91063707220589,12.525533091610479],[107.9101716784404,12.525663744695944],[107.90924852201135,12.526316057805866],[107.90811174308516,12.527550113070607],[107.90716569815605,12.527972589908682],[107.90576188907339,12.528147113355372],[107.90487687844849,12.528476130028537],[107.9041826035238,12.52892626481028],[107.90363328755778,12.529463182729682],[107.90294664307137,12.53049792009518],[107.90230577289856,12.531656634578706],[107.90121477023527,12.532966983592974],[107.89650743432539,12.537107837555862],[107.89474504331957,12.53850020182121],[107.89344041745905,12.539133442395682],[107.89284532426682,12.539166820595],[107.89156358648478,12.538896930642407],[107.89090745847972,12.538576495769604],[107.88989274873687,12.53824747935166],[107.88932054437039,12.538272273923782],[107.88874833881054,12.538491619097462],[107.88775651823224,12.539065731422447],[107.88743608262398,12.539420498289081],[107.88726823680173,12.539893520090198],[107.88721483074067,12.540779484089796],[107.88617723348507,12.544581783648859],[107.88613908638321,12.545006168790056],[107.88623063941722,12.54552115311893],[107.88660447970706,12.546447170328083],[107.88711564909906,12.547194851171776],[107.88750474870797,12.547541035457433],[107.88788621856702,12.547796619494056],[107.88957231465768,12.549799335451674],[107.89103715832356,12.550794018543668],[107.8915864749683,12.551319492943755],[107.8924028196249,12.551662815837288],[107.8936998164302,12.55200613812361],[107.89485185558794,12.552488697796825],[107.89546983690978,12.55286730602783],[107.89575212460153,12.553217304673703],[107.89591997058368,12.553735149898927],[107.89595048924762,12.554849041106108],[107.89579790056952,12.555962933967926],[107.8955385011261,12.556837452167379],[107.8954011717224,12.55716170136331],[107.89511888514241,12.557615650264257],[107.89476030286647,12.55795801925924],[107.89392869918274,12.558556927983007],[107.89239519145043,12.559477222740218],[107.89207475575664,12.56000174346398],[107.89203660894047,12.56024493072883],[107.89237993212414,12.56083334805],[107.89320390751232,12.561499013237986],[107.89328020112309,12.561882389782028],[107.89321153595363,12.562547100534733],[107.89275377239657,12.563735378936746],[107.89276140221727,12.563997639858078],[107.89294450748477,12.564499272075158],[107.8933946422659,12.56512297524943],[107.89393632926202,12.56568278245043],[107.89486711543027,12.566348447422037],[107.89548509671593,12.567050351152561],[107.89574449589766,12.567251576171074],[107.89643114199194,12.567524326932876],[107.89720170937638,12.567657842339575],[107.89848344833365,12.567566289275106],[107.8990175058751,12.567664516993732],[107.89920061175593,12.567783726733294],[107.90000169800756,12.568684948763996],[107.90029924480518,12.568802250679072],[107.90202348800736,12.56903780760726],[107.90229051704432,12.56918467373664],[107.90328996666065,12.570285214004258],[107.90425889957035,12.570990932650387],[107.90506761635406,12.572057140931719],[107.90621202499065,12.573173894028152],[107.90657823638401,12.573477161489002],[107.90798967401356,12.575422657661793],[107.9084626974946,12.575734509918785],[107.90978258238697,12.576080692998998],[107.91063707432427,12.57611883993898],[107.91133897969782,12.576298130607341],[107.91232317076592,12.5766824619397],[107.91267412337493,12.576963795591798],[107.91337602741011,12.577845944105169],[107.9140168965692,12.57839621477933],[107.91515367677987,12.578886402384622],[107.9156724754218,12.578977001973053],[107.91642015568237,12.579099072534524],[107.91785448130031,12.579478634807284],[107.9193803609597,12.580190075307012],[107.92162340264618,12.58072413370826],[107.92310350531106,12.580909145767246],[107.92402666306785,12.580943478714175],[107.92527025355902,12.58085478607159],[107.92711656713024,12.580998791139077],[107.92898576903599,12.581332577385421],[107.93093126502482,12.582252872392408],[107.93239610803806,12.5832837939625],[107.93286913117036,12.58392466411688],[107.93390672900925,12.586861980261773],[107.93405168700343,12.588864697008695],[107.93363970001212,12.590932262403069],[107.9336397004703,12.591638935766776],[107.93373125221663,12.592370403315785],[107.9348375154703,12.595495594109321],[107.93490617983012,12.59603728117798],[107.93485277365045,12.596726788724778],[107.93463915125335,12.597481144901618],[107.9342042761142,12.597909344663496],[107.93310564250541,12.598447216533476],[107.93049639020656,12.598754299586862],[107.92924516998421,12.599419010991602],[107.9284746004013,12.600468052701059],[107.92798631933684,12.603384389144496],[107.9278108433294,12.605072392902434],[107.9280168369861,12.607221974281485],[107.92847460150692,12.608488454662517],[107.92848985931748,12.609472646392655],[107.92907732372231,12.612351789556282],[107.92926042895797,12.614994420116155],[107.92917650561779,12.61589755055183],[107.92891710701907,12.616471662981931],[107.92798631945512,12.617570294926013],[107.92705553387589,12.618146314496535],[107.92574327726102,12.618440999673993],[107.92260759672492,12.618244542728311],[107.92183702794921,12.61842478800697],[107.92119615898257,12.618654622821783],[107.92081468946384,12.619024648703551],[107.92023485570381,12.620561017871857],[107.920158562031,12.621064558456988],[107.92022722611071,12.621778860203753],[107.922180350949,12.625548734806799],[107.92247789837865,12.626648321014974],[107.92266100294508,12.628157988446477],[107.92267626244383,12.629492177996822],[107.92240923273783,12.630834952546957],[107.92176073439255,12.632933035316533],[107.92137163562947,12.63368739174075],[107.92011278534328,12.63441123029628],[107.91911333488414,12.634904280711947],[107.91885393506018,12.635216132098483],[107.91886919474912,12.635642424925157],[107.91928118165119,12.636840239872578],[107.92013567342076,12.63844908824762],[107.92069261963155,12.640221968999318],[107.9209520193916,12.64176501383633],[107.92103594251671,12.643077269650146],[107.92090624256477,12.644128219145996],[107.92057817835418,12.645342246295938],[107.91996782810838,12.646542922294971],[107.9190828174995,12.647514715897314],[107.91780870911182,12.64809073630366],[107.91680925768678,12.64820613062428],[107.91223162196066,12.646504776008845],[107.91059893034463,12.645983115935213],[107.90930193398192,12.64590109944336],[107.90800493643579,12.646048919523505],[107.90679186256025,12.646639243431235],[107.90583818892848,12.647476569566301],[107.90489977363646,12.648690598069546],[107.90431231009273,12.649921791297077],[107.90412920495159,12.650627510264268],[107.90422838720012,12.651268379185513],[107.90468615034608,12.652138130205797],[107.90568560104875,12.653483764725243],[107.90701311621578,12.654384033260627],[107.90882891246562,12.655076400918867],[107.91133135306696,12.655662910557401],[107.91255205660663,12.656187432276896],[107.91365068924478,12.65704573798822],[107.91440599958466,12.658227340613836],[107.91455095845123,12.658801453025042],[107.91404741844288,12.662903206450032],[107.91363543044673,12.664783852162314],[107.91280382707771,12.665679352617614],[107.91132372461114,12.666880982105987],[107.90979784532713,12.66764487546343],[107.9085313654025,12.66848887807278],[107.90750902689742,12.66970385915188],[107.90661638757524,12.670770066573981],[107.90474718719487,12.673878090751357],[107.90452593425277,12.67469729668475],[107.90450304630558,12.675029175815972],[107.90464037524897,12.675400155395124],[107.90495318004288,12.675924675971018],[107.90509050860133,12.676335710147839],[107.9051591735764,12.676959413014528],[107.9056550850392,12.678300279030513],[107.90628069501692,12.679051774027535],[107.90647905873323,12.67978324189824],[107.90640276561227,12.680382149866405],[107.90624254793927,12.680944818061759],[107.90633410107772,12.681364434544689],[107.90724962786952,12.682588951931404],[107.9078447210847,12.684731859475082],[107.90816515520426,12.685180085248879],[107.90903490636474,12.685742753374704],[107.91001909867411,12.686151880108437],[107.91034716219107,12.68649711058657],[107.91050738066991,12.687009233281318],[107.91062945043019,12.688127893437958],[107.91101092074729,12.690001863226804],[107.91127794871775,12.690486329323816],[107.91173571264348,12.691327470415617],[107.91219347687888,12.69253959060747],[107.91217821827074,12.69318332023476],[107.91193407694394,12.69399108223801],[107.91157549601581,12.694571870552009],[107.91082018633806,12.69547404654836],[107.90827196791507,12.697966952243187],[107.90673846002262,12.699708361075322],[107.90502184575509,12.701506991204393],[107.90306872157547,12.704139132059003],[107.90167254227495,12.706284899899664],[107.90099352626974,12.707016367393733],[107.90033739870219,12.707527537711],[107.8987581133617,12.70852508100359],[107.89815539151813,12.709061045677911],[107.89772051560762,12.709902186547811],[107.89739245150614,12.710173983843475],[107.89662188280754,12.710165400768528],[107.89553087961596,12.710601229987425],[107.89534777481607,12.710828203773819],[107.89529436879812,12.712684054884361],[107.89538592119524,12.713800807259448],[107.89593523771774,12.715833087608898],[107.89588946169027,12.717391391406528],[107.89611071391793,12.718654056272737],[107.89627093113607,12.719121356179926],[107.8972474936031,12.721058268965999],[107.89803332123033,12.722301860736287],[107.89886492546496,12.724416156439412],[107.8991319546113,12.724718471474105],[107.89941424182265,12.72485293907104],[107.8999559293337,12.725019832728945],[107.9012071499433,12.725513835262838],[107.90149706753444,12.72569026553347],[107.90302294653371,12.72686042294225],[107.90763110095422,12.731370348960295],[107.908287228648,12.732167621668975],[107.90908068554131,12.73370589825337],[107.91028613026403,12.73683585764939],[107.91040057121585,12.737870593339446],[107.91036242432794,12.738817592786786],[107.91010302467626,12.739587207920842],[107.9098970306848,12.739789386812628],[107.90954607915158,12.740407367583746],[107.90911120333081,12.743083377444497],[107.90871447567133,12.743739506183386],[107.90808886434479,12.744321247147802],[107.90727251901244,12.744658847987322],[107.90622729262954,12.744761844577356],[107.90490740699876,12.744367978182563],[107.90432374656596,12.744217062224546],[107.90301531729496,12.743878743121225],[107.90235918889613,12.743828198301888],[107.90158862026107,12.743954083447164],[107.89861315598891,12.744913478930316],[107.8969575777394,12.745784183982064],[107.89286822199486,12.747551343108075],[107.89239519977332,12.747604748701816],[107.89123553236139,12.747106931071805],[107.89064806907824,12.7467531176845],[107.89018267600639,12.7466424918221],[107.8897249116018,12.746655842940227],[107.88929766586679,12.746895214586973],[107.88890093679456,12.747316740207431],[107.88753527570869,12.747968099093335],[107.88470477030735,12.748372457310634],[107.88264483419509,12.748978040412045],[107.88098162636645,12.750038526589003],[107.8773042578837,12.750644109195061],[107.87511462065135,12.751275442737885],[107.87429064723928,12.751704595838435],[107.87314623768006,12.751868627385027],[107.86991137349256,12.752895735039106],[107.869568050647,12.752895735049265],[107.86931628068447,12.75276126711112],[107.86913317573101,12.752336881817943],[107.86878985325092,12.751728438275961],[107.86840838406138,12.751574896156193],[107.86788958514065,12.75156726733462],[107.86737078580525,12.751805686194471],[107.86670702853621,12.75242175890759],[107.86452502176049,12.754671477470808],[107.86354082981666,12.755264662380235],[107.86188525068066,12.75571861161717],[107.86100024055861,12.756073378186182],[107.86045092513966,12.756504439714341],[107.85997027263411,12.757259749231567],[107.85926073870904,12.758222006914716],[107.85666674500979,12.76155795961546],[107.85598772877927,12.762651825304845],[107.85556811357065,12.763814353996391],[107.85552233592047,12.76459255246123],[107.8569719216501,12.769468688985873],[107.85710162195772,12.771086120020263],[107.85677355735811,12.772072219437229],[107.85386675871348,12.776948356767509],[107.85346240035658,12.77825775153642],[107.8533021829544,12.77956428608931],[107.85353869468341,12.780584717194609],[107.8541566757608,12.781755828737],[107.85559100170362,12.784839058087378],[107.85758990298481,12.788624192189857],[107.85864276049573,12.789985084644666],[107.86193865867135,12.793205642799155],[107.86264819243063,12.79423847301005],[107.863022032589,12.795359039929817],[107.86321276763883,12.796563531390268],[107.8632127681254,12.79786052803802],[107.86282366939542,12.799173737205093],[107.86254138133158,12.799605752030802],[107.86223620528456,12.800003434534402],[107.86145037787182,12.80045642901912],[107.85973376411167,12.800900841505904],[107.85901660077938,12.801215554466362],[107.85829943781398,12.801921273286613],[107.85697955262664,12.803848649984268],[107.8557054442431,12.806581880051846],[107.85471362209233,12.80746307514255],[107.85380572420881,12.80780353689883],[107.85272235024789,12.808647538608506],[107.85196704043825,12.809692766241664],[107.85098284867398,12.810640718113376],[107.84871691791328,12.81206073922931],[107.8479082027124,12.812300111140864],[107.84709185745166,12.812324907150142],[107.84587115419731,12.812143709641989],[107.84458941604338,12.811521913296561],[107.84349841203598,12.810737993076891],[107.84111041217413,12.808408167264702],[107.83982104371192,12.807296182947608],[107.8387987049804,12.806751634795566],[107.83675402794663,12.804719354922488],[107.83500689577441,12.803645517411905],[107.83044451748897,12.801659967303722],[107.82795733575959,12.80117645518346],[107.8262407214562,12.801123048479425],[107.82514971800458,12.801345255741305],[107.82403582668738,12.801859286203992],[107.82357806225501,12.800089265769978],[107.82337206933647,12.799675372358966],[107.82317370422116,12.799404527830184],[107.8229905989665,12.799229051642229],[107.82208270129652,12.79918613740912],[107.82186144825359,12.798959162126565],[107.82171648997854,12.798351671665973],[107.82178515527539,12.797397997949178],[107.82182330223607,12.79729690758165],[107.8223115834639,12.796645548819779],[107.82229632359926,12.796504404473072],[107.82215899493225,12.79645767527864],[107.82124346797485,12.796565440302599],[107.82093066203495,12.796512987764345],[107.82081622116989,12.79638424160375],[107.82063311556959,12.796037103788331],[107.82041949252849,12.795880701672083],[107.8200990579976,12.795723345214185],[107.81993121209818,12.795588877206503],[107.81983965863625,12.79544677972227],[107.81974047726965,12.795164492117422],[107.81976336510415,12.794823076747713],[107.81992358211298,12.794556047570087],[107.82023638704901,12.794470216809442],[107.82028216376115,12.794427302303134],[107.82029742273983,12.794294741229058],[107.8201677225532,12.79417171695302],[107.81948107702277,12.793997195320534],[107.81925982496651,12.79385605106511],[107.81918353088484,12.793730165582494],[107.81917590150907,12.79357281020415],[107.81941241260093,12.79308357464463],[107.81942767166674,12.792665865962496],[107.81935900668238,12.79246273258187],[107.81921404861268,12.792232896843052],[107.8189088730543,12.791906741082482],[107.81852740238394,12.791385081257255],[107.81840533235597,12.791151430507036],[107.81832903900877,12.790933038901988],[107.81827563301097,12.790580179562474],[107.81832903889679,12.789801982076604],[107.81822222676674,12.789596942065808],[107.81791705162325,12.789497759866661],[107.81752795168958,12.789534953054465],[107.8171007056658,12.789869693212532],[107.81690997095363,12.789944079251718],[107.81674975403898,12.789959337788455],[107.81564349182534,12.789636041510654],[107.81514758064509,12.789565469627162],[107.81461352332235,12.78963031966297],[107.81401843087905,12.789584544306486],[107.8131029031821,12.78937568891055],[107.81248492280848,12.789049532725729],[107.81234759343056,12.789059069282171],[107.81201952959769,12.789227869886043],[107.81190508859532,12.78932609846805],[107.81164568870376,12.789710429097553],[107.81150073037827,12.789808656830973],[107.81138628969343,12.78981151786996],[107.81105059530984,12.789673236419347],[107.81091326648296,12.789454843682574],[107.81085986175904,12.789178278796177],[107.81098193129917,12.788656619498797],[107.81100481949869,12.788377192160402],[107.81130236580587,12.78783932013873],[107.8113405127731,12.787498857812283],[107.81120318312006,12.787251857105431],[107.81092089619978,12.78710689803219],[107.81083697233076,12.786971475614346],[107.81091326640507,12.7867368719086],[107.81152361782078,12.785741235764208],[107.81158465347914,12.785356905541141],[107.81156939456454,12.785154727252687],[107.81150835902018,12.785049822846347],[107.81149041735516,12.7850411966066],[107.81146258365811,12.785001184729772],[107.81137257946625,12.784984544197968],[107.81130999531226,12.78495445501326],[107.81109637240633,12.784933473711545],[107.8092042822462,12.784947778605115],[107.80890673599258,12.785099414257115],[107.80836504953467,12.786054994648445],[107.8079835793127,12.786399272123084],[107.80760210947304,12.786558534857557],[107.80716723418661,12.786512758967259],[107.80700001324819,12.786359233064852],[107.80691348780398,12.786248532509196],[107.8067628762491,12.785965350102787],[107.80657976998906,12.784902956697643],[107.80673229719092,12.784710179647105],[107.80682609332753,12.7846234187807],[107.80695911938668,12.784560138882055],[107.80711455892624,12.784512074976785],[107.80747240925784,12.784512904079257],[107.8083269018713,12.78468837985816],[107.80853289522587,12.784675982274255],[107.808716000913,12.784615901019697],[107.8087846655969,12.784550097000908],[107.80879992446742,12.784422305231256],[107.8085176359487,12.783869173686247],[107.80815905498817,12.78343334507337],[107.8077546973969,12.783209231231607],[107.80745715128091,12.783152011285283],[107.80673235812321,12.783257868413628],[107.80615252436527,12.783257868238554],[107.80518359095989,12.782938388415308],[107.80448931568874,12.782135394148545],[107.80414599274057,12.781856920713132],[107.80394000028662,12.781479266398723],[107.80368823000315,12.780561831443384],[107.80313891308609,12.780113604164217],[107.80303210192316,12.779957202098934],[107.80288714271782,12.779893305274136],[107.80245226823199,12.779872325123122],[107.80233782700178,12.7799018887773],[107.8022004974893,12.77995243333559],[107.80130022906545,12.780603793365326],[107.80101794156842,12.780669596251684],[107.80088061309041,12.780599024512771],[107.80041521891341,12.780077364767862],[107.80008715457248,12.77990856405828],[107.79992693803246,12.779618647340527],[107.79986590304368,12.779577638755987],[107.79968279746622,12.779556657786642],[107.79941576867492,12.77960720317685],[107.7992631809605,12.779921915775397],[107.79900378075058,12.780060198392176],[107.79841631807145,12.780147936876725],[107.798072994867,12.780077364952797],[107.79791277789444,12.780112651664924],[107.79767626709955,12.780249026098332],[107.79757708441399,12.780258563572822],[107.79738634964279,12.780187991532092],[107.79735583126627,12.779912379371535],[107.79731768499512,12.77987709319669],[107.7972108737973,12.779880908273853],[107.7970353976465,12.779976275014253],[107.79685992174493,12.77997627523403],[107.79662340986478,12.779845622239284],[107.79645556357927,12.779646304725073],[107.79632586411421,12.779564288038832],[107.79627036126423,12.779558044513134],[107.79621142286192,12.77952995675745],[107.79613288438334,12.779542577953556],[107.796096981998,12.779538539559807],[107.79599779926019,12.779564288699525],[107.79582995226048,12.77966823831637],[107.79563158892368,12.779791262360806],[107.79553240653658,12.779983905641297],[107.79549426003248,12.78024998046861],[107.79550049181377,12.780284702199463],[107.79549425944347,12.780343440593168],[107.79554299700904,12.780571456834023],[107.79551714768124,12.780703929714347],[107.79542143266993,12.780729747585115],[107.795021237942,12.78067627224416],[107.79458636210438,12.780761149772747],[107.79439562677122,12.780889895414152],[107.79425829790713,12.78093090335453],[107.79350298781162,12.781009104827305],[107.7933885466933,12.780962374602023],[107.7932893644912,12.780621913722488],[107.79319018230979,12.780559924397672],[107.79232043133345,12.780491259350683],[107.79199236738289,12.780389216188736],[107.79177874463244,12.780244258791363],[107.79167956272344,12.780128863179197],[107.79161089721462,12.779678729115481],[107.79156512148536,12.779652980518769],[107.79119128083161,12.779745487012184],[107.79104632230246,12.77962055565934],[107.79097765791472,12.779617694341882],[107.79090899357973,12.77968921966205],[107.79093951050756,12.779858020460084],[107.79081744012299,12.779942897971116],[107.79063433563452,12.779944804325764],[107.79036730682755,12.779779818979986],[107.7902070897188,12.779798892401029],[107.78987139515523,12.779956248698788],[107.78976458421468,12.779944804325547],[107.7896882901662,12.779869464436162],[107.78970354910275,12.779703524944539],[107.7898103602322,12.779390719695522],[107.78981036048492,12.779129413039554],[107.78977221366709,12.779040721711459],[107.78973643580191,12.779030286511333],[107.78972643786014,12.77901688003332],[107.78966466693092,12.779009353594976],[107.78961199620278,12.778993991221197],[107.78852099241084,12.77887001356891],[107.78839129310148,12.778890994885677],[107.78828448125695,12.779007342361188],[107.78829211170147,12.779115107713524],[107.78848284585368,12.77914562575047],[107.788582028441,12.779204753911978],[107.7885896571737,12.779459384571641],[107.78853625163518,12.779621508908551],[107.78846758750483,12.779690174119352],[107.78840655140924,12.779738810361529],[107.78827685228028,12.779758837590768],[107.78817004030036,12.77972832062374],[107.78771990658218,12.779339221381928],[107.78764361269265,12.779311564695226],[107.78734606628642,12.779432682063396],[107.78725451364579,12.779430773552717],[107.7871553311387,12.77940884007418],[107.7869493371573,12.779257205709856],[107.78663653224096,12.779283908905034],[107.78636187448451,12.779234317651605],[107.78622454573785,12.779165652982936],[107.78623980359103,12.779051211897206],[107.78633135633378,12.778883365128095],[107.78625506214613,12.77881279271415],[107.78579729948817,12.77872886993285],[107.78554552962252,12.778751757763814],[107.78501147174705,12.778623965603435],[107.7841264615117,12.778579142934369],[107.78336352203517,12.77848854374915],[107.78319567548279,12.778548625532856],[107.78312701032013,12.778787043683483],[107.78304308743013,12.778808978773142],[107.78278368861965,12.778803256543625],[107.7823030363052,12.778710749889756],[107.78207415398947,12.778625872844694],[107.78190630690219,12.778487591140212],[107.78160113191416,12.777909663501159],[107.78136462061833,12.777772334763537],[107.78105181503496,12.777703670192924],[107.78090685715627,12.777553942984097],[107.78022021105548,12.777416613939161],[107.78000658841545,12.777435688169108],[107.77968615452352,12.77764072786336],[107.77788561632951,12.777610209829266],[107.77697771843815,12.777672198769855],[107.7768556484576,12.777740864189898],[107.77679461280549,12.777952579484229],[107.77664965414978,12.778021244502183],[107.77565020374458,12.77808037264034],[107.77486437635518,12.77856102371156],[107.77258318697137,12.779029278554734],[107.77211016513995,12.778985409547374],[107.77184313613414,12.778885273465853],[107.77094286691899,12.77873554662127],[107.7708284258614,12.778464702788417],[107.77037829185446,12.777691272167898],[107.77008074639016,12.77751675067684],[107.76972979445533,12.777504352796862],[107.76928728873948,12.777703670281651],[107.76793688614765,12.777865795268088],[107.76699084140232,12.777927784539193],[107.76644152523188,12.778015522301065],[107.76546496187937,12.778563884400508],[107.76470202331073,12.778751758704685],[107.76416796522204,12.778602031629664],[107.76198595763661,12.778602032244896],[107.76133745977997,12.778676418772328],[107.76077288433028,12.778926281966271],[107.75926989393173,12.779294399598175],[107.75848406581983,12.77928200225133],[107.75800341354774,12.779365926066681],[107.75706499863077,12.780014424279743],[107.75672167614931,12.780146985209793],[107.75515002097639,12.780194668930019],[107.75431841696782,12.779882817686339],[107.75373095260493,12.77997913867229],[107.75325030105282,12.78030338746893],[107.75262469125408,12.78027859230366],[107.75220507345043,12.78006306203979],[107.75172442303125,12.780026822596989],[107.75048846030903,12.780183224114618],[107.75026720736356,12.780123143094618],[107.75009173193821,12.780194669782958],[107.74994677354906,12.780447392083554],[107.74902361652757,12.780363469294583],[107.74813097802063,12.78038731128744],[107.74748247844782,12.780447392931743],[107.74718493277486,12.780783086822154],[107.74710863905403,12.781299977348185],[107.74306506002529,12.784420399870381],[107.7323762774913,12.782013326747947],[107.73178881417034,12.781935125237709],[107.73155230263842,12.781976133462258],[107.73060625731317,12.782464414676957],[107.72450274214201,12.785200507087351],[107.72316759801163,12.785529524788837],[107.71978777596271,12.785754591602487],[107.71701830672326,12.786468894339377],[107.71374529622044,12.786710174019353],[107.71186846502833,12.786560447040365],[107.70786303262845,12.786828429827858],[107.70594042480793,12.788002402734763],[107.70053881375829,12.788691909978496],[107.69475573306774,12.789214523556138],[107.68891924578116,12.78986969886774],[107.68660753881343,12.789062889430921],[107.68575304641557,12.789523514870481],[107.68461626678072,12.789751442786198],[107.68256395974271,12.790793809121864],[107.6823274489592,12.790702256209828],[107.68225878365452,12.790728958934197],[107.6822511545326,12.790858658869283],[107.68208330800682,12.79105320829011],[107.681785761963,12.791296394958813],[107.68174761457628,12.791804704463143],[107.6814348101869,12.792009743713429],[107.68119829890948,12.792042168705153],[107.68090838154887,12.7919181908247],[107.68061083464357,12.79169598478885],[107.68049639359631,12.791744621804831],[107.68023699523678,12.791961105965576],[107.68011492381946,12.791939171794226],[107.68002337204254,12.79186955416355],[107.6799394481272,12.791469010326516],[107.68000811269842,12.7910856333455],[107.68038195237406,12.790301712894667],[107.68037432341399,12.790236863118782],[107.68026751187006,12.790204438060602],[107.68006151876013,12.79022637309226],[107.6798402653698,12.790404710490922],[107.67955034864332,12.790550622313566],[107.6790239209063,12.791128549549368],[107.67858904557806,12.791339311229796],[107.67857378727525,12.791445168204142],[107.67882555712238,12.793280038324212],[107.67880266911662,12.793760689922136],[107.67852800961202,12.79400387696532],[107.67820757575704,12.794105920683485],[107.67792528802384,12.794063004676072],[107.67761248260487,12.793911370377522],[107.67723864315474,12.793614777965729],[107.67684191424964,12.79313031133772],[107.6767885075952,12.792904290653476],[107.67682665456728,12.792731675443893],[107.67646807347563,12.792204293095951],[107.67642992670112,12.792050752100101],[107.67626970989123,12.79205075218061],[107.67601794011861,12.792192848912272],[107.67550677008518,12.792679223164031],[107.67544573490797,12.793105515324948],[107.67552965822966,12.793379220719354],[107.66980761226566,12.796031388670187],[107.66544359905313,12.795967492827984],[107.66472643580275,12.796227845948682],[107.66373461412992,12.796809587669427],[107.66329210977878,12.797195826342152],[107.66293352770252,12.797379884724846],[107.66259783522439,12.797388468062271],[107.66194933606614,12.797274027551259],[107.66165178985352,12.797287378293124],[107.66130083743472,12.79746285417994],[107.66113299068638,12.797656450491717],[107.661033808662,12.798139010184933],[107.66108721483918,12.798498545655573],[107.65934771276271,12.798538599006216],[107.6547319284313,12.797899637088868],[107.64873522484002,12.796352778858049],[107.64630144779917,12.79621544865401],[107.6430055479858,12.795495425085196],[107.64145678128857,12.79587975598591],[107.64015978464364,12.796710406519598],[107.63830584160921,12.798287784472398],[107.63828295333464,12.7983497735172],[107.63845080072134,12.798691187808139],[107.6384202826317,12.79898015142749],[107.6379548892809,12.799427425011016],[107.63776415482519,12.79996148194193],[107.6377565251819,12.800359164464401],[107.63793963189188,12.80100384867847],[107.63733690821907,12.800829326543438],[107.63580340060848,12.801000987541713],[107.63562792445009,12.801143085357728],[107.63548296534714,12.801498805593116],[107.635429560132,12.801777278244952],[107.63575762428415,12.802424823819305],[107.63570421833022,12.80270997298748],[107.63523882533097,12.802866374558816],[107.63478106133378,12.803159152844263],[107.63468187908347,12.803615008845389],[107.63450640395858,12.80371419197419],[107.63297289523771,12.80332223034798],[107.62917345637804,12.802888309592426],[107.627815424148,12.802254115750847],[107.62662523836659,12.802005207049255],[107.62470263119256,12.80151311141573],[107.62382525102288,12.80080834610339],[107.62336748671792,12.800224696658958],[107.62131518033792,12.799683010388552],[107.62098711587157,12.799768841429366],[107.6199876650337,12.799675381316186],[107.61914843231105,12.799750721064832],[107.61869829761127,12.799901402526247],[107.61845415675023,12.800117886367513],[107.61837023425895,12.800113117124376],[107.61818712773798,12.800085461604544],[107.61769121695205,12.79983083026787],[107.61701220111537,12.799580967317292],[107.61658495530855,12.79957619917504],[107.61576098123906,12.799364483529589],[107.6129915101059,12.798945820108253],[107.61253374673761,12.798705494789354],[107.61219805276494,12.79845086307181],[107.61208361175517,12.79843274379469],[107.6120073190731,12.798357403829428],[107.61191576544499,12.79791013064087],[107.61171740169468,12.797551548847016],[107.61138933744346,12.797130024326197],[107.61080950359235,12.796846783691597],[107.6102983333836,12.79676381312621],[107.60800951520896,12.794892704584685],[107.60672777691903,12.796229756475283],[107.60555285022068,12.797086155399892],[107.6047670228014,12.797525799574915],[107.60410326525853,12.797768032770259],[107.60263842148566,12.797957814065475],[107.60221880453707,12.798218166808368],[107.60209673496793,12.798547185280018],[107.60202044025661,12.799301541878814],[107.60166948875771,12.799850858276157],[107.60153978825507,12.800320065821952],[107.60172289457007,12.800949491419642],[107.60160845327098,12.801274693689319],[107.60129564913065,12.801535047478264],[107.60112017295101,12.801738179331673],[107.60108965447736,12.802331364856679],[107.60077684998566,12.802543080852017],[107.60053270899355,12.802565015182168],[107.6001130916001,12.80229798589151],[107.59996813332569,12.802417195291811],[107.59964769890472,12.802484906461405],[107.59871691244167,12.802510656060788],[107.59882372476268,12.801436818270826],[107.59862535960069,12.801049626974487],[107.59811419040444,12.800990498911863],[107.59776323867267,12.800735868534465],[107.59760302207098,12.80047170055218],[107.59745043333155,12.800336278316637],[107.59679430530902,12.799926198024849],[107.59653490522535,12.799658216546366],[107.5963594292656,12.799554265161749],[107.59614580633743,12.799524701561877],[107.59586351949616,12.799605763848989],[107.59564226611269,12.799724973371346],[107.59529131492049,12.799717344513672],[107.5951158388841,12.799628652070641],[107.59493273305321,12.799142278691248],[107.59484118064904,12.79837552408614],[107.59463518666726,12.79816762366005],[107.59386461705512,12.797033703964797],[107.59347551858454,12.7965692648339],[107.59266680273878,12.795835889118685],[107.59001177273375,12.794724857938458],[107.5857469418322,12.795352376537597],[107.58288591886007,12.794989026307105],[107.57880419342682,12.795664228554747],[107.57695787861591,12.796754277599636],[107.5757753226281,12.797869123992134],[107.56600969748165,12.796870627246859],[107.56436937771046,12.796608366856585],[107.56282824006828,12.796504416279134],[107.56265276401544,12.796432890602206],[107.56220262975084,12.79602567159201],[107.5616838308487,12.795712866211877],[107.56121080865624,12.795507826190576],[107.56085222645905,12.79545632835795],[107.56043260946387,12.795238890951708],[107.55954760042651,12.796348013716107],[107.55926531286168,12.79674855675404],[107.55917375958207,12.796987930104825],[107.55912035450223,12.797562041948906],[107.55911272511061,12.798381248181824],[107.55894487869753,12.799579062572834],[107.55855577866083,12.801122107529514],[107.55737322329877,12.804304519544655],[107.55718248758411,12.80468122050245],[107.5569917542614,12.80478993946417],[107.55657213688868,12.804816642377064],[107.55617540803824,12.80468312799297],[107.55558031557234,12.803917327182951],[107.5551606990945,12.80368749241386],[107.55469530549477,12.803740897610114],[107.55429094748008,12.803984084376076],[107.5531541679733,12.805020728347623],[107.5526811457336,12.805634895571206],[107.55237597024384,12.806373039619578],[107.5523149346634,12.80701486189673],[107.55248278152938,12.808272758379971],[107.55281847477104,12.809124389937798],[107.55295580452268,12.809954086325522],[107.55261248121494,12.811796584853207],[107.55249041151477,12.812851348714288],[107.55268114627648,12.813508430496936],[107.55304735780103,12.814292350962587],[107.5540696957998,12.81563131017693],[107.5544893127977,12.816383759193501],[107.55464190097716,12.817052284907694],[107.55454271864993,12.817425171167951],[107.55433672471587,12.817693153797165],[107.55413836081357,12.817843833651093],[107.55324572134984,12.818026940145938],[107.55222338279842,12.818322578643961],[107.55185717175442,12.818467536756918],[107.5512391906136,12.818851867709238],[107.55086535020214,12.819275298705737],[107.55074327983532,12.819698730757764],[107.55070513244934,12.820016304224138],[107.55123919059874,12.822100083290845],[107.55136126120149,12.822777191362626],[107.55130022547678,12.823018470880076],[107.55117052633342,12.823227326649986],[107.55098742042627,12.823356071860852],[107.55049151017027,12.823451438995267],[107.5499345647871,12.82337896013781],[107.54942339437542,12.823165337469508],[107.54886644902828,12.822760025103163],[107.54770678062094,12.822080056656146],[107.5465700015673,12.821494500544144],[107.54613512599185,12.821449677113316],[107.54576891478959,12.821607033394763],[107.54544848058903,12.82199517984059],[107.54536455674035,12.822445313036186],[107.54537981586613,12.822771469505534],[107.54564684462271,12.823772827352094],[107.54563921511814,12.824070374467519],[107.54557818002006,12.824250618935565],[107.54528826241783,12.824582497127027],[107.54384630741234,12.825662057060404],[107.54340380275954,12.826229493657406],[107.54224413515516,12.828479211138724],[107.54186266460081,12.829474846806637],[107.54188555302254,12.83005945006536],[107.54245012863734,12.831499497713386],[107.54261034575998,12.832157532989777],[107.542602715841,12.832781236383036],[107.542411981824,12.833124559143933],[107.54165667213216,12.833789270392236],[107.5414888249014,12.834103029490407],[107.54132860783025,12.834537903713022],[107.54088610303506,12.834879320453455],[107.54006212826073,12.835237901251803],[107.53890246026265,12.835845392546101],[107.53746050467332,12.836240213542274],[107.5369951108408,12.836499612082243],[107.53640001890354,12.837042253370049],[107.53587359017898,12.837136667630467],[107.53510302247162,12.837726991253016],[107.53418749376637,12.838098924275362],[107.53372210149175,12.838328760542659],[107.5333635203572,12.838689248530647],[107.5329591623414,12.83892480662087],[107.53179186383748,12.839307229700552],[107.53154772406451,12.839335840653328],[107.53077715530209,12.839316767004686],[107.53016680350638,12.839389245886018],[107.5292360170232,12.83943120768167],[107.5284959657721,12.83934537728879],[107.52764147380974,12.839501779656525],[107.52700060470808,12.839755457192236],[107.52671068787433,12.840106408709518],[107.52667254130641,12.840312402658821],[107.52667254115538,12.840526026242738],[107.5267793516947,12.841123979891359],[107.52672594576059,12.841663759927673],[107.52653521210675,12.842158717022606],[107.52610033650389,12.842793863785884],[107.52588671312536,12.843175332735719],[107.52556627856096,12.845388812387249],[107.52542894964208,12.846090716226044],[107.52544420822747,12.847781580193343],[107.52539080258796,12.84824125172626],[107.5251924386882,12.848632258166688],[107.52421587647756,12.849385661638669],[107.5232316841121,12.850318354782647],[107.52299517348875,12.850589198798634],[107.52296465566889,12.850768488831593],[107.5231477609522,12.851244372826548],[107.52311724376119,12.851468486005594],[107.52246874470416,12.852253359469916],[107.52230852745247,12.852871341077648],[107.52209490451769,12.853163165727898],[107.52124804176371,12.853866976455565],[107.52085894292674,12.854459208833571],[107.5205461373011,12.854633730723593],[107.51979082778232,12.854866428072224],[107.51927202853383,12.854935091822677],[107.517334162459,12.855665607118736],[107.5158922069201,12.855967921823067],[107.51352709460217,12.856230181815574],[107.51271837860429,12.856353206566284],[107.51223009774056,12.856505794669335],[107.51187151556401,12.856707019534975],[107.51165026320068,12.85690919859097],[107.51150530467181,12.857200069174871],[107.51145952872963,12.857514781806502],[107.51156634097133,12.858684940148164],[107.51205462181453,12.86045114575662],[107.51279467255733,12.861863536617838],[107.51320665980865,12.862894458452148],[107.51329821270453,12.863334102458442],[107.51327532510432,12.86448614182289],[107.51302355485653,12.865468426056418],[107.51251238519325,12.866499347958388],[107.51203173375293,12.867782039550866],[107.51136797583729,12.869315547634644],[107.51104754180498,12.869651242012766],[107.51074999533509,12.869803830120327],[107.5104295610405,12.869862003810166],[107.51006335040562,12.869821949762892],[107.5087663532589,12.869548245284255],[107.50812548440115,12.869646473400628],[107.50757616704631,12.869553012683236],[107.50708788592199,12.869642658867921],[107.50630968848559,12.86992494567994],[107.5047838091427,12.870682164224748],[107.50388354004365,12.871332569926832],[107.50347918235398,12.871798916102607],[107.5030595664814,12.872560902369056],[107.50227373835735,12.87424223021805],[107.50203722759385,12.874614163634922],[107.5017473103595,12.874972744187772],[107.50131243465181,12.875372334252397],[107.50099962903961,12.875757618498566],[107.50032061372008,12.876251622606052],[107.49980944404079,12.876739903732236],[107.49900072850873,12.877190038154707],[107.49862688771111,12.877511426449805],[107.49855059348067,12.877650662657915],[107.49833697008016,12.879349156782393],[107.49819201230973,12.880860730518144],[107.4981462361198,12.881792471244838],[107.49752825571933,12.88620035334857],[107.49749773819468,12.887571737593142],[107.49754351374608,12.888504430229741],[107.49750536665128,12.889450474913325],[107.49709337994463,12.89071981645237],[107.49687975729361,12.891768858093052],[107.49685686872125,12.892432615838239],[107.49673479929152,12.892920896835037],[107.496437252338,12.893315717604315],[107.49591845316239,12.893463537555776],[107.49509447898353,12.893472120689625],[107.49376696405285,12.893382474446472],[107.49321764778836,12.893476888396192],[107.49267596068108,12.893687650656396],[107.4922410852846,12.894010946307551],[107.49193590862345,12.894319937210717],[107.49166125072612,12.894925521253459],[107.49149340374595,12.895624564160633],[107.49138659299331,12.896565840009352],[107.49143236944491,12.897866652189334],[107.4918290985932,12.898991987791177],[107.4922105682773,12.899772092655487],[107.49314135413566,12.900798247210968],[107.49608630012408,12.90251104547073],[107.49707812183618,12.90377561828083],[107.49727648704774,12.904143736256417],[107.49744433224669,12.904584333754768],[107.49744433285703,12.904911444203963],[107.49723071003743,12.90535013386682],[107.49711626856948,12.905524657317745],[107.49639147667538,12.906208441355641],[107.49597185953087,12.906692908116455],[107.49521655002235,12.90804712544326],[107.49504107402144,12.90822260252317],[107.49459856860577,12.909131453359178],[107.49476641536401,12.909299300483148],[107.49530047260085,12.910205290302173],[107.49588793685801,12.910716460111981],[107.49616259491644,12.910824224972716],[107.49644488244782,12.910872862062467],[107.4978334322347,12.910689757090486],[107.4987871067632,12.91079275406227],[107.49920672281931,12.910922454110654],[107.49967974553225,12.911294386912106],[107.50002306881736,12.911734030413733],[107.50153368898398,12.914804861878643],[107.50219744582697,12.915652677842012],[107.50223559279544,12.916056081967671],[107.5021287810849,12.916347907511934],[107.50193041752242,12.916500494918564],[107.50112933100205,12.916464254892814],[107.50086993160727,12.916486188959535],[107.4997560404857,12.916881011437965],[107.49715441606618,12.918459342287614],[107.49659747027388,12.918854163745197],[107.49619311288545,12.91922609617454],[107.49578112551603,12.91980402301568],[107.49492663342188,12.921342299319331],[107.49491137402498,12.92153494174315],[107.49498003923789,12.921821998162992],[107.49525469776354,12.922485755368946],[107.49536913883118,12.923050331218203],[107.49534625055158,12.923431800490143],[107.49521655077001,12.923682617200091],[107.49501055621015,12.9238218525038],[107.49472826955217,12.923893379110988],[107.49298113740682,12.923722670552095],[107.49265307320158,12.923821852529413],[107.49230212135828,12.924054549802916],[107.4921342757802,12.924230026008347],[107.49210375716603,12.924391196655176],[107.49232500914758,12.924955771920295],[107.49254626277838,12.926821158670508],[107.49298876791552,12.927820610338118],[107.49338549591285,12.928538725672588],[107.4940950297734,12.929215834946135],[107.4947206395559,12.929561064830425],[107.49540728543208,12.929740355669223],[107.4958192729311,12.929896759062537],[107.49607104293722,12.930210517886538],[107.49611681997276,12.930524275995486],[107.49593371381691,12.930793213262756],[107.49534625060471,12.931192801869193],[107.49527758566875,12.931322502396856],[107.49520129184627,12.931636261280667],[107.4950410748755,12.931744025929168],[107.49478930527633,12.931802199950445],[107.49419421149365,12.932067320805741],[107.49372118960389,12.932595657314707],[107.49356097195941,12.933026718324117],[107.49356860195493,12.93319265736743],[107.49369830205907,12.933407234251785],[107.49391192459316,12.93358652545904],[107.4940416235802,12.933797287000031],[107.49403399460898,12.934097694644503],[107.49353808406654,12.934685157710051],[107.49305743170156,12.935447143243856],[107.49321764993086,12.936721252574223],[107.4931337261767,12.937093185362583],[107.49279040448498,12.937491821608058],[107.49256915147262,12.937895225434438],[107.49133318915591,12.938626693301844],[107.49097460787272,12.938935684866594],[107.49072283812737,12.9395632022836],[107.49010485721577,12.940213607398237],[107.48955554006326,12.94055025620373],[107.48893755913072,12.940756249014498],[107.48860949533258,12.94102518442257],[107.48840350263985,12.941437172431085],[107.48813647310924,12.941836761932953],[107.48774737402756,12.942218232069918],[107.48728960994433,12.942424226266736],[107.4869844342689,12.942455697217502],[107.48609942499881,12.942289756879951],[107.4856111432179,12.9424194574087],[107.48512286188164,12.942638801743513],[107.48481768649275,12.942903923796738],[107.484565915906,12.943307327974049],[107.48438281117701,12.943926262792827],[107.48430651769405,12.94444124713525],[107.48444384621357,12.944920944768116],[107.48471087548337,12.94526236039234],[107.48497790412867,12.945495057167845],[107.48527545051166,12.945687699438203],[107.48535174428608,12.94590322960762],[107.48534411452145,12.946150230793508],[107.48527545004266,12.946284699023224],[107.48492449850265,12.946530747160304],[107.4844514751838,12.94724409662047],[107.48428362978603,12.947719025049995],[107.4842225943993,12.94802420140665],[107.48426074017051,12.948225426448312],[107.48440569950674,12.948512482196262],[107.48479479804865,12.948902534979709],[107.48529833813745,12.94908182675418],[107.4862214956714,12.949118065997961],[107.4873506454904,12.949297356591773],[107.48764819300912,12.949431824213528],[107.48777789118088,12.949651170060298],[107.48780078023316,12.949813293803059],[107.48770922717308,12.950207161872306],[107.48749560496137,12.95041601627455],[107.48702258127874,12.950637269133797],[107.48674792377804,12.951046395553051],[107.48643511904368,12.951894212477892],[107.48614520185582,12.952351022629449],[107.48584002575235,12.952651429214528],[107.4852296749096,12.95306341635051],[107.4850389400218,12.953332352750682],[107.485016051337,12.953566003155354],[107.4850770866735,12.953771996537084],[107.48523730335612,12.954018044077474],[107.48541277991384,12.954108643224439],[107.48582476688443,12.954188752917874],[107.48670977647237,12.954724717906933],[107.48686999408622,12.954908776108802],[107.48700732369691,12.955295968072942],[107.48706835920432,12.955825257432217],[107.48699969394418,12.956031251174888],[107.48627490151476,12.956659722604817],[107.48610705511051,12.956932473352037],[107.48581713765448,12.957801270929927],[107.48609942582581,12.958533692705844],[107.48619097800403,12.960044312389106],[107.48627490197403,12.960559296568984],[107.48655718926929,12.961303162541762],[107.4869996939377,12.961974549816953],[107.48814410355132,12.96295874210437],[107.48947161873541,12.963909554541114],[107.48979968196177,12.964218545996646],[107.48993701140812,12.964563775989033],[107.48995227004161,12.965012003125178],[107.48978442362227,12.965487885320158],[107.48919696071532,12.966128754815957],[107.48722857686089,12.96765749471141],[107.48694628857992,12.968087602025841],[107.4868089593504,12.96843760101936],[107.48687762484698,12.968966890187748],[107.48722094767459,12.969800400880736],[107.48816699199921,12.970849442968895],[107.4888383783469,12.971302438830413],[107.48988360583722,12.971823144581808],[107.49173754830285,12.972468782256493],[107.49449176085005,12.97366564320354],[107.49507159450243,12.973728586060787],[107.49661273164352,12.97367899467626],[107.49727648980596,12.973499704002961],[107.49769610569336,12.97316782443748],[107.49878710950588,12.97287218611238],[107.50048083489283,12.9728130589714],[107.50164050292776,12.97303335692084],[107.50331134095907,12.973652291442745],[107.50375384609195,12.974077630901078],[107.50411242710986,12.974580216600915],[107.5042726440903,12.974934029295657],[107.50436419740308,12.975333619719462],[107.50433367956023,12.975723672576251],[107.50379962242269,12.976982522183143],[107.50337237657557,12.977367807087354],[107.50267047106658,12.977795052634962],[107.50152606215241,12.978302407844039],[107.50082415779903,12.978675294426981],[107.50028247118652,12.978878426413603],[107.50010699545079,12.979060578534593],[107.49980181942006,12.979583192625611],[107.49949664337039,12.980296541200737],[107.49888629244876,12.981027055688829],[107.49841326942399,12.98138468303233],[107.49815387073704,12.98164694444498],[107.49777240043183,12.982240128718953],[107.4976427003836,12.98269598638739],[107.49751300118994,12.983380724401593],[107.49734515419543,12.983935762553445],[107.49707812500884,12.98451559586808],[107.4966203625543,12.985708643320681],[107.4964296272849,12.986882616091846],[107.49635333369469,12.987923075777646],[107.49648303338661,12.988487650562442],[107.4970704967653,12.989823747333796],[107.49781054741884,12.991187502694888],[107.49804705851693,12.992002893127665],[107.49864978244744,12.996074129665125],[107.49868792888869,12.996529985591385],[107.49864978189493,12.997142244337855],[107.49858111692726,12.997510363069093],[107.49834460578899,12.997970987919942],[107.49740619027445,12.998442103033723],[107.49607104620505,12.998994280641455],[107.49480456744703,12.999634195970927],[107.49365252848303,12.999975611550953],[107.49215716662029,13.000297952933657],[107.49178332569832,13.00050871488762],[107.49145526339728,13.000893999798944],[107.49124163934151,13.001714160427987],[107.49098986930775,13.002988269383215],[107.49090594579685,13.004141261216759],[107.4910966808828,13.00569956553914],[107.49128741606798,13.00677721730435],[107.49161548013255,13.007713725381516],[107.49298877134612,13.010681559220863],[107.493049806366,13.01143496213745],[107.49279803691918,13.012143542426791],[107.49208087352561,13.01339857902586],[107.49175281012823,13.014089038473205],[107.49148578050152,13.015443255468142],[107.49109668203354,13.016671588653299],[107.49127215775111,13.018631389270187],[107.49143237482743,13.02119486566039],[107.49163074016107,13.021338870878488],[107.49211902137927,13.021285465212133],[107.49261493107198,13.021280697254191],[107.49321765399264,13.022001675271992],[107.4940111111744,13.022720744738214],[107.4940568869818,13.025020054196977],[107.49052447764225,13.031880787064349],[107.4903490019179,13.033753803959627],[107.51251239515916,13.086131505781955],[107.55963917167897,13.195588523719398],[107.60657521339066,13.30430358341216],[107.60905476718834,13.305530008346198],[107.61251851164025,13.306976732180837],[107.61469288894368,13.307633814200905],[107.61497517746042,13.310163912159709],[107.61533375959543,13.311250147051775],[107.6156313051795,13.311665949701643],[107.61614247431403,13.311990198781015],[107.61763783665695,13.312539514962221],[107.61882802146157,13.31269019508051],[107.61984273137499,13.312632975003151],[107.62127705769092,13.313040193987643],[107.62422963355223,13.315096316151982],[107.62483235536708,13.315262255212662],[107.6254655941891,13.315262255531128],[107.62596913442978,13.31512778666527],[107.62711354414311,13.314534600971827],[107.62780018929135,13.314254220897903],[107.62824269450283,13.314202722547684],[107.62873097530898,13.314275202316031],[107.62913533392673,13.31453460087185],[107.62953206293449,13.31489890489905],[107.62973805603033,13.31528323591943],[107.6299593086936,13.316208300383307],[107.62989064424183,13.318901475770426],[107.62990590247254,13.319858011152128],[107.63000508517484,13.320200380284053],[107.6304399611748,13.320803102785145],[107.63096638932397,13.321229395258351],[107.63194295091861,13.32168715886093],[107.63275929693656,13.32189505996249],[107.63344594164118,13.321905550425976],[107.63830586649645,13.321687158407254],[107.63871022456125,13.321759637467908],[107.63919087662043,13.322134431731662],[107.63945027626053,13.322591241847995],[107.63955708713998,13.323235925363283],[107.63961812215224,13.326958117052518],[107.63977071057549,13.328153070640214],[107.6400758862773,13.328776774434948],[107.64034291531452,13.328984675311418],[107.64078542093209,13.328984675315633],[107.64112874236997,13.328880723985137],[107.64487477547647,13.326157030040097],[107.64550038592846,13.325762208269191],[107.64662190663852,13.325502809470176],[107.64725514634964,13.325418885111253],[107.64827748565708,13.32547133716291],[107.64891835473068,13.32567923873364],[107.64942952479642,13.326219972396903],[107.64976521766854,13.326759751780914],[107.64991780582349,13.327779229806563],[107.64970418274366,13.329067643393508],[107.64974233007825,13.330097612639976],[107.6501390580405,13.332945283998008],[107.65020009424812,13.334234652086664],[107.64985677128409,13.33628219002986],[107.64923116002446,13.340825494994068],[107.64925404972129,13.341595110521398],[107.64945241350681,13.34211486301772],[107.64981862448697,13.342550692081243],[107.65025349921346,13.342811044976148],[107.65081044568599,13.342925486460587],[107.65393086741558,13.342613633552867],[107.6546404013067,13.342738565639582],[107.65508290617142,13.342956957376874],[107.65605183992884,13.344391283175552],[107.65690633205853,13.346105990183322],[107.6574632778967,13.346688684864294],[107.66005727174161,13.348455842903162],[107.66140004569118,13.349516329052069],[107.66287251921663,13.35037940354279],[107.66375752869484,13.350649294305633],[107.66438313900171,13.35079520571768],[107.66586324243396,13.350763734914919],[107.66722127437775,13.350492890488383],[107.66900655221217,13.349630769160045],[107.66955586781161,13.34948485719831],[107.67037984330332,13.349442895640228],[107.67081471932161,13.349599298381362],[107.67165395260973,13.35024398177235],[107.67221852714204,13.35111659381443],[107.67261525637714,13.352240022241963],[107.6730577610553,13.354329522402635],[107.67393514138057,13.356595452386694],[107.67433186918491,13.357259210515949],[107.6749269628297,13.357708390936885],[107.67836781926918,13.35925525072409],[107.68099996062215,13.360718186451964],[107.68207570585913,13.361122544544086],[107.68305989763353,13.361878808123903],[107.6839983132823,13.36344378859615],[107.68447133616073,13.363789018690102],[107.68497487570818,13.36393493070521],[107.68540212162335,13.363924440722071],[107.68581410931404,13.36371653901422],[107.68650075494483,13.363228257832567],[107.68756124103787,13.362042840280166],[107.68836232713613,13.361876901127214],[107.68894216111654,13.362042840150252],[107.68928548414101,13.362323220025596],[107.6894304424063,13.362791474108265],[107.6895143664953,13.365005906056195],[107.68974324678265,13.365795549168366],[107.69111653803589,13.368209298661194],[107.69197866045661,13.369430955098856],[107.69301625833883,13.370671685068201],[107.69390126730528,13.371437486626782],[107.69583150474438,13.372748788298386],[107.69732686704668,13.373336251645226],[107.70158406863011,13.374475892433392],[107.70389577519138,13.374933656346647],[107.70436879817414,13.37489169403175],[107.70609304124096,13.373999054984434],[107.70663472775128,13.373579437655748],[107.70722982115618,13.373046333727546],[107.7080003887344,13.372012551097665],[107.70880910522179,13.370453293382583],[107.70909139326844,13.370078499698138],[107.70961019198958,13.369745667241016],[107.71007558476497,13.36966269790228],[107.71056386623236,13.369798119712307],[107.71115895860557,13.370130952033652],[107.7117387924679,13.370952065552762],[107.71192189794688,13.371627267059834],[107.7120821158423,13.37268775250792],[107.71233388630804,13.373114045027629],[107.71308156652486,13.373644288050471],[107.71450826269857,13.374060089920974],[107.71604940161076,13.37427848172865],[107.71714803384664,13.374195511957499],[107.71781179088677,13.373862679174128],[107.71872731834145,13.373072083796194],[107.71926137628091,13.37228244077791],[107.71992513263233,13.37046283001009],[107.72024556760115,13.36971514911465],[107.72067281381962,13.369433815354084],[107.7214128653273,13.369288857242298],[107.72286244971002,13.369319373976873],[107.72463247006297,13.369516785250791],[107.72502919805285,13.3693718259404],[107.7255708855282,13.368862564125308],[107.72588368976515,13.368269378510124],[107.72623464194673,13.367885047842146],[107.72705861665527,13.36730330646184],[107.7287065659783,13.366461211693156],[107.729629723313,13.36613886958358],[107.7301256339647,13.366159850299555],[107.73463460652773,13.36732333371266],[107.73577901513305,13.36745875531905],[107.7369310542212,13.367303306102409],[107.73757192286617,13.367146903574174],[107.73810597982498,13.36685603269461],[107.73871633257518,13.366253309958564],[107.73976918857915,13.364839011294986],[107.74019643410762,13.364412719409586],[107.74054738751468,13.364246779355502],[107.74095174405426,13.364228659941762],[107.74265309906181,13.36435931318023],[107.74448415438196,13.364733153188022],[107.74517080025701,13.364723617310451],[107.74602529254219,13.36442320908831],[107.74737569490435,13.363685064489314],[107.74817678173902,13.363404685034098],[107.74867269248662,13.363386565106676],[107.74922963832408,13.363469535055904],[107.74980947274763,13.363713675593637],[107.75082418181145,13.364368849245947],[107.75113698618772,13.364665441322515],[107.75145742149294,13.365117483225537],[107.75158712053414,13.365554266718096],[107.75165578545965,13.366530828492884],[107.75165578569988,13.367217474433787],[107.75146505035849,13.368864469615666],[107.75152608555123,13.369203024876759],[107.75172445074712,13.369582586497232],[107.75200673809563,13.369770460879238],[107.75238057758754,13.369788580818838],[107.75265523644761,13.369756156081106],[107.75499746098,13.368719511693719],[107.75582143437396,13.368636541614693],[107.75930806922491,13.369613104933315],[107.76029226124359,13.370122366783452],[107.76117726987927,13.370938711831572],[107.76203176255156,13.371920996610633],[107.7624132320436,13.372089796033421],[107.76283284895969,13.37207263081141],[107.76322957783096,13.371926718615269],[107.7634737175412,13.371672087785011],[107.76352712360108,13.371307782974924],[107.7623140494075,13.36883681290997],[107.76210042721324,13.368058615391728],[107.76209279816493,13.367551260077091],[107.7622835329713,13.366884642636215],[107.76242849077036,13.36661952043074],[107.76354238232885,13.365580014729575],[107.76432058028153,13.364920072967173],[107.76462575711992,13.364846640194179],[107.76496144933327,13.364888601497118],[107.7652208483126,13.365024022683341],[107.76624318769521,13.365849904997686],[107.76667806385316,13.366623335436453],[107.76721975052689,13.368130139879653],[107.76757833234917,13.368728093852363],[107.76813527763558,13.36930125250992],[107.76857015391404,13.369541578055998],[107.76896688194671,13.369667462735448],[107.76959249284066,13.369710379498196],[107.77014943841436,13.3696445746068],[107.77092000730592,13.369392805367363],[107.77240011045131,13.36948149679621],[107.77404043041172,13.36988490105198],[107.77424642309082,13.369993619455682],[107.77447530546404,13.37018530791584],[107.77470418677254,13.370460920228428],[107.77500173345379,13.371101788745474],[107.77531453776804,13.37211268360609],[107.7754289789437,13.372358731917945],[107.77563497289232,13.372516087897484],[107.77583333713201,13.372599058131724],[107.7771379644749,13.372807913287966],[107.77799245672702,13.37304060837907],[107.77940389455468,13.373315267735949],[107.77980062281117,13.373538427102224],[107.77999898732166,13.373841695741138],[107.78007528099708,13.374357633438374],[107.7802507571864,13.374781064808476],[107.78055593256629,13.37500994657747],[107.78121969009078,13.37515013639133],[107.78173085972522,13.375164442059502],[107.78345510238111,13.37503855705104],[107.7842638186749,13.37515871930702],[107.78471395321232,13.375281743951376],[107.78514882824626,13.375511578700223],[107.7858278448394,13.37556021614681],[107.78616353729826,13.375691823520336],[107.7863390146869,13.375886372197787],[107.78717824733233,13.377583913931568],[107.78793591646696,13.378392938204874],[107.78826162161545,13.37874072059316],[107.78903981979789,13.37912505045967],[107.78999349455603,13.379760198543128],[107.79156514982728,13.381461553558879],[107.79221364831938,13.38185065245422],[107.79245016020703,13.381905011306994],[107.79383870949393,13.381747655901977],[107.79441854272001,13.381830624115604],[107.79492208337625,13.382053784353866],[107.79540273548028,13.382331304533556],[107.79578420516228,13.382417134158775],[107.7962114513123,13.382268361354487],[107.79729482462622,13.381025723122482],[107.79816457629983,13.380612782427617],[107.7991106206846,13.380686214863427],[107.79957601426418,13.380882672361],[107.79993459630153,13.381200246038196],[107.80006429494306,13.381638936370855],[107.80001089031049,13.38195937156909],[107.79943105613567,13.383299282870965],[107.79918691497343,13.384041242451497],[107.79784414168262,13.386282376183797],[107.7976534075317,13.386812619153007],[107.79760000105482,13.387459210990693],[107.79771444213446,13.388146809884951],[107.79785940061673,13.388547353738838],[107.79822561156539,13.388845853372352],[107.79923269168512,13.389289311928735],[107.8002702895325,13.390014104229403],[107.80081197665328,13.390566281471662],[107.80126974081145,13.39141982091879],[107.80151388081647,13.392008237732014],[107.80159017502997,13.392788342892556],[107.80159017431733,13.393211774458386],[107.80142232890269,13.39378588699988],[107.8031694595252,13.393392972804614],[107.80364248179552,13.393206052614863],[107.8041307633984,13.393142156200419],[107.80441305122989,13.393189839737133],[107.80499288523059,13.393944196777177],[107.80547353728169,13.394266538283436],[107.8060457422612,13.394296101631927],[107.80661794601215,13.394152097179706],[107.80737325562437,13.394085339062073],[107.80786153820563,13.394261769373662],[107.80829641324588,13.394639423981657],[107.80869314184169,13.394874982374644],[107.80897542916452,13.394872121420677],[107.80934163979411,13.394700459090263],[107.80983755062515,13.39433138711977],[107.81009695004008,13.394296101704034],[107.81100484835922,13.394445828027852],[107.81156942319308,13.394439153050334],[107.81260702098086,13.393988065025802],[107.81407949396005,13.393887929003494],[107.81478139800367,13.393465451358368],[107.81550619099507,13.39321081960361],[107.81571981384694,13.393027715287165],[107.81618520710491,13.392761640183533],[107.81685659438806,13.39283984138921],[107.81930562945732,13.393337658903368],[107.83145162537845,13.39629690981895],[107.83922597917382,13.400506427995712],[107.84562704024555,13.394861628777228],[107.85166952113185,13.389293124268306],[107.85346242951827,13.389529634820715],[107.85652181650565,13.390282084007236],[107.87215444595964,13.393206049925372],[107.87651846060952,13.393607546337599],[107.87844869729261,13.392779756037942],[107.8802873814819,13.391385483771256],[107.88101980344764,13.391132760687732],[107.881813260334,13.391319681029696],[107.88228628250448,13.391179491206017],[107.88304159260694,13.39042036616997],[107.88381979028853,13.38791506371577],[107.88479635316205,13.387952257081675],[107.88625356724357,13.38629763152386],[107.88656637295445,13.384854723014486],[107.88950368946459,13.385554719385864],[107.89228078897064,13.385760712283956],[107.8936083044285,13.38608782328937],[107.8969118313518,13.386602806894707],[107.89944479039936,13.387534547098472],[107.9001543245021,13.38796179350193],[107.90052053520952,13.388287949198164],[107.90412923993938,13.388245988105666],[107.90583822335446,13.388504433232882],[107.90718862640136,13.388878273694978],[107.90837881128371,13.388618873384269],[107.90896627578871,13.388298439697296],[107.90979787959883,13.387439178360712],[107.91029378942396,13.386450218609308],[107.91099569490277,13.386072563492625],[107.91185781597363,13.385366844136],[107.91226980366493,13.385284828799731],[107.91359731724255,13.385287689093285],[107.91570303072015,13.384859488968502],[107.91664907581867,13.384275840209138],[107.91793081327832,13.383056091210765],[107.91837331906069,13.382720397681524],[107.91983053312165,13.3812526928686],[107.92015096787138,13.380876945206511],[107.92070028497106,13.379818366531579],[107.92093679576229,13.379528450318638],[107.9220812047754,13.379259513864872],[107.92318746662329,13.379148886471915],[107.92511007460362,13.37841265077185],[107.92692587020565,13.37782995582282],[107.93323537995688,13.375656531454808],[107.93376180783135,13.375824377994615],[107.93408224238415,13.375813886944442],[107.93502065805492,13.375623151839466],[107.93574545103615,13.375525878006302],[107.93832418523401,13.375850126604849],[107.93914053036634,13.375596449329212],[107.93964407088887,13.375295088281732],[107.94033071673189,13.374359533429928],[107.940696928003,13.373965666193856],[107.94251272364528,13.373389646293703],[107.9430010047798,13.373460218245238],[107.94332143853805,13.3737386920099],[107.94378683153418,13.3744806505855],[107.94396993736372,13.375217840515418],[107.94405386098005,13.375910207869094],[107.94377157395081,13.379208014023698],[107.94380209140863,13.379641936061915],[107.94403860308488,13.3801168657381],[107.9444582186456,13.380434439149242],[107.94493124241426,13.380546019175764],[107.94566366424614,13.380550787761884],[107.94657919142203,13.380318090814084],[107.94795248179965,13.379894659598579],[107.9485552041947,13.379853651820083],[107.9488603799429,13.37998048978616],[107.94915029743626,13.380187437858593],[107.9494936197993,13.380631849388],[107.94969198442763,13.381061002849636],[107.94969961343507,13.381596014459863],[107.9495775437013,13.38318197508842],[107.94934103192469,13.38505022258366],[107.94938680853464,13.385237142810228],[107.94957754291522,13.385408805037198],[107.95004293674367,13.385549947977339],[107.95092031607717,13.385621473566172],[107.9524156783718,13.385600492592827],[107.95446798515579,13.384823248288296],[107.954971525398,13.384504720715825],[107.95560476526332,13.383560583657752],[107.95673391545508,13.382947370614929],[107.95719930829978,13.38284914203402],[107.95760366666278,13.382453367409724],[107.95778677159389,13.381985113753359],[107.95785543658297,13.381003782482349],[107.95825216503911,13.380553648587966],[107.9585954869068,13.380359098558458],[107.9588243695172,13.380333349576524],[107.95918295176284,13.38039438462618],[107.959877226458,13.380429670382325],[107.96099874778282,13.380279942961515],[107.96344778210273,13.379785939654141],[107.96488210871048,13.379689618533996],[107.96524069069571,13.379749699966725],[107.96591970616245,13.379980488755756],[107.96641561749584,13.38025991606874],[107.96780416641319,13.381760998882967],[107.96899435261638,13.382478161563606],[107.9696657395612,13.382713720223382],[107.97016164968605,13.38275282094478],[107.97074148342337,13.382735654198303],[107.97133657652137,13.382555409416621],[107.97274801430132,13.381657048523856],[107.97345754883055,13.381360455812452],[107.9739229418008,13.381234570236506],[107.97418997096698,13.381246014600475],[107.97454855177398,13.381437703896621],[107.97484609890448,13.381661816832393],[107.97499868677836,13.381936474178476],[107.97507497984213,13.382176800585569],[107.97508260981932,13.382840558496316],[107.97518942066831,13.38305418187719],[107.97538015540903,13.383250638436461],[107.9755937789889,13.38338033799323],[107.9769899583051,13.383936329635905],[107.97862264921761,13.384280606248064],[107.97888204769743,13.38428632820082],[107.98026296867118,13.384006901812562],[107.98090383838647,13.383695050581808],[107.98115560778204,13.383711262401755],[107.98138449000321,13.383842869707221],[107.98161337176711,13.384286328876613],[107.98174307135305,13.384643002780107],[107.98175070057661,13.385234280305061],[107.98121664312133,13.386127873572358],[107.98078939743237,13.3870748727336],[107.98037741060307,13.388762875369585],[107.98031637494809,13.390323086545093],[107.98040029811263,13.3906807151962],[107.98052999820185,13.39087717138151],[107.98191854694116,13.392219945663802],[107.98311636222098,13.392669125317788],[107.98381826730426,13.392729207282178],[107.98448202457284,13.392559454035403],[107.986374114768,13.391820355871513],[107.98716757101994,13.391792698939604],[107.98789999340374,13.391900464843197],[107.98869345032531,13.392088337126488],[107.98908254993212,13.392082615473832],[107.98944876040547,13.391924305622737],[107.9901125172153,13.391397877262758],[107.99131796188334,13.390132351161077],[107.99214956528618,13.389458104116631],[107.99324056923035,13.388960285883925],[107.99344656259788,13.388921184926557],[107.99400350833955,13.388998433474203],[107.99456045486924,13.389279766766297],[107.99617788700594,13.390395566083932],[107.99671957366591,13.39065305814551],[107.99703237818925,13.390696926921182],[107.99745962437639,13.390663547737377],[107.99792501765613,13.390471858699902],[107.9986040339825,13.38974897407579],[107.99907705674873,13.389349384622571],[107.99945089651844,13.389118595885568],[107.99972555480662,13.388828678868537],[107.99979421970991,13.388680858511796],[107.99987814213348,13.3880943491683],[107.99981710754955,13.386856479677967],[107.99993154857303,13.386675282164145],[108.00069448770597,13.38622037839209],[108.0022051074386,13.385547084589732],[108.00426504460036,13.384434146062336],[108.00543234156729,13.38393632848274],[108.00597402817888,13.383551998106219],[108.00679800324549,13.382725162582403],[108.0078050832981,13.381212635319374],[108.008117888241,13.380911273451124],[108.00831625206037,13.380856914575022],[108.0088350511162,13.380889339557779],[108.00939962619147,13.380988521411348],[108.0106355882541,13.381513996299306],[108.01215383877806,13.382325572356875],[108.01262686033013,13.382653636131682],[108.01281759551966,13.383037013646906],[108.01325247117508,13.384335918528068],[108.01368734679991,13.385218067335185],[108.01408407596884,13.385711115750068],[108.01484701469492,13.386142176859751],[108.01635000563252,13.386580867117384],[108.01709005714382,13.386640949195131],[108.01763937395202,13.386565608128974],[108.01837942458123,13.386170786950334],[108.01871511767692,13.386084003249511],[108.01924154601926,13.386154574683],[108.01989767371408,13.386335773048875],[108.0203783262672,13.386549395620536],[108.0213167422056,13.38679067570499],[108.02186605797847,13.387026233129621],[108.02259085090367,13.38763372365416],[108.02300283773305,13.388160151875823],[108.02345297166683,13.38886682513819],[108.02393362405145,13.389968317591599],[108.02444479358374,13.390817088584916],[108.02473471048148,13.391030712168336],[108.02515432704719,13.39126626875555],[108.02565023858165,13.391403597739755],[108.02594778384706,13.391825121797831],[108.02636740167243,13.39301912256579],[108.02647421270397,13.394142551139659],[108.02656576533178,13.394504946883739],[108.02668783568568,13.394806308271159],[108.02697775219107,13.395096224596053],[108.02726004047014,13.395260256706363],[108.02791616859746,13.395337504682798],[108.03003714032572,13.394745273110413],[108.03025076338726,13.3947347829913],[108.03039572102024,13.394806307529185],[108.03057119714528,13.39512864975155],[108.0306856387868,13.39596692945525],[108.03087637334752,13.396230144112966],[108.03183767774425,13.396417064049912],[108.03237173442405,13.396263522855767],[108.03302023399881,13.395644587428878],[108.03322622782878,13.395605486585868],[108.03336355651155,13.395666521889758],[108.03363821481531,13.395956438897883],[108.03392813134818,13.396525782381149],[108.03421041865491,13.39759961936707],[108.03452322500202,13.398241442588766],[108.03530905194992,13.399281901352403],[108.03557608039888,13.39981309808212],[108.03572103995968,13.400459689815358],[108.03575918705059,13.401095790070173],[108.03566000427244,13.402284069087452],[108.03567526317842,13.402503414165865],[108.03575155696863,13.40267889001242],[108.03594229228219,13.402816218605787],[108.03610250861516,13.402848643710998],[108.03717825421238,13.40244905393686],[108.03759024104109,13.402393740394903],[108.03820059286836,13.402388972587447],[108.03848287955219,13.402284068585985],[108.03873465009026,13.402032298344759],[108.03909323200135,13.40137521696982],[108.03959677205985,13.400744837825728],[108.04028341772792,13.40026800037588],[108.04057333471428,13.399978083971874],[108.04081747503892,13.399435442327105],[108.04092428689124,13.399287623860284],[108.04108450350394,13.399271410151755],[108.04140493915469,13.399385851227295],[108.04192373737892,13.399780672835014],[108.04244253592665,13.40035001616384],[108.04279348779316,13.400624674165382],[108.04299185259215,13.400662821434555],[108.04380056786569,13.400443475991093],[108.0442659614524,13.40039388532961],[108.04473135535903,13.400536936387047],[108.0453493348746,13.400936526131176],[108.04566214081792,13.40130941221204],[108.04579947019025,13.401714724586311],[108.04592154017855,13.403511446380751],[108.04618856907022,13.404169482692259],[108.04720327867066,13.404941958321476],[108.04735586600384,13.405429285323608],[108.04756948970163,13.406826418164131],[108.0476991895941,13.40708963241323],[108.04818747011642,13.407576960956447],[108.04982016135206,13.40862314194072],[108.05049917784005,13.409121912241138],[108.05121634089066,13.410491389338617],[108.05155966382223,13.410992068492135],[108.05241415597523,13.411732119853312],[108.05344412379922,13.412330073571534],[108.0540926228789,13.41242925526894],[108.05491659665881,13.412451189467678],[108.0554430250801,13.41235963712066],[108.05697653394625,13.411099833656893],[108.05713675041217,13.410809916073909],[108.05713675093142,13.410656374230532],[108.05700705075292,13.41038743794552],[108.05677816867495,13.410108012499679],[108.05652639873571,13.409971636406276],[108.05616781787516,13.410015505061002],[108.05591604778076,13.409971635932987],[108.05571768410144,13.409850519953045],[108.05539724864427,13.409505289564684],[108.05530569537235,13.409231585194428],[108.05526754865915,13.408694665894668],[108.05536673158424,13.408442895905411],[108.05587027135077,13.408009928232296],[108.05735037375185,13.407478731825792],[108.05770132599756,13.407483500395823],[108.05799124269902,13.40761033899198],[108.05878469967618,13.408299844666265],[108.05942556839497,13.408491534338891],[108.06037161377054,13.408557337101847],[108.06175253478405,13.408387583155426],[108.06269094964024,13.408710879207979],[108.0633394485606,13.40913812520381],[108.0637590649407,13.40934125820401],[108.06404898222947,13.409325045167538],[108.06430075270613,13.409177226188802],[108.06444571106918,13.40896360177459],[108.06446096936315,13.408524911621875],[108.06416342293811,13.407451074794668],[108.0641100173978,13.40686456521633],[108.06424734697886,13.40648691015599],[108.06444571077786,13.406382960200876],[108.06472036906403,13.406382959538774],[108.06526205560661,13.406754893140587],[108.06584951930697,13.407341401880457],[108.06615469507669,13.407840173613076],[108.06640646459726,13.408513467768493],[108.06658194117324,13.408820550490042],[108.0669710407776,13.409160058794404],[108.06776449766693,13.409543436160105],[108.0684435138355,13.40969220937119],[108.06882498302478,13.409708421667554],[108.06914541821709,13.409566324408528],[108.06942007552514,13.409335534654575],[108.06976494778905,13.408252929206395],[108.06982443366078,13.408066195046757],[108.07042715619039,13.405889909452844],[108.07058737330136,13.404776971041636],[108.0705950022973,13.4045414140331],[108.07052633765552,13.404323022412273],[108.07025167965634,13.403818528986958],[108.07016775696364,13.403539102774602],[108.0702516800579,13.403227250837924],[108.07047293288365,13.402898233295494],[108.07067892586416,13.402772348160248],[108.07088491945007,13.402706544569437],[108.07178518874088,13.402640740879537],[108.0718996288488,13.402569215477374],[108.07226583978466,13.401276032839574],[108.07272360323316,13.39996663783575],[108.07297537361801,13.39961663977966],[108.0733873603724,13.399468819853679],[108.07363150176765,13.399539392291617],[108.0739290473598,13.399813095945701],[108.0745699176488,13.400991838478797],[108.07524893381415,13.401977936690137],[108.07598898471991,13.402903955320172],[108.07666037157674,13.403566758852966],[108.07704947114466,13.403802315774483],[108.07729361108676,13.403856675837636],[108.07819387995222,13.403911989020235],[108.07920095945893,13.404459397779286],[108.07940695421425,13.404492776273887],[108.079658724254,13.404383104105934],[108.07982656968241,13.404245775272383],[108.08038351549902,13.403435151115627],[108.08049032779306,13.40316144691949],[108.08057425129915,13.402690331547463],[108.08057425113148,13.402525346175292],[108.08046743938178,13.402076165826665],[108.08027670516154,13.401681344214467],[108.07978842272222,13.400969902448736],[108.07968924092361,13.400662819927103],[108.07971975844694,13.400317589576575],[108.07982656990433,13.399978081934325],[108.07996389896728,13.399862686415586],[108.08024618633883,13.399791161862527],[108.08065817396603,13.399862686714735],[108.08097860879654,13.400060097805614],[108.08133718937805,13.400383394231033],[108.08193228238602,13.40176431358438],[108.08261892913734,13.402760903967959],[108.08306143402615,13.403205316038736],[108.08364889713587,13.403656404090206],[108.08390066685865,13.404201905948048],[108.08405325514123,13.404387872205596],[108.08448813007786,13.404662530236312],[108.08699820117617,13.406027237633568],[108.08825705159154,13.406870286172051],[108.08852408042793,13.40711156556144],[108.08978293034164,13.408875862948594],[108.08994314811844,13.408930222897427],[108.09018728825887,13.408897797671944],[108.09062216391276,13.408628861923278],[108.09159872620681,13.408475319292062],[108.09184286707168,13.408355156417732],[108.0927431354365,13.407699982338157],[108.09371969842707,13.407481592001133],[108.09480307221219,13.407658974195076],[108.09559652918823,13.407850663933447],[108.09626028610042,13.408075730919515],[108.09677145657102,13.408409516838997],[108.09820578230014,13.409779946700295],[108.09843466436493,13.409900109430072],[108.1023638022672,13.410502830963187],[108.10363791153522,13.410760323716973],[108.10408804537653,13.41094628965536],[108.10457632661571,13.411343018459451],[108.104812837715,13.411392609070795],[108.10506460804942,13.411403099068812],[108.10530112019913,13.411348739820907],[108.10549185446851,13.411237160190868],[108.10605642963594,13.410598198082809],[108.10632345873455,13.409983078121819],[108.10644552867728,13.409791390225397],[108.10666678108129,13.409668366529921],[108.10688040375035,13.409673134124333],[108.1069948446302,13.409766594443827],[108.10703299134806,13.410553375873855],[108.10713980402795,13.410769859919673],[108.107506015159,13.41115323728066],[108.10810873670555,13.411458411713603],[108.10889456512653,13.412436882010915],[108.10897848753909,13.41285459237692],[108.10899374719384,13.413346688319491],[108.10904715204327,13.413661399802265],[108.10958883918906,13.41452638361677],[108.11048910823824,13.415746132456185],[108.11106894201578,13.416263024465486],[108.11137411842512,13.41643945329144],[108.11176321695179,13.416580597252445],[108.11221335084626,13.416607299885046],[108.11296866148652,13.416479508171888],[108.1138384119543,13.41614953640475],[108.11435721096319,13.415702262905457],[108.11515066849515,13.41530362721142],[108.11550162019637,13.414812485190346],[108.11583731430979,13.414433875853165],[108.1165315882838,13.413937011671155],[108.11814901980803,13.413426795546307],[108.11859152507982,13.413375297314262],[108.11937735350274,13.41300145756084],[108.12022421481028,13.412235656993898],[108.12078116126679,13.411886612032859],[108.1218035003363,13.411748328272415],[108.12233755839975,13.411606231386092],[108.12274191630559,13.411408820475973],[108.1231462737207,13.410912910432426],[108.12366507243212,13.410169997764138],[108.12395498884887,13.409855285455768],[108.12429831187218,13.409615913727855],[108.12553427439558,13.409068504707058],[108.12577078482782,13.409043708655881],[108.1262056613447,13.409098068267033],[108.12654898349169,13.409181991358626],[108.12712881674925,13.40941278027899],[108.12751028740685,13.409648338115497],[108.12834952083594,13.410813728075532],[108.12891409614124,13.411084571511049],[108.12973044169443,13.411317268096466],[108.13017294647359,13.41128102842794],[108.13066885740704,13.411155143512383],[108.13129446685156,13.410715499162242],[108.13166830731672,13.410194793471259],[108.13195822411495,13.409471907764287],[108.13218710622768,13.409058967082528],[108.13236258239063,13.408924498950858],[108.13267538694161,13.40883771422704],[108.1341783781726,13.409093299063464],[108.13474295338317,13.409093298933039],[108.13541434019254,13.40930787609273],[108.13584158635672,13.409161963745667],[108.13629172014456,13.40887013872683],[108.13649771429762,13.408385672483748],[108.13684866607912,13.40715543269354],[108.13717673033437,13.407005706064847],[108.13748190583932,13.406998076589108],[108.13832113959448,13.40710298094428],[108.13917563121355,13.40703050145175],[108.13962576637022,13.40674630699383],[108.13999960609426,13.406592764284014],[108.14042685236194,13.406608977170752],[108.14070914001763,13.406819739366957],[108.14084646936338,13.407387175875652],[108.14092276378906,13.407917418857542],[108.14090750441633,13.408315100935907],[108.1413805268318,13.408679404777029],[108.14167044382509,13.408687987289403],[108.14316580509664,13.407917418115199],[108.14425680870308,13.40755311397843],[108.14445517209637,13.407277502229151],[108.14436362059757,13.406953253025344],[108.14418051421274,13.406524100445594],[108.14437887958937,13.40615884256132],[108.1446535375088,13.40585080662511],[108.14478323602981,13.405454077613692],[108.14463064902316,13.40508118983314],[108.14466879523596,13.404468931242905],[108.14503500622367,13.404092229943501],[108.14551565870566,13.403897681461213],[108.14603445763503,13.40389005077736],[108.14646933345436,13.403971112722049],[108.1468431732871,13.404442228984284],[108.14723227226044,13.404675878906994],[108.14755270749664,13.404627240876735],[108.14932272640738,13.403063215376905],[108.14945242612526,13.402755179290661],[108.14939901993814,13.402017987974185],[108.14962790204436,13.401636519334057],[108.1501085543137,13.401198781998183],[108.15074942313846,13.400744832850284],[108.15094015828925,13.40050164620139],[108.1509325285748,13.399683393380313],[108.15108511662207,13.399546065102516],[108.15131399799321,13.399497426443872],[108.15149710438565,13.399586118618922],[108.15182516841209,13.400712408102676],[108.15203879148545,13.400971808138177],[108.15241263172776,13.400980391065538],[108.15292380066167,13.40041295514646],[108.15381644054327,13.399935164049676],[108.1543047208539,13.399773038601811],[108.15517447234843,13.399634755165142],[108.15558645910949,13.39950505618428],[108.15604422292574,13.399732030399068],[108.15656302191283,13.400308049113928],[108.15681479209603,13.400923169884704],[108.15715048577647,13.401401914355286],[108.15774557804154,13.40150681820536],[108.15871451097352,13.401337064427278],[108.15951559720551,13.401061452229808],[108.1598894383052,13.40109387714733],[108.16013357821699,13.401214994352978],[108.16033194283322,13.401450551061158],[108.16062948984167,13.401450551330488],[108.16110251153965,13.401239789280528],[108.16182730408464,13.400775350325889],[108.16224692080831,13.400600826905894],[108.16243765589729,13.400391973311372],[108.16245291422761,13.400008596663337],[108.16217825657974,13.399364865093329],[108.1621935154741,13.399033940345738],[108.16249106145067,13.398754514557623],[108.1631319300902,13.398005880032754],[108.16342947757511,13.397099889073175],[108.16522238435329,13.396055615824961],[108.16539785989526,13.395724691426071],[108.1652376431241,13.395445264015821],[108.16474936223416,13.39504472135717],[108.16463492100902,13.394783413753421],[108.16465018043021,13.394365704789701],[108.16510031447734,13.394121563930055],[108.16581747729916,13.393947994786096],[108.16689322229809,13.394104397864474],[108.1672060272031,13.393895543161415],[108.16725943290028,13.393651403247523],[108.16705343894701,13.393268025649048],[108.16700003301511,13.393076336688157],[108.16713736253328,13.393024839187307],[108.16909048718362,13.393111622807007],[108.1695406219505,13.39290276776685],[108.16996023792704,13.392240917596988],[108.16996023810837,13.391613400941706],[108.17013571413776,13.391474163290349],[108.1703798549986,13.39152661534514],[108.17081473168977,13.392188465767992],[108.1711122776861,13.392466938965061],[108.17156241089992,13.392466938146963],[108.1742250702807,13.391491329119189],[108.17450735854639,13.39114323883513],[108.17445395239982,13.388025677410898],[108.17468283410699,13.387781536457151],[108.17536184997691,13.387625134244619],[108.17628500593175,13.38764229977164],[108.1769258757723,13.387851154226874],[108.17722342245699,13.387747203777543],[108.17736075156931,13.387467777385845],[108.17719290407936,13.386893665025543],[108.17717001579862,13.38605729313191],[108.17736075092763,13.385064518369333],[108.17738363947659,13.384472285772],[108.17769644390225,13.384088908863454],[108.17779562663982,13.383705532380262],[108.17794058480844,13.383627330999353],[108.17813894892332,13.383661662895578],[108.17884085404808,13.383963023939794],[108.17913840001435,13.384048854708288],[108.17946646404438,13.384090817294236],[108.17992422832847,13.384052669740612],[108.18023703347193,13.383935368092988],[108.1804506556495,13.383797084966869],[108.1806413913694,13.383608256853565],[108.18123648283836,13.38270989597873],[108.18178579974901,13.38223687324944],[108.18244192837238,13.381759082943223],[108.18271658611505,13.381596004829255],[108.18296835645377,13.38150254478858],[108.18363974300324,13.381446277513895],[108.18405935947268,13.381355678181603],[108.18444082927891,13.381059085644868],[108.18457815796062,13.381009494265992],[108.18526480399682,13.38111344463078],[108.1854860559807,13.381109630463053],[108.18589041392168,13.38101807790792],[108.1860658903475,13.381039058583296],[108.18688223541763,13.381354724591352],[108.18746206946282,13.381533061659683],[108.18848440841953,13.381399547215821],[108.18924734770911,13.381231700648817],[108.18985006987806,13.381030475209817],[108.19002554585099,13.380923662886953],[108.19040701640921,13.380576526409495],[108.1908495212727,13.380364810514022],[108.19135306075242,13.380331431226871],[108.19185660129126,13.380394373995784],[108.19235251118319,13.380368624735349],[108.19265005804654,13.380307590326105],[108.1938402429772,13.379835521375382],[108.1948244350373,13.379309092910265],[108.1954653041337,13.379028711749498],[108.19611380341868,13.378876123612507],[108.19718954683395,13.378797922773805],[108.19742605935015,13.378749285798946],[108.19773123390249,13.378625307865565],[108.19886038558337,13.377812778061784],[108.2002489355707,13.37702313429883],[108.20048544609605,13.376693163230726],[108.20079062212737,13.375955019501717],[108.20133993829437,13.374957476556823],[108.20150015494087,13.374582682199835],[108.2016832609429,13.374353800630443],[108.20201132480952,13.37400857055097],[108.20253012443675,13.373651896799824],[108.20291159341832,13.373440180113803],[108.2032854339251,13.373318110391251],[108.20367453260585,13.373288546408892],[108.2043535491808,13.373398218661844],[108.20557425187654,13.373926554711549],[108.20697806081944,13.374816332453708],[108.20915243860797,13.376498612940232],[108.21006033638554,13.374040995535646],[108.21206686681124,13.370376024083908],[108.21313498231552,13.3682026005327],[108.22018454283695,13.370379838260925],[108.22245810275749,13.371126565279392],[108.2231523776243,13.370852860222227],[108.22443411494118,13.370546731008195],[108.22483847315902,13.370493325492811],[108.22687552269417,13.370509537876634],[108.22785971299544,13.370462808133578],[108.22866080014677,13.370593460864125],[108.22945425773118,13.370807083703296],[108.23017904916505,13.371109399198438],[108.23059103760744,13.371331605032676],[108.23176596311478,13.371549042650045],[108.23323080731063,13.371680650110596],[108.23402426443809,13.371836098566146],[108.23484061004476,13.371818933330175],[108.23515341581175,13.371765526748417],[108.23585531953174,13.371791275520442],[108.2359629654483,13.37180827329622],[108.23614523659325,13.371837052178972],[108.23687002875545,13.372724923169075],[108.2375795624751,13.373390588145663],[108.2379991794897,13.373394401942422],[108.23814413775526,13.373334320957225],[108.23854849595705,13.373010072176523],[108.23901388904666,13.372377785939713],[108.2396318700049,13.370934875285403],[108.24031088596755,13.370243463091665],[108.24102804878318,13.369634064568952],[108.24162314161765,13.368879707479593],[108.2422640101798,13.3682903371792],[108.24264548084822,13.368130119728203],[108.2430956144636,13.368145378302478],[108.24342367862451,13.368313225112791],[108.24382040753855,13.368750008697434],[108.2444383889591,13.369578751122683],[108.24524710456305,13.370533379442167],[108.24601767294912,13.37107601971106],[108.24671194805148,13.371104628987743],[108.24750540490258,13.371051223980535],[108.24810049765982,13.37087288701756],[108.24898550804838,13.370224388235535],[108.24964163541715,13.369923981381579],[108.2500688819281,13.369917304777148],[108.25124380869177,13.370083244148548],[108.2518923067301,13.370042236400641],[108.2525255470726,13.369938285812903],[108.2532503384936,13.369691284508253],[108.25371573283134,13.36960068539625],[108.25441763668171,13.369687469316665],[108.25524924144219,13.369856270204258],[108.25598166335256,13.369872481962254],[108.25798819269598,13.369415671817373],[108.25869009831099,13.369423301913873],[108.26020834679748,13.369877250695703],[108.2616808198342,13.370483786379395],[108.26235983744604,13.370872886943987],[108.26326010520523,13.371632964477346],[108.26409170899333,13.372255713499992],[108.27015707848388,13.36834660224962],[108.27726004400027,13.363967329608705],[108.27952597380809,13.362622648740615],[108.28131888249102,13.36123982089083],[108.28211996841227,13.360399633501398],[108.2829592017155,13.35922756842784],[108.28433249310453,13.357803732193805],[108.28681967495909,13.355062871778154],[108.28723929201807,13.354403883212013],[108.28744528624463,13.353003889001656],[108.28810904292575,13.350797086959892],[108.28852865953277,13.350432782842791],[108.28887198251142,13.350436597845562],[108.28988669197804,13.350926785707662],[108.29191611111835,13.351723103901648],[108.29323599557006,13.351958661359367],[108.29553244403074,13.351910023119403],[108.29669211179106,13.35172501161631],[108.29960654129937,13.350538640141805],[108.30332205594108,13.34917488629592],[108.31150839635367,13.34638443457701],[108.31330130444925,13.345865635556232],[108.3135683327867,13.345868496645894],[108.31497214128002,13.347046283390538],[108.31557486335936,13.347126391998282],[108.316139438965,13.346873668363866],[108.31827566926131,13.344791796990553],[108.31892416823462,13.344577221530386],[108.31951926053918,13.344842341785137],[108.32068655808406,13.345555691360742],[108.32109854552559,13.345449833107688],[108.3224336892162,13.344577221170379],[108.32450125537365,13.343103793601543],[108.32544730055791,13.342781451926376],[108.32733939066068,13.342874911805074],[108.32843039298966,13.342850116005446],[108.33030722462783,13.340765383402362],[108.33091757589513,13.339995768763847],[108.33159659187353,13.339781192672097],[108.33290121803708,13.339629557755487],[108.33441946829127,13.339127925244389],[108.33608267642974,13.338296320733999],[108.33707449720423,13.337863352239921],[108.33774588417276,13.33805504066473],[108.33864615264606,13.338545229868078],[108.33943960939425,13.338664438619483],[108.34065268326694,13.338122752046218],[108.34403250516054,13.338066485225786],[108.34523032079511,13.338743593728191],[108.34616873520518,13.33915939582975],[108.34662649922889,13.339274789401667],[108.34700033985567,13.339167978466495],[108.34716055713564,13.338689234034614],[108.34668753421991,13.336875345739747],[108.34606192428544,13.335170175935936],[108.34571097262281,13.332057382404276],[108.34592459481429,13.331864740194872],[108.34627554697408,13.331818964393063],[108.34805319598678,13.331798937698991],[108.34911368200771,13.331673052492402],[108.3500978744508,13.331369783606062],[108.35160849435852,13.33044757987842],[108.35224936345256,13.330141450983385],[108.35287497277729,13.3297370929369],[108.35332510779021,13.329174424819778],[108.35371420678116,13.328475382100322],[108.3538744242163,13.327550316910903],[108.35398123493165,13.326358225219687],[108.35386679469443,13.325926210211579],[108.35301230199396,13.324499513058768],[108.3527986790972,13.324066545031897],[108.35272238518043,13.323674584642918],[108.35284445619884,13.32328453214649],[108.35410330588374,13.321575548093936],[108.35472891582745,13.32030048490646],[108.35527060248305,13.31801643444695],[108.35558340789643,13.315975571261092],[108.35576651365321,13.315412902861206],[108.3558962126983,13.31525459320517],[108.35617850105436,13.315179253350786],[108.35758230919478,13.315164948065698],[108.36010000939918,13.315249824920283],[108.36108420207509,13.315181161450958],[108.36171744176784,13.3150609980163],[108.3620760224475,13.314849282041505],[108.36290762664458,13.31386032220921],[108.36309836207113,13.313235665088277],[108.363517979051,13.311420823012398],[108.3637087121608,13.310844802436607],[108.36393759500712,13.310534858740922],[108.36417410699073,13.310400391112495],[108.3653185155272,13.310411834883897],[108.36647818334944,13.310345077479154],[108.36687491144144,13.310271644806125],[108.36725638137689,13.310001754363025],[108.36770651553769,13.309517288719293],[108.36811087368328,13.308659935601609],[108.36824820235915,13.308006668629005],[108.3684999722924,13.307461166469405],[108.37017081028624,13.305873297967722],[108.37106344977626,13.304728889586343],[108.37162802405442,13.303903006777128],[108.37213156449076,13.302988432964948],[108.37245962815543,13.302522086629729],[108.37248251641395,13.302365684067043],[108.37240622210862,13.302189254265729],[108.3721239353116,13.301892662340157],[108.37184164701176,13.301683807177028],[108.37146017769123,13.301621817710235],[108.37094137899155,13.301733398016578],[108.3705522789933,13.301964186675605],[108.37005636909606,13.302154922553047],[108.36945364726215,13.302109146134457],[108.36919424684342,13.301988982978141],[108.36901877155724,13.301733397809897],[108.36896536513977,13.301360510897512],[108.36898825458564,13.300774002046094],[108.3693010594787,13.299955748982741],[108.37032339807274,13.298293495232583],[108.37049124375567,13.297903442014002],[108.37047598487361,13.297590636735418],[108.37025473352703,13.297235869908496],[108.36878988891502,13.295792007353073],[108.36864493074391,13.29552688557957],[108.36859152536262,13.295252227203495],[108.36879751915248,13.29468669814302],[108.36972830451012,13.293150329046544],[108.37072775492896,13.291674040369921],[108.37314627341453,13.288519285982153],[108.37326071347428,13.288216971599569],[108.37326834340388,13.28796234058204],[108.37291739140821,13.287059210631977],[108.37284109779962,13.28645171999947],[108.37296316715816,13.283507727150527],[108.3729173914475,13.282588385263326],[108.37304709037114,13.281953238139579],[108.37373373631232,13.279964827337913],[108.37379477169937,13.279554747255599],[108.37372610761281,13.279328725592995],[108.3726808788496,13.278319738753968],[108.37260458607743,13.278065108128612],[108.3726808796579,13.277947806379263],[108.37345144833135,13.277232550175068],[108.37365744225794,13.276901625280079],[108.37387869421102,13.276317022902337],[108.37399313472487,13.275761030980663],[108.37396261809722,13.275486371645993],[108.3737642535347,13.274956130132445],[108.37348959553769,13.274385831481244],[108.37315390169518,13.272562406584338],[108.37237570410136,13.269452475006156],[108.37208578655584,13.267757795890198],[108.37223074436788,13.26736774218741],[108.37257406773534,13.267038724156958],[108.37303183164174,13.26688709052915],[108.3743135697812,13.266919515343611],[108.37588522455714,13.26715125804851],[108.37641165288093,13.26709785197616],[108.37693045156497,13.266888044024748],[108.37867758357626,13.265330693959482],[108.38049337838109,13.263490101849623],[108.38338491938002,13.259968182629859],[108.38379690700388,13.259591481698063],[108.38504812760682,13.258762738644187],[108.38719961686536,13.25743426944337],[108.38858053783792,13.256959340154431],[108.39065573235753,13.256736180528497],[108.39179251287433,13.25657214839436],[108.39376089668845,13.255926510463633],[108.39553091534223,13.25564136215846],[108.39659140181608,13.255523105941005],[108.39733145260057,13.255517383918383],[108.39852926759315,13.255672832659599],[108.39881155542581,13.255753895114674],[108.3992159137247,13.25594081489881],[108.39941427769959,13.256085773580994],[108.39953634775158,13.256308933768036],[108.39968893588527,13.257547756574208],[108.39987204202218,13.257641216970622],[108.40019247612743,13.257670780808844],[108.4009554156538,13.25758685690351],[108.40135214436656,13.257591625418454],[108.40173361408664,13.25775184309969],[108.40198538418166,13.25800170620281],[108.4023515949089,13.25855292928325],[108.40267202873764,13.25890769560808],[108.40306875798052,13.25926055617706],[108.4034425979432,13.259355922705534],[108.40391562108856,13.259633441670847],[108.4049227010107,13.26033439256889],[108.40520498777406,13.260414501918003],[108.40524678338836,13.260407656094568],[108.40542624108826,13.260378261823739],[108.40593741029042,13.259862323360066],[108.40686819640574,13.258570094483614],[108.40711233730838,13.258416553713477],[108.40760824834379,13.258369823161887],[108.40782949985106,13.258254428483193],[108.40795157000667,13.258125682527902],[108.40825674604497,13.25741328885403],[108.40837118659407,13.256723781675175],[108.40860006933798,13.25634898783556],[108.40888235680349,13.25615634534907],[108.40901205608895,13.256119151542755],[108.40940878463186,13.256115337386559],[108.4094621899873,13.255196948832953],[108.410125948043,13.253012081297852],[108.41022512990546,13.252071758454587],[108.4100191361519,13.250471491805305],[108.41022512997229,13.249074358657555],[108.4104311233771,13.2483381228361],[108.41085836980793,13.247702976201042],[108.4124605428999,13.24716987214491],[108.41355154588318,13.246585268537515],[108.41490194834806,13.245594401648749],[108.41624472184652,13.244960207640215],[108.41723654373529,13.243664164275085],[108.41790030059519,13.243384737424611],[108.41918966905516,13.243257899458115],[108.4197008373262,13.24269904526275],[108.42089102249952,13.241860766269054],[108.42147848660338,13.240692515539502],[108.42153189215908,13.24023475119323],[108.42134878631614,13.24008311690895],[108.42038748213794,13.239701647357782],[108.41832754607883,13.239117044940514],[108.41771719415813,13.238406557364199],[108.4173891300506,13.23457087930275],[108.41756460603922,13.233250040289533],[108.41896078655392,13.23170031976296],[108.41998312491043,13.230811495048545],[108.42008230657777,13.228270906744518],[108.4205400700627,13.22799147972365],[108.42183706699053,13.227534669699955],[108.42214224322774,13.227178949733819],[108.42216513099642,13.226848977528014],[108.42203543222979,13.226645845522857],[108.42081472874538,13.22618808202514],[108.4194719547192,13.22557868348696],[108.41767141774784,13.224410432936207],[108.4172594308814,13.22357215306725],[108.4163744206788,13.22227610941152],[108.41616842620166,13.221006768534654],[108.41673300121907,13.220173257362651],[108.41709921288769,13.219698327236582],[108.41723654226477,13.218898195903465],[108.41744253510468,13.218339341812172],[108.41802236901508,13.21770419408097],[108.41817495779082,13.217018501991706],[108.41786978148942,13.216409105468381],[108.41746542365857,13.215722459646207],[108.41764089920588,13.214351074843027],[108.41815206964166,13.213411706630763],[108.41883871378742,13.213030236086533],[108.4197542418865,13.21237029453942],[108.42044088690086,13.211735147338421],[108.42104360948835,13.211658852599665],[108.42147848544765,13.211328881678783],[108.42157766748822,13.210871117998826],[108.42163107311978,13.210261719651482],[108.42127249147849,13.208711999211884],[108.42124960279808,13.207975763266257],[108.42214224171364,13.206578630085419],[108.42305013975908,13.204926865690778],[108.42300436349036,13.204419510567096],[108.42262289407611,13.203810112953606],[108.42244741795588,13.203378098176207],[108.42226431312073,13.20259036343683],[108.42295095730441,13.199922936031827],[108.42363760354745,13.197713271877422],[108.42513296434441,13.196697609035361],[108.42612478564257,13.19537676992557],[108.4270708306611,13.192277329036887],[108.42797872828802,13.191667930832804],[108.42917654381593,13.190321342425325],[108.43051931657051,13.187197105606343],[108.43143484452577,13.186231986105197],[108.43290731763234,13.184352294448525],[108.43406698529749,13.182951346848698],[108.43481466654589,13.182453529281934],[108.43529531720297,13.182039633970602],[108.43563101136922,13.181623832139017],[108.43645498492484,13.179586783812958],[108.43681356721235,13.179290190787043],[108.43809530487674,13.179031744649713],[108.43933126729318,13.178602591987017],[108.43997213641714,13.178538694408813],[108.44061300521693,13.178406135113994],[108.44147512695577,13.177647009531206],[108.44254324160447,13.176204100336482],[108.44342825193111,13.175515547627603],[108.44390890361517,13.17482222631645],[108.44441244365849,13.174314871756597],[108.44654867398704,13.173464193575098],[108.44767019476798,13.172544850885474],[108.44929525626294,13.17135180504275],[108.4512941580497,13.1695455461012],[108.45422384495514,13.167415036470167],[108.45478842002758,13.16687239655167],[108.45631429848751,13.165873899456049],[108.45652792180137,13.165680303295092],[108.45675680413478,13.165617360806825],[108.45790121312523,13.165771855151023],[108.45907613993838,13.165391339446318],[108.45958731033441,13.16516150416252],[108.46032736049865,13.164710416679847],[108.46207449203311,13.163393392031303],[108.46313497823486,13.162920369318883],[108.46377584686655,13.16239108000548],[108.4638750284487,13.16218222494935],[108.4638979171338,13.161934270018131],[108.46385977024892,13.161737812929449],[108.46345541312554,13.161314382155279],[108.4628755789458,13.160537137335144],[108.46254751432406,13.159905805089949],[108.46226522630427,13.159171474539932],[108.46220419204566,13.158438100326627],[108.4619066441645,13.157597913315545],[108.46152517513353,13.157149685492339],[108.46113607680577,13.15632189697058],[108.46106741140319,13.15600718343778],[108.46080801248756,13.1555866134599],[108.46066305360542,13.155113591141317],[108.46065542407128,13.154774082614763],[108.46089193571966,13.15408266889417],[108.46132681164858,13.153132809706209],[108.4615099160649,13.152436626437963],[108.46143362270492,13.152261150486304],[108.46138021600844,13.151864422478852],[108.46157095084544,13.151054752905743],[108.46147939799174,13.15000761815818],[108.46127340494758,13.14939154413238],[108.46130392250988,13.14886893198417],[108.46181509179942,13.14828432812837],[108.46427175744874,13.147012126938343],[108.46448537998137,13.142631901080932],[108.46434042053171,13.14165724568272],[108.46437093913433,13.141362560002598],[108.4645311561123,13.141098392615332],[108.46479818532515,13.140894306245931],[108.46562216014678,13.140549075676493],[108.46736929130529,13.140064609630752],[108.46791097782892,13.140069377816065],[108.46833059499912,13.140162837591044],[108.46881124688935,13.140432728209365],[108.46940633883466,13.140969645491086],[108.46958944518714,13.141060246225333],[108.46980306807598,13.141062152652184],[108.4699251378886,13.141003978575915],[108.46995565627437,13.140857112957619],[108.46989462098797,13.140561473479229],[108.46963522093633,13.139791858714469],[108.4690706454794,13.13872374314729],[108.46811697193918,13.136694324688603],[108.46727773758998,13.135712039826693],[108.46595785256454,13.13534487486743],[108.46256277136398,13.134750736258736],[108.46069357051287,13.134378802649485],[108.4602968410819,13.134137524329972],[108.46022054789374,13.133901965622595],[108.4601366248924,13.133221995866297],[108.46017477122984,13.132013690852888],[108.46013662432934,13.131437671433458],[108.45984670772255,13.130755795035462],[108.4590685092444,13.129794491209028],[108.45850393414003,13.129385364437294],[108.45748922396145,13.128313434749689],[108.45722219553612,13.127956759622483],[108.45701620211196,13.127571475879616],[108.45698568375818,13.127099406446732],[108.45702383088133,13.126775157780916],[108.45720693590934,13.1264222981333],[108.4577867703626,13.125809085759677],[108.4586336328299,13.125197780330588],[108.4594118312007,13.124571216981016],[108.46012136467564,13.122661006160193],[108.46083089926972,13.121044528309273],[108.46089956269252,13.120691668655207],[108.4611131856652,13.120103251232496],[108.46138784453649,13.11975229942365],[108.46374532814438,13.117459666466068],[108.46447774859257,13.116965662993616],[108.46486684847686,13.1168807858142],[108.46528646479779,13.116855036634275],[108.46636983879948,13.11716116622964],[108.4670946317343,13.117315660929872],[108.46889516881096,13.117864024141396],[108.47018453676961,13.118172060404435],[108.47180959784933,13.118364702764337],[108.47259542472909,13.118314158071964],[108.47345754701281,13.117835414061071],[108.47437307404442,13.116958986802695],[108.47507497835934,13.1160520423026],[108.47622701659513,13.115060221043137],[108.47707387994156,13.114537606962463],[108.47862264687028,13.113903414331602],[108.47888967633591,13.11372889151022],[108.47943899233184,13.113527666515918],[108.47995016172001,13.113415132538536],[108.48052236623977,13.11336172698876],[108.48299429017659,13.112943063672404],[108.48491689696064,13.112533936574449],[108.4858782007462,13.112219224995009],[108.48664114141953,13.111812959426423],[108.48736593296215,13.111318956014847],[108.49001333267259,13.108954797520108],[108.49076864271873,13.10843122954122],[108.49223348720054,13.10694063737825],[108.49250814468539,13.106560120211505],[108.4928285802163,13.105958352636627],[108.49289724427521,13.105516801187758],[108.49284383767159,13.104512581864267],[108.49255392071319,13.10356558323325],[108.4916917996102,13.102465997143577],[108.49124166506218,13.102077850948193],[108.49049398500208,13.101569543121352],[108.48944875727489,13.100733170340227],[108.48891469941768,13.100078950452794],[108.48852560021943,13.099249253155238],[108.48844167753634,13.098982224382913],[108.48844167785823,13.098687538784374],[108.48868581703069,13.098335633447208],[108.49098989410335,13.097561250095534],[108.49379751256383,13.096290955031503],[108.49479696262318,13.0957988587315],[108.49559041915951,13.095334419761045],[108.49668142383057,13.09425390626342],[108.49765798552784,13.09275854521692],[108.49870321242214,13.09085119608733],[108.49960348117457,13.089605697237797],[108.49988576812756,13.089136490173535],[108.5000383560875,13.08863676388544],[108.50004598576535,13.088076004394997],[108.49992391518306,13.08780897489669],[108.499336452067,13.08685911524865],[108.49916097565334,13.086208710203968],[108.49916097567925,13.085795768876599],[108.49941274565678,13.085208305153806],[108.49990102724989,13.084415801862901],[108.50048086122459,13.084118254739288],[108.50178548816652,13.083957083797449],[108.50244924499135,13.08383310674832],[108.50325033109577,13.083654769742655],[108.50361654188907,13.083508857769326],[108.50386831250805,13.083343871790971],[108.504059047202,13.083084471943085],[108.50431081660143,13.082564719631034],[108.5047151753794,13.081934340568592],[108.50498983304381,13.08169496896194],[108.50521871513993,13.081566223118234],[108.5072405050831,13.081082709333227],[108.5079652968849,13.080847152409193],[108.50862142533887,13.080518134281316],[108.50977346412382,13.079634078445665],[108.51026174518897,13.079054244145983],[108.51080343221676,13.07825697272078],[108.51120779020323,13.077515013410963],[108.51152059529254,13.077051528393673],[108.51190206458493,13.076626189172254],[108.51282522183098,13.076037771792675],[108.5131227675479,13.075732596046509],[108.5133211321565,13.075305349637794],[108.51357290167128,13.074487098286296],[108.51455709361339,13.072205909139766],[108.51473257020106,13.071876890834668],[108.51488515793643,13.071747190477144],[108.51507589259126,13.07167471211354],[108.51525136866,13.071676619282437],[108.51536580998477,13.071695693145323],[108.51548025090788,13.071827299983509],[108.51554891494786,13.071996099566695],[108.51564046747984,13.072519667284169],[108.51575490898387,13.072744734566085],[108.51601430847712,13.073064215320855],[108.51643392521319,13.073292143948633],[108.51725026978804,13.073337919708013],[108.51747915160702,13.073246366448846],[108.51767751691396,13.073098548213702],[108.51789113979557,13.072746641825848],[108.5182573511737,13.072283155558823],[108.51889059018018,13.071692832082634],[108.51915761897534,13.071321851797837],[108.51921865365797,13.070968038735357],[108.51918050697874,13.070743926056968],[108.51799032168178,13.068343527425204],[108.51781484547176,13.067716963452181],[108.51783773377,13.06745660982612],[108.51793691545512,13.06723345040879],[108.51810476277883,13.06702936333385],[108.52060720349347,13.064739590862501],[108.52113363131019,13.064156896591655],[108.52129384919735,13.063934690224073],[108.52134725432873,13.063730604159982],[108.52135488457265,13.063338644531326],[108.52103444933616,13.062868482179164],[108.52026388053605,13.062133199529187],[108.51869222527438,13.060999281308954],[108.51831838519512,13.06079996282712],[108.51706716406734,13.060545332179368],[108.51682302285607,13.060393697324239],[108.51668569433093,13.060243017243184],[108.51657888350961,13.060017950662605],[108.51651021807373,13.058879263598687],[108.51612874797735,13.057420140926514],[108.51490041579518,13.05512273980288],[108.51465627517167,13.054271108262707],[108.51450368716851,13.053181058940211],[108.51425191681109,13.052345639921363],[108.51281759093374,13.048991566904185],[108.51221486834673,13.047875768180432],[108.51113149442976,13.046176320716777],[108.51110097646327,13.045989400882693],[108.51110854403375,13.04592387065403],[108.51118490063676,13.04526270122355],[108.51321431935459,13.041699773398625],[108.51367208188634,13.04078043042783],[108.51373311828236,13.040520077146068],[108.51371785942287,13.040015584123818],[108.51366445301115,13.039847737757439],[108.51317617179019,13.03937662261176],[108.51230642140776,13.0387338456268],[108.51126119408525,13.038145428670639],[108.51102468171212,13.037947064756652],[108.51084157684413,13.037721043847812],[108.51072713638032,13.037495976335615],[108.51075002417183,13.03714216348314],[108.51088735328106,13.036938077571959],[108.51240560335324,13.03519857525153],[108.5131303950405,13.034426098909865],[108.51637288838903,13.033846265150505],[108.52085134286828,13.032872562638188],[108.52159139371217,13.032749538590432],[108.52347585396807,13.032711391724492],[108.52529927995987,13.033064251960859],[108.52877065433817,13.033928280195944],[108.52939626541205,13.033953075865535],[108.52976247578688,13.033937816236799],[108.53033468080685,13.03373754562287],[108.5312120606663,13.033223514468341],[108.53199025932973,13.032885913674013],[108.53342458523544,13.032563572009192],[108.53434011244242,13.032404308198865],[108.5350801630169,13.03235567144944],[108.53710195318004,13.032374744291394],[108.53770467566906,13.032240275927515],[108.53955861881455,13.031548862021177],[108.54079458011152,13.030887012352533],[108.54490682410454,13.028959636052534],[108.54628011508326,13.028450373778778],[108.54912587962477,13.027525309801106],[108.55181905589106,13.026514414017829],[108.55509969596011,13.025370958745926],[108.55832692907595,13.02393663248988],[108.56094381106232,13.022859933296523],[108.56674978032427,13.020106675981058],[108.56764241956482,13.019731881989225],[108.56796285459997,13.019679430070049],[108.56864949933868,13.019686105400764],[108.56912252249813,13.019876840208829],[108.5697328732196,13.020405176467778],[108.5712511241645,13.022415521667872],[108.57195302739552,13.023038270884475],[108.57247945584717,13.023415926683489],[108.57463094598593,13.02454698340992],[108.57506582123122,13.02492368480169],[108.57547780759025,13.025412920082651],[108.57564565519921,13.025731446883622],[108.57598134863282,13.026593567804925],[108.57621023031972,13.027005556408007],[108.5765382939234,13.027428986945017],[108.57680532315922,13.027692200899141],[108.5771257585595,13.027938249602123],[108.57746145153688,13.028128030229452],[108.578430383962,13.028454187525698],[108.58046743279775,13.02849138013618],[108.58264943952062,13.028633478221794],[108.58638021334293,13.029209496938382],[108.58776876387049,13.02931535491291],[108.58953115327661,13.02936017774256],[108.59165975484291,13.029509903730235],[108.59194967108132,13.029420258644214],[108.59219381207538,13.029198052245874],[108.59711477173576,13.023468377562319],[108.5990144915335,13.021181466135998],[108.60052753451895,13.017921995184755],[108.60083028761144,13.017588020422428],[108.60112020392893,13.017441154971745],[108.60163137277735,13.017334342430889],[108.60235616536897,13.017284751784407],[108.60291311114212,13.017345787846493],[108.6040498914376,13.017953277247672],[108.60467550171724,13.01823937983416],[108.60531637123907,13.018393875725458],[108.60563680486493,13.018369079816422],[108.60609456909258,13.018224121480063],[108.60643789145077,13.017984748952712],[108.60739919541992,13.01700437149093],[108.60906240280733,13.014649749286509],[108.61178609662997,13.010084509549754],[108.61306783462307,13.00809991399037],[108.61333486412828,13.007785201183166],[108.61383077478851,13.0074352027391],[108.61404439794856,13.007343649305579],[108.61461660229676,13.007349371279203],[108.6149217782989,13.007463813096184],[108.61728689080248,13.009108900708469],[108.61811849474574,13.010037779429988],[108.61857625828335,13.010357261063467],[108.61920186903043,13.010283828083885],[108.62194845103197,13.008876204136469],[108.62290212522761,13.008427023483693],[108.62391683460413,13.008114218660815],[108.62519094288272,13.007782339074222],[108.62746450292138,13.007476210356822],[108.62767049621085,13.007494330193735],[108.62778493685252,13.007609724144046],[108.62814351966512,13.008757948103785],[108.62834188327272,13.009038329087705],[108.62878438841463,13.009304403770553],[108.62923452256119,13.009438871760821],[108.63002035029963,13.009511351328815],[108.63072988490418,13.009624838158413],[108.63106557759001,13.009594321340911],[108.63224813363883,13.009654401868461],[108.63327810175083,13.009737372437884],[108.63429281143317,13.009894727712776],[108.63529989190205,13.009952901643338],[108.63668081141755,13.010095953233817],[108.63726827563858,13.010101675026336],[108.63880941266119,13.01032006637107],[108.64035055027101,13.010334371584406],[108.64269277474878,13.010167478244492],[108.64385244301353,13.010177968934396],[108.64508840511554,13.010488866249906],[108.64524099237043,13.010432599560124],[108.64534017526076,13.010299085156149],[108.64578268002582,13.008850454588043],[108.64635488497592,13.00786912319139],[108.6471712296917,13.007008909352452],[108.64767476946655,13.006619808778368],[108.64863607360869,13.005701421376715],[108.64917013042296,13.00486409507265],[108.65059682753433,13.002977726715942],[108.65161153724561,13.00204026513234],[108.65250417671005,13.001299259408345],[108.654297083344,13.00010525931761],[108.656181544933,12.999179241683779],[108.65699026081505,12.998964665240587],[108.65757772357402,12.99872815429767],[108.65835592177774,12.998599407182516],[108.65908071466757,12.998687145980936],[108.6593684365779,12.998846898130246],[108.66001912953855,12.999868748390094],[108.66046163486436,13.000378010335323],[108.66208669608214,13.001724598551162],[108.66302511146209,13.002238629381464],[108.66413900320936,13.00254761924083],[108.665336817943,13.002718327549099],[108.66542837123085,13.002926228061185],[108.66558095909186,13.004259464906925],[108.66576406375535,13.004697201462552],[108.66599294610936,13.00479161554744],[108.66629812215014,13.004771588742072],[108.66759511859493,13.004474995703886],[108.66986867889271,13.00175702300761],[108.6716310686025,13.000240680871892],[108.67435476283846,12.997759219507047],[108.675384730964,12.99675976994923],[108.67565176000699,12.996427890953656],[108.67462942098457,12.996028301749545],[108.67381307576171,12.995525714588481],[108.6727525894607,12.994613048904176],[108.67255422571691,12.99408375939485],[108.67262288981942,12.993032809398512],[108.6730043597476,12.991840717647047],[108.67359182217626,12.990266200624946],[108.67401906834601,12.989679691401719],[108.67603322829511,12.987732288207086],[108.6767046151957,12.986918803523283],[108.677192896207,12.986153003212268],[108.67723867377528,12.985639926084593],[108.67752859072958,12.984669086002846],[108.67793294817174,12.98379075223596],[108.67842122902333,12.983392115423062],[108.67941305037083,12.982785578847839],[108.68121358719057,12.982051249962511],[108.68215963209029,12.981604929579232],[108.68401357563398,12.981716509208804],[108.68815633621622,12.98174798034619],[108.68940755706242,12.981413241511051],[108.69055196607604,12.980886812211466],[108.69145986460025,12.980040903231986],[108.6920549571871,12.979258889784695],[108.69219991574496,12.978062028933195],[108.69189473980278,12.975157137113332],[108.69203969788123,12.973673220222889],[108.69219991527477,12.972763414699063],[108.69261190330708,12.972205514711993],[108.69623586542244,12.970784539830584],[108.69870778924272,12.9693559352165],[108.69980642240978,12.968803758198566],[108.70130178345269,12.968284005169743],[108.70220968073889,12.96771656885075],[108.70316335498556,12.966990822892283],[108.70465871756522,12.96624886438767],[108.70502492843178,12.965834015618453],[108.7054521736572,12.964955681825366],[108.70561239092166,12.963974350543863],[108.70552846832283,12.962537163966406],[108.70535299232859,12.961299294558621],[108.7052843263781,12.9590095223223],[108.70468160499253,12.957436913525097],[108.70451375723204,12.953436249212057],[108.70359059994482,12.951543204956801],[108.70275899629215,12.950457924585624],[108.7018129518911,12.949937217932868],[108.7009966065024,12.949563377187605],[108.7005083254907,12.94922005558413],[108.70037862528328,12.948668831150107],[108.7004472905318,12.948001259238033],[108.70304128387706,12.944393509411912],[108.7034303834509,12.943441742227336],[108.70496389116941,12.942136162025083],[108.70583364166272,12.942020766840917],[108.7068636106667,12.94218575269577],[108.70861074193178,12.942934386531341],[108.70912954148798,12.943107955400473],[108.7096559692544,12.943203322645978],[108.7101518805355,12.943212859590659],[108.71054860797595,12.943126075721718],[108.71102926007148,12.942733162028382],[108.71128103023385,12.94233643391882],[108.71158620577181,12.94201218316573],[108.71205159925637,12.941419951436988],[108.71239492204302,12.942109458690824],[108.71257039795444,12.94266831173937],[108.71252462080496,12.943040244976423],[108.71228811013209,12.943375938842761],[108.71173879436442,12.94383751622628],[108.71113607204208,12.944263809102713],[108.71083852556309,12.944745415082952],[108.71082326595914,12.945083016086398],[108.71094533725784,12.945447319154079],[108.7111360719695,12.945750587502872],[108.71137258366521,12.946019523839087],[108.71172353557644,12.946288459784139],[108.71202871107212,12.946433417634232],[108.71222707526084,12.946424835192122],[108.71241781029715,12.946372382919211],[108.71257039880547,12.946266524666465],[108.71266195104536,12.946127289191265],[108.71281453808659,12.945528380759917],[108.71296712600426,12.945238463951293],[108.7134859257466,12.945017212057097],[108.7136690311327,12.945035331656106],[108.7139970956692,12.945196502290374],[108.71421071822314,12.945396773200116],[108.7143785646815,12.945756309942896],[108.71434804743697,12.94605767033642],[108.71440908228121,12.946358077336479],[108.71455404064156,12.94655644204904],[108.71501180442876,12.94669758531021],[108.71561452615337,12.94707714821209],[108.71683522927981,12.947456710833643],[108.7170183355802,12.947615020386191],[108.71719381178272,12.947841994355606],[108.717903345177,12.948083274230873],[108.71828481490877,12.948305480864592],[108.71843740262578,12.948500983647268],[108.71881124389789,12.950048797510076],[108.71882650200727,12.950397842591714],[108.71877309669107,12.950825088414005],[108.71882650159675,12.951120727737099],[108.71897146090072,12.951298110503656],[108.7191011607733,12.951311461870215],[108.71919271254671,12.951385848537225],[108.71929952446925,12.951540343958513],[108.7195512945653,12.952074402138855],[108.71958181151163,12.952245109645006],[108.71958944171087,12.952412002450973],[108.71953603586168,12.952659003783916],[108.71917745406651,12.953549735514065],[108.71904775463858,12.954148643414248],[108.71879598449613,12.954437606890952],[108.71882650151652,12.954628341877923],[108.718910426005,12.954653136568238],[108.71919271298256,12.954526298371592],[108.71997091173395,12.954083793797187],[108.72090932730228,12.95332276165518],[108.72116109642468,12.953224532786267],[108.72149678989352,12.952815406724781],[108.72206136625584,12.95257221933708],[108.72266408746673,12.952716224660174],[108.72318288673038,12.952158324386865],[108.72353383855162,12.9519027407623],[108.7238161255351,12.951819770682857],[108.72415944907142,12.951858871740727],[108.72437307195914,12.951979987448011],[108.72478505923318,12.952421538446504],[108.7249757936661,12.95248066622649],[108.72567006848186,12.952246062643773],[108.72713491290011,12.952350013579615],[108.72774526474345,12.952189796451202],[108.72869893929528,12.952028625700766],[108.73059865837668,12.95220982304985],[108.73238393570881,12.952473037566545],[108.73265096495703,12.952391973895248],[108.73358938129228,12.951886527414036],[108.73448201993592,12.950266234165774],[108.73490163733788,12.949308745149432],[108.73550435913306,12.948269240177815],[108.73652669798008,12.94777332959928],[108.73722097305864,12.94777332937654],[108.73839589896104,12.94790970506179],[108.73947164419974,12.947783819380382],[108.73970052570785,12.94803558993511],[108.73997518364139,12.948099485664594],[108.74092885806071,12.947972647773355],[108.74176046174493,12.947783819626796],[108.7423402963642,12.94778381915718],[108.74287435378777,12.947667471671815],[108.7433397469262,12.947800032445281],[108.74349996449371,12.948078505404313],[108.74360677633287,12.948520056888494],[108.74373647547267,12.9486144708217],[108.74404165118627,12.948624960097634],[108.74431630952316,12.94833027527279],[108.74511739581935,12.94801460860697],[108.7454073127296,12.94808041210489],[108.7455217545314,12.948228231134014],[108.74575063598802,12.948238721983868],[108.74588796523582,12.948038450362368],[108.74596425924483,12.947764746590392],[108.74646016958829,12.947491995011505],[108.74700185643842,12.94712387684576],[108.74783345994894,12.94721829024271],[108.7479631602797,12.947080961032668],[108.74794027191444,12.946871152884253],[108.74768850236454,12.946670881500562],[108.7473375498615,12.946513524931865],[108.74719259092377,12.946250311548585],[108.7472154790424,12.946081511010203],[108.74752828556754,12.945882193050432],[108.74822255882476,12.94560848828178],[108.74854299381448,12.945545546303391],[108.74932119230553,12.94559799785106],[108.74979421551518,12.945303312142592],[108.75002309704887,12.94528233062969],[108.75009939140891,12.945387235632118],[108.75012990816661,12.945597998233453],[108.75025197776073,12.945713392032722],[108.75044271359438,12.945744863639124],[108.75066396606685,12.945566526389484],[108.75089284770709,12.945240369590465],[108.75122091215425,12.944966665187037],[108.75205251585272,12.94476734689001],[108.75240346824683,12.944734922029957],[108.75276967932254,12.944755903251975],[108.7533266240081,12.94490372307492],[108.75354024700971,12.944840779754639],[108.75372335365799,12.944630018150109],[108.75379201763623,12.944094052767477],[108.75388357037937,12.943914762133838],[108.75416585833221,12.940635076442437],[108.75349447086478,12.93929516410101],[108.75372335326209,12.938279500563942],[108.75505086800736,12.936712613106591],[108.75574514160374,12.935813298583826],[108.75603505837368,12.934435238914926],[108.75672933368827,12.933575025570821],[108.75817891866387,12.933587421904004],[108.75946828641715,12.93272720848859],[108.76024648518029,12.932072987802652],[108.76087972498435,12.930889477756402],[108.76110860641545,12.92979465991764],[108.7609407592735,12.928181043259746],[108.76110097646621,12.927357067853947],[108.76169606979177,12.926330913585888],[108.76248189733577,12.923391689158283],[108.76261922624731,12.922566761474032],[108.76299306672459,12.921797146157482],[108.764061182634,12.920442927926365],[108.76466390469815,12.920081486718898],[108.7649004157337,12.91981350367892],[108.76499959698253,12.919302334392725],[108.76506826219655,12.919218409931462],[108.7652055908492,12.919167865959688],[108.76551076675187,12.919276585256128],[108.76575490734061,12.919243206491435],[108.76613637689681,12.919017185325979],[108.76622792993541,12.91856419062266],[108.76636525938486,12.918261875550138],[108.76652547610126,12.918135989953322],[108.76680013467903,12.918102610779055],[108.76715108625103,12.918212284404932],[108.76735707984957,12.918203701241724],[108.76748677993648,12.918111195007413],[108.76756307429378,12.917876591009001],[108.76754018521541,12.917532314270593],[108.76770040360898,12.91725574876231],[108.76820394291012,12.916844715341506],[108.76850148930599,12.916802752812359],[108.76878377681474,12.91685329763928],[108.76900502958904,12.916811335669808],[108.76920339338977,12.91640030273215],[108.76940938708337,12.91624962177731],[108.76962301070216,12.91624103920179],[108.77030965610193,12.91633354600172],[108.77048513259759,12.916241039024234],[108.77067586733182,12.91571270360857],[108.770706384039,12.915168155709543],[108.77061483095044,12.913641322763802],[108.77072927185594,12.91323028906788],[108.77108785404226,12.912610400362924],[108.77148458207303,12.912248957953114],[108.77146932419366,12.912082064867972],[108.77101155977311,12.91187225631916],[108.77102681900793,12.911569941676277],[108.77115651846377,12.911142695694162],[108.77156087567494,12.91097484980432],[108.77177449947966,12.910656321373198],[108.771888939609,12.910136569715577],[108.77227803863953,12.909725535929258],[108.77258321509545,12.909003604220585],[108.77333852502947,12.90804611552318],[108.77327748961335,12.906346667073914],[108.77359029515893,12.905749667356133],[108.7739107301074,12.903541910885135],[108.77437612235688,12.901566850914586],[108.77413961114115,12.899331439201118],[108.77419301676058,12.89921413730931],[108.77446767570002,12.899030077670556],[108.77645894761734,12.89865051520169],[108.77795430852869,12.898497927651547],[108.77841207227888,12.898250925439898],[108.77957174095596,12.897073137885025],[108.7806551143641,12.896870958399097],[108.78101369516004,12.89573036463344],[108.78176900521949,12.894990312174224],[108.78236409842351,12.894579279560288],[108.78264638631747,12.894078600721192],[108.78278371532217,12.892982827935251],[108.78292104419275,12.892455446384187],[108.78330251463716,12.891764032502444],[108.78459951147758,12.890255319338403],[108.78466817555274,12.889495241360097],[108.7838823482681,12.887618410478574],[108.78374501799357,12.887002336022388],[108.78472921011016,12.88522659514663],[108.78500386926359,12.883880006904754],[108.78518697366701,12.882565842629345],[108.78633901262856,12.879958497697272],[108.78671285263303,12.877912865659816],[108.78731557472885,12.87707840060207],[108.78927632833424,12.875429497281036],[108.78964253932698,12.873726235133873],[108.78961202241832,12.871716843022819],[108.7904741438743,12.87066017184185],[108.79283925665611,12.86973701518075],[108.79344960732908,12.869145736828372],[108.79358693608593,12.867556916194332],[108.79587575559452,12.867215500766488],[108.7970964581929,12.86764942163734],[108.79727956406204,12.868007049241365],[108.79689809436178,12.869623527440682],[108.79695149933008,12.87043701148922],[108.7974321521501,12.871168481029255],[108.79837056814644,12.871414528902712],[108.80017110525912,12.871310577610215],[108.80149861898452,12.871030197839533],[108.80210897075827,12.871280060289164],[108.80384847297012,12.873363838676692],[108.80521413500674,12.87424789472347],[108.80622884448361,12.87413059274915],[108.80825063411382,12.872944221547414],[108.80905172045546,12.873275146439868],[108.81132528042275,12.87492691039591],[108.81222554817157,12.874894485587777],[108.8131105584071,12.874637947416371],[108.81412526742747,12.874579772763678],[108.8155672233938,12.874698028154473],[108.8174593137282,12.873451576017489],[108.81850454030214,12.87297092355979],[108.81856557513126,12.872852668161764],[108.81733724320735,12.872207030455545],[108.8168337019547,12.87180648824357],[108.81684896102601,12.871284828286813],[108.81702443760759,12.870796546922776],[108.81742879564563,12.87034450442378],[108.82076284134254,12.867720946201676],[108.82215902045766,12.866789206512353],[108.82392903958312,12.867005690738138],[108.82603475219045,12.868009909493816],[108.82703420371364,12.86805091767481],[108.82988759743654,12.867089614522408],[108.83161946941618,12.865372046389934],[108.83287068994429,12.863333089812775],[108.83307668357669,12.8620856833846],[108.8353960195852,12.861576421862218],[108.83761617361394,12.861396177968185],[108.83777639053132,12.860327108581183],[108.83889028177104,12.859562261078745],[108.8394395986097,12.85893951268882],[108.83972188597434,12.85818134119345],[108.84570333123143,12.857331617158755],[108.84666463505235,12.85604415715349],[108.84737416920545,12.85560641941767],[108.84827443748668,12.854833943660287],[108.84884664186326,12.854852063703762],[108.85047170293295,12.854222638502932],[108.84958669218754,12.84112201446677],[108.84927388768237,12.839242321619503],[108.84948751074214,12.838490826184305],[108.85008260295626,12.835652690437511],[108.8533022070896,12.830926281223269],[108.85540792003108,12.828177791275465],[108.85969564026841,12.826415400777805],[108.8618852761745,12.827097277592383],[108.86209889898244,12.826814037328173],[108.8622209700642,12.825374941782993],[108.862594809766,12.824769358922524],[108.86405202451097,12.824725489970962],[108.86461659900186,12.82439837939789],[108.86553975642367,12.82235751669538],[108.86601277895508,12.820880274761883],[108.86674520111805,12.817730288666285],[108.86774465041444,12.816893916581998],[108.86972066397166,12.816439013285935],[108.87157460734396,12.816315988662142],[108.87300893278305,12.816570620097751],[108.87443562979641,12.816583018112908],[108.87537404574601,12.816266397566862],[108.87846395058914,12.81435141922072],[108.88043996393296,12.813854555817327],[108.88145467320537,12.814139703273545],[108.88237782990774,12.814755777140201],[108.88494130634564,12.815371850556232],[108.88623067389163,12.816351274698926],[108.88692494966647,12.817215303614262],[108.88706227838853,12.817216257751973],[108.88856526891605,12.81578860635991],[108.88989278423361,12.815162042574968],[108.89122029804433,12.814978937125147],[108.89177724419349,12.815121988482495],[108.89322682959133,12.815313676265188],[108.89474507824143,12.815270760549485],[108.89781209535712,12.814796785122454],[108.89998647270012,12.814205506332096],[108.90168782776696,12.813457825413305],[108.9025041732442,12.813492157757317],[108.90359517679349,12.81435809472511],[108.90634175843576,12.812193253081933],[108.90769979021887,12.811346390604303],[108.90840932417012,12.810355523223244],[108.90904256468596,12.809986451041208],[108.91003438529604,12.809579231714636],[108.91088124840219,12.808782913739147],[108.91147634121211,12.80859408609303],[108.9170763164894,12.81121287550581],[108.93779775274226,12.810199118896255],[108.93816396386828,12.810036040830523],[108.93975850726295,12.804725027773769],[108.9400179070723,12.804642058852975],[108.94023153023676,12.80470881588273],[108.94004079521412,12.805203772765262],[108.93991872360215,12.805658674784532],[108.93995687106529,12.806201315584126],[108.94017049374258,12.806627608966526],[108.9403993759169,12.806889869028689],[108.94084951105576,12.807053900825512],[108.94151326775727,12.807093001518307],[108.94235250142079,12.80678305745993],[108.94491597802927,12.805425978736382],[108.94534322412068,12.805406904500831],[108.94579335778113,12.80564913831271],[108.94619771587239,12.805930472384759],[108.9465562980516,12.806269026691016],[108.94672414398775,12.806802130648755],[108.94680806803986,12.808052397276096],[108.94684621493357,12.809535361786075],[108.94714376119192,12.81032977190625],[108.94764730150162,12.810842848294815],[108.94824239479081,12.811259604569095],[108.94882222822044,12.811434126513495],[108.94938680365047,12.811395979197483],[108.95127889355767,12.8105329045441],[108.95233937925406,12.810203886231058],[108.95330831244063,12.810197211335073],[108.95469686279031,12.810707426049577],[108.95567342432439,12.811172818866622],[108.95690175793632,12.811463689871658],[108.95836660116765,12.812461233035915],[108.95964070966295,12.813033438010711],[108.96018239700867,12.813508367643415],[108.96099111266271,12.814505911129435],[108.96194478693955,12.81517348298856],[108.96336385533974,12.815960264329581],[108.96424123464601,12.816148137546865],[108.96551534407415,12.816196776126544],[108.96788045590047,12.81605753841872],[108.97042867412061,12.816301679477782],[108.97129842520559,12.816141462466469],[108.97234365231341,12.81586012841586],[108.97264119960354,12.815607404536902],[108.97287771005246,12.814989423857584],[108.9731828861486,12.813697194615514],[108.97306844523148,12.812797879078225],[108.97203847642183,12.81035647335794],[108.9718248533256,12.808800077149382],[108.97193929406072,12.808105802306967],[108.97232839288233,12.807660436012867],[108.97315999718252,12.807371472946764],[108.97354146703105,12.80713114735527],[108.97369405483455,12.806845997879751],[108.97387716097677,12.805265760338795],[108.97391530670424,12.804511402688213],[108.97376271964156,12.803885792864003],[108.97316762699319,12.803292607925822],[108.97261830995016,12.80281863121854],[108.97186299991276,12.801488256344985],[108.97152730613527,12.801194524451104],[108.9709322136365,12.800761556275834],[108.9705660021598,12.800408696084652],[108.97047445025177,12.800184583240785],[108.97051259730371,12.799971914197803],[108.97063466751516,12.799764012874803],[108.970916954055,12.799583768405798],[108.97139760687811,12.799461698366253],[108.9719774401347,12.799382542948832],[108.97267934561579,12.799325321863458],[108.97302266706761,12.799443578291568],[108.9735414661223,12.799704884606118],[108.97398397199066,12.799785947076172],[108.9743807007942,12.799738262593566],[108.97485372265413,12.799515103578328],[108.9754030381362,12.798910473759765],[108.9758455437027,12.797882412932108],[108.97610494331397,12.796526287921933],[108.97602864923415,12.795982693170018],[108.97526570969154,12.79470095598632],[108.97490712813766,12.794178341248202],[108.9745714342832,12.793847416219498],[108.974029747395,12.793626164230043],[108.97380086629883,12.793476437830225],[108.97367879479886,12.793316219430656],[108.97361776062483,12.79315600213104],[108.97375508937544,12.792085980355312],[108.97365590679703,12.791967724263593],[108.97325154876184,12.791791294822318],[108.9729463733622,12.7912581903563],[108.9727251210625,12.791146610870554],[108.97218343451685,12.791070316436775],[108.97203084584132,12.7910016528147],[108.9719164053709,12.790868138716082],[108.97190114580256,12.790644978279753],[108.97230550427925,12.789968823414089],[108.9725572739134,12.789798115729246],[108.97271749179889,12.789756153400504],[108.97342702491342,12.789985989409276],[108.97375508935062,12.790007923098939],[108.9740526361285,12.790003155608943],[108.97457906363448,12.789855335335057],[108.97489186928873,12.789823864646047],[108.97536489110236,12.789888714155305],[108.97557851454043,12.789777134137033],[108.97571584379952,12.789548252376187],[108.97573110181445,12.78942046031901],[108.97564717871397,12.789100025447347],[108.97573873171403,12.788786265842628],[108.9757387323418,12.788621280961904],[108.97563192022535,12.788407658511494],[108.9752275624136,12.787996624158584],[108.97491475670081,12.7878306850534],[108.97480031610401,12.78768191269026],[108.97471639306166,12.787196491156347],[108.97474690960438,12.786859843893838],[108.97509023334077,12.786535595039066],[108.97586080191677,12.786371563279289],[108.97648641224689,12.786090229271327],[108.97661611172319,12.785892819449016],[108.97692891707892,12.784993504274215],[108.97705098816988,12.784513805948167],[108.97718831678013,12.784461352722028],[108.97740956864843,12.784450863368084],[108.977943627014,12.78474459526067],[108.97939321225806,12.78568491835952],[108.98025533283814,12.786499354608072],[108.98046132723378,12.786621425793324],[108.98060628501383,12.786649082205455],[108.98082753850748,12.786531779772718],[108.98105642026538,12.786199902051667],[108.98124715541344,12.785737369610512],[108.98136159633464,12.785327289672466],[108.98139974305909,12.78499159542191],[108.9811708612916,12.78397211909516],[108.98090383225362,12.783455227075734],[108.98067495024495,12.783151004456366],[108.98069783799842,12.782953594103065],[108.98075887267942,12.782858227199343],[108.98094197881599,12.782788608507223],[108.98151418299314,12.78271040677983],[108.98204061232707,12.782699917036823],[108.98266622220764,12.782749507355401],[108.98299428600811,12.782840106932829],[108.9835817491203,12.783427570451769],[108.98390981327326,12.783528659893292],[108.98423787718379,12.783519122747231],[108.9852754751549,12.783243510405597],[108.98584767978407,12.782999370724088],[108.98671743111711,12.782453868375665],[108.9868071329064,12.78241016793993],[108.98701497684596,12.78230891047574],[108.98733541089098,12.782085750414327],[108.98786946936241,12.78151068424824],[108.9879991689161,12.781257007408993],[108.98793813394838,12.780198428532996],[108.98806020350533,12.779939029402955],[108.98817464527438,12.778989169001777],[108.98801442777533,12.777174327403259],[108.98786184013234,12.776020381170149],[108.98748799881811,12.77521071188804],[108.9872972636156,12.774031970463412],[108.98687764781607,12.77372870228737],[108.9863664775285,12.773497913141368],[108.9863130722144,12.773206088403503],[108.98645803050454,12.772779795721284],[108.98677846577421,12.772313449375304],[108.98675557695877,12.771904323414697],[108.98623677872055,12.771736475997132],[108.9855653918683,12.771431299791754],[108.9854585798609,12.771007869279428],[108.98574849634888,12.770490976784545],[108.98629018374503,12.770077082641123],[108.98686238826886,12.769485804950447],[108.98699971763959,12.768759104714816],[108.98709126999385,12.767891260994547],[108.98735066974497,12.767420146111682],[108.98753377545037,12.767312380909187],[108.98809835006762,12.767152163774483],[108.98843404372316,12.766972872479096],[108.9894258657381,12.765585276462673],[108.98951741764088,12.764780375980331],[108.98935720010898,12.76366076123991],[108.98946401219692,12.763310762804448],[108.99048634973074,12.762527796397528],[108.9911043309249,12.761908861339084],[108.99131795437333,12.761592241272563],[108.99125691927874,12.761055323662115],[108.99107381437345,12.760757776547509],[108.99088307879475,12.760265680738938],[108.99089070825379,12.758406015634083],[108.99104329587915,12.757761332589798],[108.99137899025935,12.757022233823674],[108.99154683576171,12.754476876909424],[108.9911882549774,12.75383696159445],[108.99073049099381,12.753224702639246],[108.9900438459761,12.752586694918586],[108.9892427589688,12.751943918100459],[108.98857900181392,12.751306863609601],[108.98840352564001,12.750787111088396],[108.98847218919735,12.749932618642303],[108.9885255957925,12.747886987704769],[108.98819753144663,12.74702486602144],[108.98789235550827,12.746694894570188],[108.98679372252737,12.7458861791967],[108.98432942835313,12.744325014084584],[108.98404713970942,12.743759485218115],[108.98402425178853,12.74226317010699],[108.98407002939742,12.741657586686374],[108.9842989104178,12.740750642474376],[108.98442098091941,12.74047026264636],[108.98459645681002,12.739614816313138],[108.9847261573853,12.739197106739141],[108.98480244973071,12.738524766712066],[108.98485585596025,12.7383416618852],[108.98541280189728,12.737155290757931],[108.98577138349143,12.736209245311898],[108.9860078948725,12.735182138129257],[108.98616048228317,12.734174104101768],[108.98650380425404,12.730716081085246],[108.9868166109676,12.72907099235312],[108.98737355505752,12.727085442947782],[108.98938008647532,12.724696487549258],[108.99043294330897,12.723835320468131],[108.9945528163834,12.721027702863664],[108.99451466897416,12.720320075953301],[108.99395772355123,12.718992561219244],[108.99384328231206,12.718021721692736],[108.99378987647708,12.717172951692948],[108.99424001100078,12.71639856707647],[108.9953157550869,12.714870780804256],[108.9953996781837,12.714427322159889],[108.99368306486727,12.712767928710921],[108.9929048660411,12.712296814016321],[108.9927827959373,12.712053627291459],[108.99281331356075,12.711023659241071],[108.99197407970104,12.70904669189328],[108.99196645050172,12.708016724029317],[108.99201222679041,12.70692571980825],[108.9916689045286,12.706317276069012],[108.99111958705313,12.704948752634724],[108.99086018837454,12.704795211855705],[108.98664113376486,12.70413812961104],[108.98594685874436,12.703789084836169],[108.9855653884556,12.703416199458557],[108.98551198188623,12.703051894833862],[108.98569508849117,12.702589362552843],[108.98774739514465,12.700280517732367],[108.9877626544405,12.699845642090107],[108.98735829634104,12.699357361019517],[108.98664113323684,12.698321671134789],[108.98645039845613,12.696945518119442],[108.98657246778457,12.696088164996116],[108.9867326846042,12.695805877266164],[108.98750325363399,12.694942801316847],[108.98832722903182,12.69432291322918],[108.98923512729723,12.692722648339275],[108.98941060326344,12.691390365272833],[108.98912831462762,12.690579741137197],[108.98810597570035,12.689985602265542],[108.9872698016608,12.689797884220086],[108.98545094704524,12.689389556184548],[108.98436757222227,12.688876479119118],[108.97924824807033,12.683915465751358],[108.978454791238,12.68295988416025],[108.97805806330702,12.682279914039928],[108.97647114911264,12.68292459823818],[108.97409077782149,12.68318971925416],[108.97238942269307,12.683237403941538],[108.97100850213694,12.683529228124],[108.96763631041725,12.6854785381069],[108.9668733704931,12.686119408116598],[108.96654530567646,12.686541885219793],[108.96619435388156,12.686579078830858],[108.96521779243831,12.685621590263453],[108.9638979063046,12.684630722429365],[108.96349354875292,12.684405655426369],[108.96258565090257,12.684357970838995],[108.96195241106778,12.68441423778736],[108.96067830189429,12.684788077986857],[108.95944233966539,12.685223907278525],[108.95668812909297,12.686793655235663],[108.95421620474406,12.688125938967042],[108.95288106062593,12.688581795812645],[108.95034047169672,12.688731523361787],[108.94892140454908,12.689122528589756],[108.94667073333997,12.690401406407297],[108.94593068156426,12.691144319259834],[108.94355031074724,12.694046350356954],[108.94265004261445,12.6942618805892],[108.9412386043302,12.693220468568368],[108.93836995197996,12.691489549670417],[108.93722554236268,12.69067225049687],[108.93624898072835,12.690098138390693],[108.93424244977567,12.689173074513219],[108.9334261048055,12.688701960076026],[108.93326588647392,12.688268037525543],[108.932037554473,12.686983438879189],[108.92989369395477,12.685106607790381],[108.92935200687934,12.684727998898824],[108.92823048650627,12.684456201730988],[108.92368336702918,12.684087129493232],[108.92311116185294,12.683800073495748],[108.92264576889646,12.683391901272573],[108.92131825450774,12.68174395177491],[108.92050953883042,12.68082842484402],[108.91935749923807,12.679636331951135],[108.91889210675966,12.679248185970454],[108.91831227294719,12.679203363289883],[108.91531392046751,12.679281565332003],[108.91325398467208,12.679254862232128],[108.91259785670158,12.679149004550217],[108.91214772160254,12.67896303864803],[108.91111012466013,12.678085657648236],[108.9107439131078,12.677921625626261],[108.91049214355144,12.677919717966228],[108.90952321047409,12.67839655524599],[108.90872212301353,12.678552004431985],[108.9076997843168,12.678281160118582],[108.90361805834671,12.676763865418982],[108.90276356575617,12.676372858663285],[108.9026414958945,12.676128717235864],[108.90168019211812,12.672027918343044],[108.90190144455576,12.671766611166708],[108.90293904181281,12.671127649120207],[108.90409870958304,12.67033896109502],[108.90488453765104,12.669617029376047],[108.90921803413089,12.664835305815474],[108.91194935686441,12.662573190485764],[108.91397877566233,12.661353440129524],[108.91455098106556,12.660798402694809],[108.91458149770408,12.660238595205946],[108.91342945968806,12.657121034562802],[108.91332264677621,12.65162691571219],[108.91298695374836,12.648988099239407],[108.91288014211314,12.6477740713663],[108.91281147752044,12.645662636356777],[108.91162129178761,12.641139359961311],[108.91127033974587,12.640366882187594],[108.91035481257836,12.639426559859423],[108.90945454319727,12.63899931329293],[108.90847798142802,12.638688416552947],[108.90779133577742,12.638543457845481],[108.90760059996732,12.638402313761787],[108.9065782615577,12.636959404705086],[108.90554829305792,12.63515505247762],[108.9046098777725,12.634121269995427],[108.90392323175536,12.633649200789545],[108.90103169158313,12.630956024894518],[108.89976521154074,12.629079193353531],[108.89894123684738,12.628093094350962],[108.89764423934383,12.62689337235971],[108.8962404319505,12.625331253720956],[108.8949663224171,12.624224991554948],[108.8934099250365,12.623726219393708],[108.89094563097204,12.622863144300673],[108.88967152201491,12.62285360763483],[108.88858814843873,12.623089165462531],[108.88807697948431,12.623323769499375],[108.88742848054837,12.623785347617089],[108.88591786039622,12.624986977735738],[108.88441486897119,12.625909181197345],[108.88386555368197,12.626324982892832],[108.88276692058976,12.62666544421404],[108.88229389801742,12.626545281359585],[108.88100452978817,12.625660272614303],[108.88045521335708,12.625398965304216],[108.87960072142222,12.625111909591183],[108.87905903392004,12.625084252412522],[108.87821980150477,12.625404687088148],[108.87736530931883,12.625794740268752],[108.87662525721349,12.625881524130703],[108.87615223497082,12.625831933176245],[108.87491627270909,12.62516817677966],[108.87083454639362,12.621216149402782],[108.86890430931157,12.619124742112204],[108.86791248808773,12.617787690441835],[108.86640186809026,12.615574212734826],[108.86550922929038,12.614189477412165],[108.86515827598792,12.613533349297642],[108.86435719039929,12.611111016443672],[108.86389179688223,12.609893174565524],[108.86335010979485,12.609049171937317],[108.86207600069488,12.607568116417697],[108.8615572016236,12.606105180549353],[108.86145039092334,12.60447058203437],[108.86173267764664,12.602068275886365],[108.86257191190822,12.599752754849435],[108.86291523383609,12.598098129929483],[108.86286945746373,12.596382470018897],[108.8628999752093,12.595566124623922],[108.86312122688224,12.594937653913124],[108.8639833494033,12.593987793551424],[108.8649446521371,12.593271584856694],[108.86632557359603,12.592909187686136],[108.86701984813757,12.592377991804852],[108.8680421876377,12.590763420343581],[108.86883564443959,12.59032663722771],[108.8704759635278,12.590059608296675],[108.8725740475255,12.589796394091257],[108.8750230832878,12.589278548902833],[108.87875385733024,12.588037818790943],[108.87928028578861,12.5876687467626],[108.88042469422415,12.585541099082706],[108.88153858643375,12.583636611711968],[108.88243885390247,12.58258280083833],[108.88367481576428,12.580923407389609],[108.88484211339687,12.580488531814918],[108.88852711158502,12.579549162929275],[108.88945789685707,12.579510061887696],[108.89208240888436,12.58028635287253],[108.8931657835221,12.577377645874348],[108.89337177655867,12.57691511382344],[108.89437885678353,12.575182287851076],[108.8945772212976,12.574700682697298],[108.89462299705498,12.574422209022236],[108.8946153683734,12.574051229167459],[108.8944932969774,12.573653546893912],[108.89408130978195,12.572922079596864],[108.89373798691173,12.57241567855657],[108.89303608313723,12.571583120617126],[108.89302082385385,12.571225492638307],[108.89321918885652,12.570445387608238],[108.89328785324028,12.569916097909212],[108.89329548221085,12.569426863091556],[108.89301319472,12.568080274605233],[108.89304371175903,12.567470877481561],[108.89315815245418,12.56719431078075],[108.89347095874827,12.566746084280316],[108.89385242762634,12.566352216635437],[108.89446278012197,12.565920202328417],[108.8955385234921,12.565286008616031],[108.89640827433253,12.564709989023378],[108.89730091449105,12.564293233919978],[108.8965379744914,12.562638608983404],[108.89635486937287,12.56212076376706],[108.89526386496482,12.559563008800813],[108.89498920752979,12.558780042867953],[108.89437885669176,12.557305661311835],[108.89374561640108,12.556022015353633],[108.89350147481692,12.554359761777071],[108.8933717748897,12.553721753729556],[108.89327259331931,12.552039471314126],[108.89317341097664,12.551495877364605],[108.89295978760951,12.550805417005018],[108.89269275926932,12.550134984113612],[108.89222030137782,12.549093155565846],[108.89172904043177,12.54800986266079],[108.8915025736937,12.547510471984154],[108.8913826715603,12.54727753735091],[108.89077015133509,12.546087590446254],[108.8904649755659,12.545647945876487],[108.89007587664364,12.545221654260361],[108.889732553807,12.544967023397309],[108.88938160155193,12.544831601564143],[108.88732166585821,12.544517842148618],[108.8866807956072,12.54427465558233],[108.88597889165506,12.543924657428011],[108.88541431672483,12.543548909184786],[108.8848268535753,12.543094006650545],[108.8827440283834,12.541347829370336],[108.88269188155292,12.541298609043302],[108.8825304054583,12.541162816316021],[108.88199634701358,12.540642110134499],[108.88127155503561,12.53981527428576],[108.88045520926774,12.538624135351444],[108.87931843024033,12.536708203582416],[108.87828083163309,12.534799901358351],[108.87721271645646,12.533202496027119],[108.87687702290397,12.532603588895697],[108.87604541870226,12.531318990189243],[108.87527485059138,12.530200330373505],[108.87468738655927,12.528931943327878],[108.87436695204072,12.528333035174125],[108.87340564833143,12.526921597388307],[108.87327594868263,12.526629772918486],[108.87319202539403,12.52628835825815],[108.87287922009946,12.524275151365261],[108.87267322652998,12.523373928691399],[108.87263507930591,12.52304300372428],[108.872703743714,12.522817936739774],[108.87377185910145,12.521052685532092],[108.87447376328252,12.52004465196258],[108.87480182683512,12.519333210388636],[108.87529010769155,12.518793430833439],[108.87625904093473,12.517954198029985],[108.87676258201262,12.517336216202452],[108.87692279864268,12.516986217197529],[108.87708301613006,12.516325321221395],[108.87716249003914,12.51612149887531],[108.87719745668653,12.515995350921957],[108.87724958293195,12.515898134207621],[108.8773042687652,12.515757885213905],[108.87744532281776,12.515533080219631],[108.87757892674848,12.515283909364294],[108.8780977263027,12.514493313283923],[108.87826029946719,12.51402825846042],[108.87828648291422,12.513846615221276],[108.87827262671709,12.513732304233239],[108.87822086455793,12.513627163540797],[108.87818025652739,12.513584525233892],[108.8780305518321,12.51352611760709],[108.87775440320702,12.513462391834175],[108.87712879201091,12.513490047531787],[108.87596912371305,12.513773289191235],[108.8757326126431,12.513933506922312],[108.8750078211829,12.51428541281502],[108.87466449765479,12.514280643542284],[108.87398548163948,12.51383241654598],[108.87326068845734,12.513243999865628],[108.87297077211358,12.512923565648226],[108.87259693124855,12.512285557903256],[108.87236804975736,12.511806812764611],[108.87231464467294,12.511581745510327],[108.8719865808748,12.510784473148039],[108.87194080352876,12.510354366308595],[108.87197132129414,12.509996738861927],[108.87218494416496,12.509071674178058],[108.87279529523394,12.507480945660758],[108.87287921983442,12.506939258028604],[108.87281818410052,12.506422367127021],[108.8727113725214,12.506182995357625],[108.87255115521292,12.505996074721267],[108.87231464423033,12.505809154726135],[108.87133045260659,12.505297985403528],[108.87107868198899,12.50507101080166],[108.87069721257296,12.504572239167924],[108.87043018276592,12.504291858723077],[108.8698122018021,12.503889408479875],[108.86959857899792,12.503808346412772],[108.86888141615324,12.503710117217173],[108.86857624041988,12.50362810134529],[108.86744708991777,12.503248539207743],[108.86714954327792,12.503087368122204],[108.86689014370583,12.502873745314588],[108.86518878930934,12.501077976634],[108.86389179160733,12.499586429114297],[108.86353320946827,12.499080982748882],[108.8620225892752,12.497578945217024],[108.8614732734625,12.496920910188244],[108.86064929859441,12.495832767282687],[108.86032123450381,12.495143261584069],[108.85990161875846,12.494451847719212],[108.85880298528058,12.492729511365038],[108.85829944491799,12.492254581165762],[108.85824603898978,12.492044773072747],[108.85834522149672,12.491689052669722],[108.85886402001469,12.491304722533306],[108.85999317019015,12.490685786889419],[108.86505908793941,12.488086070847647],[108.86856098000959,12.486022319945647],[108.87051410569566,12.484991397368017],[108.87294788196458,12.484016742471717],[108.87491626594611,12.482607211591608],[108.87718982663748,12.481161441089556],[108.87794513652116,12.480330789926512],[108.87826557004921,12.479810084286688],[108.8783800109865,12.479444826978225],[108.8784868230237,12.478844966149364],[108.87849445216612,12.478400552662919],[108.87836475201881,12.477797831232452],[108.87793750567602,12.47639592954586],[108.87728137827546,12.474690759552903],[108.87581653454806,12.46993383270549],[108.87566394622093,12.46959337085476],[108.87534351178942,12.469224298890895],[108.8749773003544,12.468960130621317],[108.8739931081662,12.4686120399379],[108.87184161945642,12.467994058568797],[108.87008685868268,12.467300737717597],[108.8696901300658,12.467088068633567],[108.86956043066438,12.466904010061311],[108.8695604304671,12.466616953628156],[108.86967487133987,12.466016138495691],[108.87037677481878,12.462950075395929],[108.87040729306717,12.46232255784908],[108.87036151683344,12.46182473963014],[108.87017841081507,12.461013162897348],[108.86984271833347,12.459885919528023],[108.86936206631697,12.458850229005076],[108.86851520264425,12.45750936377735],[108.86794299792636,12.456511820768089],[108.86778278042759,12.456014002229685],[108.86775989301327,12.45562108871676],[108.86808795714474,12.45504888337119],[108.86848468479077,12.454607332406843],[108.87025470456314,12.453316056917165],[108.8697969403368,12.453197801395543],[108.86878223218353,12.45305951924956],[108.86647052481905,12.452884042332057],[108.86518878652922,12.452847803208062],[108.86320514393975,12.453158701421456],[108.86146564135791,12.45390352084703],[108.86029071572418,12.454522456008776],[108.85919208229882,12.455010736925507],[108.85713214548993,12.456092204159411],[108.8547136271283,12.456923807843136],[108.85364551282552,12.457045878384163],[108.85122699489604,12.457130755118209],[108.8503725028662,12.457203234291063],[108.84986133258121,12.457303370130623],[108.84954089805493,12.457457865177636],[108.84919757539458,12.457690562314184],[108.84895343424981,12.457949961318844],[108.84865588852007,12.458418215893959],[108.84813708981099,12.459748591829204],[108.84745807396462,12.461129512556182],[108.8469774212818,12.461622561551987],[108.84657306388308,12.461801852377778],[108.84601611896281,12.461850489833237],[108.84517688494931,12.461778010819163],[108.84387225841022,12.461558666085766],[108.84288806637204,12.461446131938908],[108.84083575985936,12.461638775020505],[108.83969135042446,12.461812343204906],[108.83873004668563,12.462118472643956],[108.83766193121811,12.46265920628867],[108.83679218069854,12.463023509801927],[108.83605975885717,12.463884677794011],[108.83556384771445,12.464927043952205],[108.8345186206439,12.466114367887029],[108.83393878650588,12.466469134980844],[108.83366412864954,12.466855373213198],[108.8336259817072,12.467333164112558],[108.83398456301215,12.467933979156566],[108.834312626567,12.468624439715722],[108.83437366247045,12.469044056614814],[108.83180255652141,12.470368709439636],[108.83149738113042,12.470455494362083],[108.82918567326126,12.47061666542992],[108.82863635722151,12.470701542320088],[108.82708759056669,12.470590915655594],[108.82687396753815,12.470615711694427],[108.82652301525697,12.47084840923392],[108.82610339873496,12.471302358058564],[108.82565326435694,12.471717206379966],[108.82454700176193,12.472597447061],[108.82344837006261,12.473295537064047],[108.82101459247535,12.474452344668329],[108.82040424028446,12.474866238316256],[108.82021350552365,12.47504743694929],[108.82017535910191,12.47534784430526],[108.82027454085336,12.476211873078478],[108.82073230490643,12.477633801820058],[108.82023639422056,12.478467313174669],[108.81968707765762,12.479001370946463],[108.81899280259609,12.479419081004364],[108.81874866310727,12.479730931977143],[108.81829089859262,12.480511038045208],[108.81765002957304,12.481028883051636],[108.8168565726154,12.481428471315823],[108.81594867517168,12.482139912469718],[108.81429309550073,12.483202306777521],[108.81227893576356,12.483824102245386],[108.81081409230917,12.484386770110993],[108.80966205421052,12.484691946139773],[108.80905170213161,12.484738676303484],[108.80801410384728,12.484651892699407],[108.80765552306222,12.48447927738683],[108.80725879351714,12.48411020524589],[108.80625934329876,12.482794134321766],[108.8049928631111,12.480926840158373],[108.8042528127664,12.48018869621088],[108.80398578340579,12.480133383313463],[108.80364246032107,12.480157225592174],[108.80339832043212,12.48033842302343],[108.80323810290848,12.48075136439383],[108.80314655037071,12.481139508970818],[108.80296344450072,12.481525747358138],[108.80274982179026,12.481719343730745],[108.8025361987692,12.48200544499989],[108.8023988699784,12.48210844204378],[108.80213184040261,12.48208078607981],[108.80136890167928,12.481263487875582],[108.80113239043123,12.480947821614398],[108.8004991501898,12.480367033743512],[108.80020160353578,12.480285971241736],[108.79940814634183,12.480305998696654],[108.79919452372944,12.480688421374275],[108.79901141881402,12.480925886199655],[108.79863757834092,12.4818499965273],[108.7974702803734,12.483365385403761],[108.7962343188378,12.484817831863225],[108.79577655585673,12.485546438986635],[108.7953721978526,12.486537306993966],[108.79539508574467,12.486798612925845],[108.79547137961298,12.487034171027501],[108.7959215140471,12.487692205739624],[108.79690570575045,12.488831847327669],[108.7973482104537,12.490449279248418],[108.7973100635815,12.491076795684435],[108.79709644048509,12.49143442448868],[108.79548663852923,12.492749541035534],[108.7951662041039,12.493151992162733],[108.79497546913316,12.493539184173306],[108.79496784037862,12.49437651063277],[108.79502887475196,12.49560961073492],[108.79480762233493,12.496235221029641],[108.79445667052926,12.497043937088804],[108.79415912369367,12.497459739476282],[108.79354114350996,12.498082488313571],[108.79159564743816,12.499619811395922],[108.79131335968783,12.4999059134331],[108.78997058582257,12.500359863074182],[108.78820056741057,12.501026481906106],[108.7870866751634,12.501353592209464],[108.7860567067921,12.501425117441357],[108.7843553524013,12.501411765987548],[108.78403491676089,12.50144133037554],[108.78349323042885,12.5016282505257],[108.78322620169065,12.50178656042803],[108.78200549832292,12.502698273107683],[108.78192421172945,12.502763791989194],[108.78154773483244,12.50304636414702],[108.78124494931522,12.503311302247763],[108.78112048896305,12.503411621370711],[108.78095627964963,12.50356388770522],[108.78063983664941,12.503840775385964],[108.78028125521291,12.504189819077325],[108.77910632934555,12.505654663706215],[108.77884692906707,12.505844444195],[108.7785951589046,12.505938858204372],[108.77829126139008,12.505952633575136],[108.77697772673108,12.50594648776459],[108.77614612273972,12.505859703498054],[108.77590198272459,12.505777687658489],[108.77554340105652,12.50558218467954],[108.77437610413264,12.504435867707839],[108.77401752172052,12.504161209514038],[108.77345294727053,12.503883691053147],[108.77282733707415,12.503751129346668],[108.77229327862898,12.503698677579965],[108.77191943884493,12.50372728792655],[108.77124805219496,12.503865570493703],[108.77088947047294,12.503990501766332],[108.77000446116683,12.504063934440952],[108.76869983421412,12.503988594604484],[108.76850146951462,12.503891319641294],[108.76832599350115,12.503777832738988],[108.7680971118726,12.50343927868922],[108.76781482502213,12.502508491619064],[108.76728839553365,12.501031250593966],[108.76692981491423,12.500644058978018],[108.76662463902056,12.500433296479429],[108.76586169924299,12.500026078063888],[108.76521320011456,12.499620766640986],[108.76464099516397,12.498875947310252],[108.76435870871211,12.498400063508848],[108.76393146198598,12.498127313131766],[108.76336688754019,12.498003335310132],[108.76302356439479,12.497973771314896],[108.7625963187898,12.498022408741848],[108.76216907214913,12.498175950368326],[108.76117725047297,12.498637528031036],[108.76083392795908,12.498687120180096],[108.76043719961422,12.498684257666811],[108.75921649612717,12.498203606663951],[108.75839252124122,12.498290391296202],[108.75811786350955,12.498407692965335],[108.75775165193271,12.498732896181517],[108.75726337123173,12.498933167102118],[108.7568437542735,12.499186845172161],[108.75629443845484,12.499434800622785],[108.75601978043001,12.499620767135388],[108.75540179896149,12.50032553274331],[108.75514239906512,12.500559182091266],[108.75502795821329,12.500540109426298],[108.754173466665,12.499376626202535],[108.75326556775194,12.498366685302287],[108.75178546620988,12.497765870482256],[108.75112170791246,12.497566552276387],[108.75093097404809,12.497343392101746],[108.75066394525047,12.496786447420616],[108.75051135678969,12.496150346658839],[108.75042743275384,12.493004174094544],[108.75027484588611,12.492394775882198],[108.74964160574463,12.490856499817701],[108.74902362436485,12.487837166872394],[108.74903125340823,12.48630461230514],[108.74910754713983,12.484533639216929],[108.74860400750865,12.482943863675573],[108.74848956636373,12.481355996229972],[108.7483598670615,12.480667442477246],[108.74798602619721,12.48010954338962],[108.74761218627555,12.479815811820318],[108.7471315343485,12.479652733460865],[108.74669665868093,12.479596466787457],[108.74414844127055,12.47941622318693],[108.7434541656998,12.479199739305631],[108.74107379463541,12.477752060743626],[108.74053973703899,12.477245659555798],[108.73926562730067,12.47506651370097],[108.73872394112342,12.475881905885416],[108.73828906573924,12.476168961969497],[108.73761767912927,12.476348252410185],[108.7360536531166,12.476361603885799],[108.73524493712776,12.476539941162319],[108.73438281548069,12.476823182468012],[108.73204059167306,12.47717413468817],[108.7308580356044,12.477533669190029],[108.72977466101268,12.477947564926925],[108.72831744693912,12.478886933303057],[108.7269670433417,12.479298921252806],[108.72241992495272,12.480159135663218],[108.72190875526476,12.480313630540202],[108.72147387943228,12.480573984302048],[108.72130603319533,12.480943056370572],[108.72119159248071,12.481814715332618],[108.72105426409064,12.482368798701394],[108.72075671622335,12.482603402696066],[108.72021502943039,12.482678743544103],[108.71860522758573,12.48279699962007],[108.71798724648481,12.482923838222138],[108.71652240292043,12.484074922934509],[108.71595782779522,12.484307619122651],[108.71536273459134,12.484302851230044],[108.71493548878053,12.484246584770764],[108.71415729084312,12.483737322113397],[108.71218890639771,12.481764170683059],[108.71195239530842,12.481180521431945],[108.71231097658712,12.480153414678439],[108.71220416578832,12.479782435770757],[108.71191424793979,12.47938284571229],[108.71164721977392,12.479195925743928],[108.711319155237,12.47919306395056],[108.71105212650924,12.479243609043156],[108.71064776785572,12.479584070828524],[108.7103502221006,12.479660364555071],[108.710029787347,12.47963175425559],[108.70962542992125,12.479469629447268],[108.70901507857492,12.479067179350896],[108.7074129055087,12.477441164876678],[108.70519275120711,12.475810381379775],[108.70368976077116,12.4749091597296],[108.70201129407896,12.47422346740706],[108.70088977250823,12.473473879857723],[108.69992846904036,12.472487780946732],[108.69921893497592,12.470736834188681],[108.69897479483936,12.467879625840242],[108.69902819991795,12.464601847265682],[108.69899768219888,12.462222429154126],[108.69876117140878,12.461269709167661],[108.69836444174209,12.460684153534485],[108.69748706172001,12.459909769500113],[108.69611377076183,12.457949015253389],[108.69509906098891,12.457002016222289],[108.69469470315035,12.456813188838346],[108.69346637090169,12.456565233386112],[108.69238299709833,12.45566973313521],[108.69065875345244,12.454730364255099],[108.69046038865538,12.45443758650271],[108.69038409542375,12.454093309686526],[108.69036883639241,12.4534457655394],[108.69028491248358,12.453088137532102],[108.6900407725667,12.45284781146431],[108.68917102121638,12.452351900519435],[108.68773669556982,12.45091185202728],[108.68668383830907,12.449581476410735],[108.6863023684427,12.447463366371904],[108.68584460494554,12.447141976786089],[108.68447894283184,12.446311326889731],[108.68374652138262,12.444533677753007],[108.6835328980815,12.443897577301376],[108.68280810552383,12.442463251129762],[108.68228930705115,12.441798539846689],[108.68214434748668,12.441320749324396],[108.68213671858844,12.4409507236165],[108.6822359006313,12.440409989952888],[108.68254870559952,12.439812036760369],[108.68222827149152,12.439729067341636],[108.68141192703033,12.439646096606152],[108.68107623266461,12.439385743951911],[108.68058795206991,12.438835474208954],[108.67996234155879,12.438238474005828],[108.67833728070164,12.437115998613729],[108.67704791239531,12.435709330419444],[108.67640704324045,12.435158105902277],[108.6757814327441,12.434393258939084],[108.67543048030768,12.433738085131608],[108.67507952801347,12.433447214241136],[108.67408007765174,12.43304380992334],[108.67330187960312,12.432323786386458],[108.67267626894993,12.431529374627095],[108.67253893991959,12.43117937663107],[108.6725160522378,12.430360169942675],[108.67264575093104,12.428206773875816],[108.67263049177662,12.427872988202092],[108.6716463012348,12.425557466744607],[108.6693117058266,12.422730775977495],[108.66990679846525,12.42208323036061],[108.67077654981946,12.421331735931474],[108.67169207650059,12.420611711753011],[108.67239398012005,12.419510217422],[108.67270678587609,12.419164033546208],[108.6729738147307,12.418999047119861],[108.67385119584267,12.418870301554776],[108.67420977649688,12.418752046467551],[108.67481249883429,12.41842302881011],[108.67511004573831,12.418031068617411],[108.67536181547455,12.417578072902495],[108.67565173268598,12.415987344527009],[108.67584246739304,12.415670723792546],[108.67604083127178,12.415565820016065],[108.67625445489337,12.415537209799965],[108.67690295267596,12.415619226340008],[108.67859667888905,12.416285844353013],[108.67896288947952,12.41628870540616],[108.67930621215893,12.416124673368511],[108.67957324078402,12.415914865212843],[108.67971057028993,12.415627809064343],[108.67974705434735,12.415293977657408],[108.67968768131266,12.414747566568787],[108.6792985826264,12.413849205808424],[108.67871111943954,12.412834497012863],[108.6785051254234,12.41196474585638],[108.67855853159148,12.411442132230528],[108.67868823137303,12.411044449673645],[108.67876452551724,12.41052278966089],[108.67840594345441,12.408427568032074],[108.67830676081812,12.408102364725702],[108.67795580897922,12.40780100259671],[108.6773988628088,12.40759691718029],[108.67694872948204,12.407319398256437],[108.67614764192126,12.40626654225234],[108.67593401907952,12.404670090413074],[108.67568224932296,12.404320091309678],[108.67507952719475,12.403915733972136],[108.67374438293415,12.403182358523127],[108.67301196050114,12.402528137804138],[108.67286700249451,12.40230307096921],[108.67281359652007,12.402054162101958],[108.67284411385002,12.401779503401276],[108.67346209490819,12.401088089438826],[108.67401904103359,12.400370926494904],[108.6744844332839,12.399602264501013],[108.67472094550894,12.398782104807278],[108.67488116264349,12.397638649045534],[108.67529314958708,12.396496147139658],[108.67568224885,12.396001190529653],[108.67636889439837,12.395409912075488],[108.67647570559387,12.395086616097796],[108.67660540534848,12.394440025620522],[108.67771166739219,12.392831176921316],[108.67872637727932,12.392042487959689],[108.67929095244321,12.39187368785244],[108.67977160458979,12.391803116014358],[108.68035143876828,12.391583771097165],[108.6813737777524,12.391069739455725],[108.68193072218558,12.391048758741167],[108.68268603267887,12.391129822276175],[108.68329638447335,12.391135543607579],[108.683876218899,12.391090720721225],[108.68425768864955,12.390994399464414],[108.68450945834668,12.390821785129562],[108.68502062733333,12.390278190797613],[108.68535632170456,12.389832824296406],[108.68585223113756,12.388343184548697],[108.68603533758026,12.387473433476675],[108.68593615495875,12.38704904832266],[108.68571490214478,12.386523574130791],[108.68536395000876,12.385973304445148],[108.68508929198279,12.385647147195893],[108.68506640451531,12.385347693336357],[108.68509692084538,12.384825080771988],[108.68525713829239,12.384229033348756],[108.6855928324839,12.383559554572303],[108.68569201441404,12.383036941118092],[108.68562334896464,12.382787077984712],[108.68534869084704,12.382536261432035],[108.68315142568127,12.381620734805466],[108.68282336239275,12.381393760135374],[108.68257159158051,12.381067603298506],[108.68255633285104,12.380121558167236],[108.68270892123552,12.379824012724232],[108.68302172611878,12.379453032081248],[108.68342608405024,12.379182189622602],[108.68537920923109,12.378949492635995],[108.6867448701743,12.378687232046987],[108.68720263389784,12.37851747799269],[108.68776720860708,12.378049224057152],[108.68820208452227,12.377404540186975],[108.68838519029956,12.376883833984152],[108.68851488986058,12.376187652250058],[108.68852251914647,12.375365584058683],[108.68860644294305,12.374718993138963],[108.68914812941986,12.373801558125377],[108.6892778283093,12.373130171880534],[108.68917864690859,12.372507421396348],[108.68895739467719,12.372156469989195],[108.6887819190063,12.37195619909961],[108.68835467259402,12.371677725474827],[108.68779772651978,12.371224729694957],[108.68745440381984,12.370549528784778],[108.68723315116351,12.36962637195305],[108.6872865565171,12.36917814492748],[108.68769854465685,12.36853441428227],[108.68777483845606,12.368037550459471],[108.68772906105816,12.367513983438792],[108.68760699144656,12.367139189608972],[108.68723315117789,12.366438238406065],[108.68718737442656,12.36603960254284],[108.68744677403534,12.365668623140591],[108.68769854414747,12.365396826681872],[108.68777483841082,12.365023939176046],[108.68753069767898,12.36437448718798],[108.68654650526474,12.362837164344077],[108.6862031819326,12.362443296409293],[108.68566149489743,12.36210664966986],[108.68546313132912,12.362058966365188],[108.6850358848976,12.362050383516522],[108.68338793633393,12.362133352639859],[108.68306750087547,12.362099974153821],[108.68298357806344,12.36202749459281],[108.68293017190331,12.361914007447709],[108.68284624901042,12.3614190506982],[108.68283098991505,12.36108907955364],[108.68275469622397,12.360877363830037],[108.68248003821806,12.360568373316568],[108.68172472755283,12.359944670684849],[108.6811525231104,12.35912069589835],[108.6806795007393,12.357965795125589],[108.68060320660972,12.357347814734407],[108.6804429883323,12.356764166812022],[108.68029040165581,12.356397955164146],[108.68009966649308,12.356267301500088],[108.67944353874014,12.356040327125882],[108.67934435634439,12.355931608838896],[108.67887896349279,12.354935972316362],[108.67877215162567,12.354636518373345],[108.6787416339649,12.354333250789999],[108.67880266987758,12.354184477706205],[108.67893999842327,12.354067175345651],[108.67901629261374,12.353918402363718],[108.67903155055907,12.353568403095979],[108.67898577474487,12.353397695306594],[108.67868822831637,12.352811186818169],[108.67850512235096,12.352345793724659],[108.67832201712942,12.35121187398329],[108.67816179895941,12.350777952507677],[108.67788714128282,12.350391713982786],[108.67730730750114,12.34929594215608],[108.67694872666831,12.348247854415222],[108.67696398521926,12.348005621076132],[108.67771166542073,12.346601811801905],[108.67795580643579,12.345934240076371],[108.67805498850628,12.345502226407444],[108.67805498781766,12.34542307145298],[108.67796343491212,12.345231381744728],[108.6776277422717,12.34479078541327],[108.67752856045294,12.344586698447085],[108.677559076789,12.344262449004246],[108.67769640567545,12.3438723961792],[108.67817705810864,12.343149510991939],[108.67850512221614,12.342168180210045],[108.6787187449985,12.341878263231349],[108.67978686099167,12.340968457454293],[108.6804353589049,12.340377179314936],[108.68048113529309,12.340289441480342],[108.6805269116281,12.339886037875553],[108.68032854795534,12.33872636956659],[108.68032854815777,12.338411656347505],[108.68038195276124,12.338165609027577],[108.68048113503349,12.337986317690412],[108.68116015200717,12.33736070755298],[108.68122118678234,12.337258664269925],[108.68157213870366,12.335840550883608],[108.68198412607079,12.334755269315899],[108.68209093750362,12.334637967358063],[108.68220537849162,12.334596959609604],[108.68259447784831,12.334512082271546],[108.68282336000527,12.334519711696437],[108.68304461186294,12.334475842156182],[108.68309801803811,12.334348050662488],[108.68314379406782,12.333146420619016],[108.68304461169092,12.33161195856829],[108.68299120513608,12.329802838546211],[108.68342608109867,12.328874912958973],[108.68350237557853,12.328455295830247],[108.68348711688778,12.328162517870163],[108.68343371057384,12.327961292733628],[108.68306749909456,12.327246036952634],[108.68299883505912,12.326952306344932],[108.68298357630499,12.326459256206622],[108.68309801758825,12.325839367734408],[108.68328875273333,12.325201359758587],[108.68372362752355,12.32432874817784],[108.68404406188978,12.324093190041168],[108.68520372984959,12.323555317559395],[108.6853181710494,12.323464718920508],[108.6853563186282,12.32335599986212],[108.68533342897538,12.323264446520495],[108.6850587712292,12.323042241151546],[108.68442553073284,12.322654094586904],[108.68225115438484,12.320990886999692],[108.68124407370955,12.320471135099035],[108.68091601018328,12.32024892905348],[108.68041246991167,12.31978830361489],[108.6799013003607,12.31914457394671],[108.67982500629144,12.318942394549833],[108.67980211819352,12.317956295477963],[108.67985552366525,12.317536678704586],[108.68003100009409,12.317062702921131],[108.6804811341667,12.31662782639734],[108.6793443547631,12.315304128115034],[108.67863482102481,12.314642277795572],[108.6773759702899,12.313278522780447],[108.67700213009437,12.312722530991868],[108.67692583677423,12.312537517976088],[108.6769258366321,12.312352505927905],[108.67700975929847,12.31210741078425],[108.67749804056405,12.310984936411447],[108.67750567066572,12.31077989694196],[108.6774446347379,12.310450878381877],[108.67732256400475,12.310183849216152],[108.67696398378492,12.309518184217694],[108.67644518432478,12.308836307897622],[108.67526262781683,12.307719555928355],[108.67418688339424,12.306581821928424],[108.67310350927727,12.305700626344342],[108.67251604584257,12.305326786653323],[108.67193621177141,12.305137005221445],[108.67068499074273,12.304880466645471],[108.66957872912386,12.304727878735983],[108.66925066511031,12.304601994131104],[108.66904467055512,12.304436054332855],[108.66887682366965,12.30414709166098],[108.66877764226439,12.30385908188856],[108.66857164866272,12.302893963783378],[108.66857927818212,12.301242199653448],[108.66849535446592,12.300934162786117],[108.6681291441105,12.300521221573591],[108.66700762294491,12.299526540017018],[108.66636675344768,12.299069729481051],[108.66605394793153,12.298985805634429],[108.66577928923357,12.29896291750365],[108.66557329632987,12.299022045406224],[108.66462725166498,12.299547519652409],[108.6643983696603,12.299606648054072],[108.6640931935877,12.299451198681556],[108.66378801773716,12.299038257984066],[108.66323107119491,12.29800733576986],[108.66302507828364,12.297739353578107],[108.66275804913826,12.297572461039476],[108.66188066957027,12.29736074447805],[108.66162889920412,12.297337857079746],[108.66136187067193,12.297355976527435],[108.66071337144669,12.297617283577079],[108.66035479001849,12.297716466241104],[108.66008013166554,12.297734585416237],[108.65972917984323,12.297669736088716],[108.65952318603314,12.297503795596535],[108.65933245181365,12.297276821482708],[108.65882128135844,12.296492901552094],[108.6586152886392,12.296265926483922],[108.65836351820998,12.296161023203032],[108.65813463608542,12.296159116060618],[108.65737932633775,12.296542492855107],[108.65705889098064,12.296632138001144],[108.65661638616007,12.296587314514346],[108.65570085919583,12.29620966012954],[108.65393083950077,12.295743314206419],[108.65201586106124,12.295111980670153],[108.651764090904,12.294987050323183],[108.65132921614538,12.294634190204663],[108.64956682585557,12.292886105389524],[108.64937609123103,12.292782155032183],[108.6491700967985,12.292739240519955],[108.64895647370942,12.292778340479636],[108.64860552201093,12.292918530475069],[108.64780443581661,12.293383923460771],[108.64629381585749,12.294642772890418],[108.64601915728643,12.2947839173773],[108.6458131642852,12.294843045037497],[108.64562242884068,12.294883099562147],[108.64537065898604,12.294860211662366],[108.64495104200806,12.29475340071016],[108.64368456247078,12.294311847994718],[108.64229601320727,12.294084874696582],[108.6404878460447,12.293659535767693],[108.63925951384266,12.293525067746089],[108.63894670884413,12.293441144689254],[108.63865679189416,12.293274251229123],[108.63836687512675,12.293046323724061],[108.63752001177163,12.292074529286754],[108.63729112921773,12.291621533192899],[108.63710039447447,12.291496602653801],[108.63512438152011,12.291479437070734],[108.63315599763366,12.29158624734342],[108.6323243933486,12.29155859219854],[108.63090532681926,12.291382161978799],[108.62990587527928,12.291147558006479],[108.62944811116907,12.290917723091335],[108.62912004694194,12.290689794165239],[108.62886827772869,12.290440884765879],[108.62868517194003,12.290193883585893],[108.6285631022634,12.289945928197321],[108.62837236691509,12.289493886515878],[108.62829607329415,12.289205876649167],[108.6281511139075,12.289121953516819],[108.62785356792445,12.289181081958937],[108.62660234760425,12.28974470342258],[108.62605303099834,12.289944975311602],[108.6255113444385,12.290022222429913],[108.62525957411829,12.289979306631459],[108.62496965687492,12.289812413988171],[108.624435599285,12.289315549764101],[108.62403887071092,12.288717595706188],[108.6228639443159,12.286092130994746],[108.62265795002473,12.28580316659173],[108.62160509371975,12.284666386653658],[108.62143724670392,12.284398404575208],[108.62121599465883,12.283699362404231],[108.62091844770498,12.283091871170546],[108.62021654393239,12.282285063307521],[108.61961382168052,12.281726210188632],[108.61930864575828,12.281498280647396],[108.6188279939412,12.28132948108852],[108.6184541541011,12.28126558464797],[108.61814134862199,12.281282750818344],[108.61788957869888,12.281341879361317],[108.6176988432995,12.28148397633222],[108.6175538842152,12.28164705544741],[108.61730211464325,12.282090512674053],[108.61699693968283,12.282497732488961],[108.61689012771477,12.282701818563417],[108.61680620482555,12.28309759330016],[108.6167070228091,12.283276883926758],[108.61660021041173,12.283344594933771],[108.61637132888293,12.28340563011832],[108.6164171055038,12.283661214803567],[108.61638658818862,12.283874838331338],[108.6162797762096,12.2839911865524],[108.6161424466935,12.284055082268031],[108.61593645378979,12.284084646680078],[108.61567705408497,12.284032194129544],[108.6144639805981,12.283469526384355],[108.61393755194153,12.283337919636802],[108.61345689930164,12.283075659206736],[108.61305254239586,12.283034651312029],[108.61277025494584,12.283046095158959],[108.61254137256344,12.283121435581286],[108.61205309118834,12.283364622434226],[108.61141222257199,12.283428518147476],[108.61091631138713,12.28336939014234],[108.61040514261803,12.283118574303963],[108.61005419060574,12.282891600155477],[108.60985582557014,12.282847731535258],[108.60935991527185,12.28285726781544],[108.60923021577015,12.282904951706413],[108.60873430468186,12.283228247588424],[108.6085435698035,12.283308355238132],[108.60836809369522,12.283310263436142],[108.60790270052061,12.283196775974943],[108.60726946133516,12.282822935817578],[108.60705583753676,12.28265413514731],[108.60696428577334,12.282481520407805],[108.60691087944528,12.28226217420865],[108.60693376727461,12.282114355326462],[108.60703294929509,12.282039015551161],[108.60739153112802,12.281977980965946],[108.60787218344902,12.282073347545536],[108.60868089851355,12.282358496295279],[108.60884111654495,12.282371847748987],[108.60897081572834,12.28231462729012],[108.60911577485977,12.282155363196935],[108.60918443982953,12.281982748648701],[108.6091844399024,12.28179773520606],[108.6091234031471,12.281604139669039],[108.60900133309205,12.281483023337994],[108.60868089883783,12.281341879603636],[108.60797136563446,12.281241743767398],[108.60687273241908,12.281401007667025],[108.60652940943899,12.28140100763587],[108.60630052780456,12.281351416107661],[108.60611742194165,12.281248419570773],[108.60595720548348,12.281061500014868],[108.6055757354766,12.280488340172756],[108.60535448231856,12.280278532300553],[108.60507982461702,12.280121176238671],[108.60430162660803,12.279806463559309],[108.60382860468802,12.279701559820777],[108.6027452302018,12.27965387527281],[108.60234850116441,12.27959284076632],[108.60203569596942,12.279473631445363],[108.60170000257304,12.27912840173216],[108.60116594482933,12.278413146020467],[108.60102861639051,12.278318732021878],[108.59992235435313,12.278054564071542],[108.59862535629945,12.278110830748922],[108.59833544037704,12.27806219369316],[108.59812944596217,12.2779591967385],[108.59779470821871,12.277652352952456],[108.59771745938113,12.277581541949488],[108.59755586827474,12.27749028420528],[108.59665697257013,12.276982634141746],[108.59610765554567,12.276681272551762],[108.59580248060644,12.276655523889966],[108.59552019305607,12.276693671067045],[108.59494035872864,12.276923506515455],[108.59424608432776,12.277315467309906],[108.59391039064863,12.277621596092875],[108.59334581539783,12.27838358213215],[108.59289568062944,12.27891764033524],[108.59268968791488,12.279021590402376],[108.59236162404504,12.279066413294702],[108.59206407653033,12.279040663918396],[108.59124773165546,12.278756469242268],[108.59100359048826,12.278723089852308],[108.59075945091399,12.278779357045542],[108.59056871591652,12.278935758938806],[108.59047716275127,12.279171317209066],[108.59023302282914,12.280179350854798],[108.59007280510124,12.280630439022199],[108.58940141907827,12.281560271501482],[108.58884447301666,12.282496779622928],[108.58865373775981,12.282691329646564],[108.5884630033198,12.282751410477756],[108.58824175079684,12.28275141006777],[108.58802812737731,12.282676070498535],[108.58624284875343,12.281795829150168],[108.58608263237471,12.281813949354659],[108.58557909194143,12.282149642163246],[108.58544176270732,12.28240808851031],[108.58541124453762,12.282646506708172],[108.58547990985308,12.282882064845897],[108.58576982743291,12.283225387552909],[108.58643358366409,12.283598273942813],[108.58763902775804,12.283986419770681],[108.5883409335418,12.284292548057575],[108.58856218551806,12.284487098812718],[108.58920305416511,12.285752623473131],[108.58957689501189,12.286636680150705],[108.5898134062015,12.287383407765903],[108.58985155335994,12.287753432472273],[108.58981340651756,12.287868827155592],[108.5897294825661,12.287940352750562],[108.58919542509952,12.288186400266444],[108.58879869624914,12.28828749061092],[108.58833330368255,12.28833517505366],[108.58772295220562,12.288335174460064],[108.58728044744322,12.288279860586254],[108.58656328382992,12.28804811847877],[108.58567064477036,12.287630408855328],[108.58497636991203,12.287256569222146],[108.58387010697986,12.286073058982181],[108.58343523217017,12.285662978840945],[108.5831071682108,12.28546461520195],[108.58284776943657,12.2853711549295],[108.58264177465898,12.285345405732546],[108.58218401082956,12.28543886609971],[108.58114641358608,12.285935729679466],[108.58062761549695,12.286136955208717],[108.58043688045348,12.286121696078505],[108.58023088646799,12.2860244216061],[108.5797883805884,12.285632461571664],[108.57966631132074,12.285588592970711],[108.57926195290968,12.285599082968291],[108.57908647690878,12.285641045133964],[108.57894914824756,12.285759299898126],[108.57883470735817,12.286169379629786],[108.57884996572992,12.286303848171604],[108.57905596012782,12.286950439271951],[108.57930773008454,12.287556976195214],[108.57987993432322,12.288342804005248],[108.57987230469877,12.288519234145685],[108.57980363970371,12.28861841576728],[108.57947557628259,12.288915009232385],[108.57932298797589,12.288991301810931],[108.57824724433075,12.28906759638919],[108.57811754451454,12.289045662611972],[108.5777208155341,12.288857787960263],[108.57719438666037,12.288725227308124],[108.57619493700038,12.288548798513968],[108.57547014427881,12.288249344272057],[108.57495134470847,12.288214058077093],[108.57482927460623,12.28824457567702],[108.57476060990328,12.288329452183948],[108.57476061008614,12.288675636022452],[108.57513445136705,12.2892306749424],[108.57518022672433,12.28938517074717],[108.5751802269207,12.289620727955178],[108.57478349942576,12.291177124687762],[108.57466905841132,12.29137167482114],[108.5745240993851,12.29152330873788],[108.57437151096471,12.291594833779653],[108.57409685321592,12.291611046484586],[108.57388323002996,12.291555733270435],[108.57360094197287,12.291349739750116],[108.57305162641639,12.290525764661146],[108.57269304430996,12.290083260482623],[108.57237261023393,12.289800018597004],[108.57159441170725,12.289483398087166],[108.57133501161005,12.289478630429773],[108.57106798307342,12.289560646356112],[108.57090013741,12.289706558169634],[108.57088487827957,12.289997429871324],[108.57101457802507,12.290156692556973],[108.57138841832402,12.290464729253676],[108.57155626480763,12.290695518418945],[108.57166307636183,12.290962547948412],[108.57167070644893,12.291251511784694],[108.57160967035469,12.291418404183688],[108.57137315904686,12.291751236813646],[108.57051103815816,12.292498917441685],[108.57038896737876,12.292704910995207],[108.5702592683522,12.293444008676811],[108.57015245587137,12.294439644603814],[108.57005327432373,12.294799180230218],[108.56974046939027,12.295338006168237],[108.56958788158602,12.295469612608024],[108.5691987820419,12.295556397281553],[108.56903856532787,12.295500130788422],[108.56890123562434,12.29536852346975],[108.56874101788492,12.29510149524601],[108.56845110159836,12.2944339231051],[108.56819933076481,12.29426321456499],[108.56802385488571,12.294068666275436],[108.56768053181227,12.293878883803735],[108.56668108164305,12.293521255750846],[108.56650560607308,12.293306680102068],[108.5661165063338,12.293015808847866],[108.56548326739055,12.292358727224341],[108.5652467549057,12.292193742291463],[108.5648576558947,12.292119355236059],[108.56471269752278,12.292174667532882],[108.564529592146,12.292345376026752],[108.56401079390184,12.292702049901694],[108.56368272997778,12.29284510116573],[108.56339281288075,12.292867035957784],[108.56324785403456,12.292834610680394],[108.56304948959225,12.292707771601224],[108.56277483178201,12.292636247130933],[108.56250780264507,12.29262575617411],[108.56233232729035,12.292666764456332],[108.56188219226102,12.292979569112118],[108.56160753426975,12.293084473910994],[108.56070726600967,12.29309496385073],[108.56040971856389,12.293053956180467],[108.55986040318608,12.29277262211818],[108.55931108596596,12.29268393003991],[108.55882280519151,12.292534204388826],[108.5584718526026,12.292314858530515],[108.55825822942795,12.292290063014656],[108.55785387141324,12.29233107121794],[108.55761736107486,12.292434067821672],[108.55714433767365,12.29292616423436],[108.55679338550375,12.293520303166677],[108.5566407973952,12.293709130204347],[108.55658739325708,12.294144959096112],[108.55641954594948,12.294857354605366],[108.55631273396855,12.295091004547668],[108.55615251703789,12.295280786738209],[108.55580156513037,12.295508714876119],[108.55561082962078,12.295558305203489],[108.55529039630338,12.295558305717982],[108.55432146230662,12.29548964069899],[108.55284898925466,12.295701356392625],[108.55237596719833,12.295805306945553],[108.5521852316706,12.295796723540661],[108.55205553146625,12.295758576704674],[108.551918202876,12.295643182562436],[108.5517885031683,12.295396180312773],[108.55151384508184,12.295032830395472],[108.55107897011591,12.294203134808404],[108.55098741656127,12.293941827559735],[108.55091112267834,12.293265672896181],[108.55069749969871,12.292696328304716],[108.55046098903546,12.292251916976692],[108.55029314204687,12.292144151543072],[108.5500718897376,12.292122216205524],[108.54969041930919,12.292243333469715],[108.54910295696821,12.29263624781625],[108.54890459200058,12.29290327670781],[108.5485841576789,12.294327112122147],[108.54840105202408,12.294645639065646],[108.54798143537649,12.295060488148945],[108.54767626016681,12.295255991009583],[108.54742448992063,12.295322748244509],[108.54726427284152,12.295322747771232],[108.54649370360617,12.295022340944017],[108.54611223329523,12.295061440790814],[108.54588335155525,12.295247408156278],[108.54562395252033,12.295542093166661],[108.54554002862521,12.29614195419645],[108.54557054698343,12.296750398821327],[108.5454942529425,12.297115655987534],[108.54528825891666,12.297273965831776],[108.54490679013364,12.297379823756547],[108.5437013447997,12.297371241526877],[108.54344957436071,12.297405572923793],[108.54321408745928,12.297476933183294],[108.54294603473754,12.29755816152016],[108.54266374740163,12.297596307983014],[108.54229753640614,12.297583909906097],[108.5412980860943,12.297358843378891],[108.54066484527623,12.29699835416978],[108.5401613056046,12.296513887176483],[108.53970354218875,12.295970292864999],[108.53955858358769,12.295729014645133],[108.5393678483173,12.294705721185117],[108.53922289011975,12.294395776794222],[108.53903978472874,12.294128747849697],[108.53734605941983,12.292459817921966],[108.53681963047296,12.291716906502533],[108.53659837852753,12.291216227453303],[108.53645341886086,12.291020723091723],[108.53611772651176,12.290753695241952],[108.53601091565629,12.290253016085101],[108.53609483853633,12.28979048383504],[108.53636186681256,12.289535853418114],[108.53725450588165,12.289217324895164],[108.53771989931145,12.28880152286012],[108.53874223827567,12.288168284139031],[108.53916185509911,12.287803979649365],[108.53958910095213,12.287286134771916],[108.53972643002524,12.286990496226913],[108.53990190657292,12.286427827535269],[108.53994005311135,12.285987229348434],[108.53987901835765,12.28559240867733],[108.53965776512534,12.284560534076084],[108.53953569537362,12.28431448580077],[108.5393297008757,12.28409800161257],[108.53804796292931,12.2830956893533],[108.53602617322102,12.281865449361177],[108.5357209975749,12.281767221546867],[108.53532426863119,12.281711908152948],[108.53462999401661,12.281805368104136],[108.53407304765074,12.281780572467072],[108.53376024269967,12.281661363841975],[108.5334474378792,12.281444880198347],[108.53326433232064,12.281185479631219],[108.5331651495441,12.280897471222808],[108.53303545048067,12.280705781578881],[108.532272510589,12.280095429475333],[108.53218095852516,12.279924722672977],[108.53214281121313,12.2797511538556],[108.53199785301715,12.27959379812811],[108.53142564758107,12.27908453564095],[108.53118913684752,12.278999658516717],[108.53091447817499,12.278995844110904],[108.53041093826229,12.279229493891277],[108.53009050387638,12.279496522947282],[108.52967851616866,12.280043932322398],[108.52930467671084,12.280256600649329],[108.52904527674099,12.280324312307833],[108.52843492564713,12.280265184282166],[108.52789323892142,12.279959055169753],[108.52653520686441,12.279487939993844],[108.52595537202079,12.279339167351765],[108.5249635500665,12.279186579206968],[108.5246278574081,12.279195162468913],[108.52336137714518,12.279569002054748],[108.52207201077893,12.28012499413083],[108.5218431284327,12.280350061085578],[108.52114885359869,12.280676218546652],[108.52090471214441,12.280698153762089],[108.52067583147334,12.280629488717018],[108.52050035475582,12.280511232795428],[108.5200349616935,12.27992472299537],[108.51982133877455,12.279733988161949],[108.51937120409774,12.279470774315858],[108.5191575809227,12.27942881283803],[108.51871507645717,12.27947935760121],[108.51837938313226,12.279572817818465],[108.5178376963641,12.27981505078462],[108.51716630960757,12.280180307569086],[108.51686876367265,12.280239435337215],[108.5166322511121,12.28021368704345],[108.51640337038585,12.280124994879213],[108.51617448792302,12.279874178702864],[108.51590745896695,12.279127451288845],[108.51542680729187,12.27840552014666],[108.51508348432677,12.27798971869102],[108.51449602130415,12.27760729490492],[108.5143129158713,12.277573916376525],[108.51387804036963,12.277612064017191],[108.51337449983286,12.27752718651403],[108.51190965599359,12.277136179387591],[108.51124589915298,12.27709803237471],[108.51058214186277,12.277195307482197],[108.50855272272797,12.277790400471334],[108.50783555959585,12.278231951504775],[108.507187060545,12.278710696013714],[108.506485156917,12.279330585212962],[108.50569932926766,12.280102106842065],[108.50553911180762,12.280146930278603],[108.50547044694491,12.280239436395496],[108.50544755915179,12.280356738443503],[108.50554674147112,12.280733439702585],[108.50550859401311,12.281189296225463],[108.50505846028099,12.282115314215774],[108.50492113094037,12.28230700212034],[108.50473039623652,12.282383296568696],[108.5044404790914,12.282408092423045],[108.50392167985564,12.282281253670462],[108.50276964202557,12.2816060520638],[108.50254838903868,12.281555507003374],[108.50231187791094,12.281576488651416],[108.50213640163983,12.281690929063762],[108.50167863779934,12.282243106522584],[108.50086992243013,12.282790515193506],[108.50009935375532,12.283580157548606],[108.49914567872204,12.284747455373125],[108.49892442691504,12.285112712928218],[108.49858873304005,12.286381100105482],[108.49860399231359,12.287107799693608],[108.49870317424138,12.287527415460879],[108.49929826689187,12.288508746940447],[108.4993898206871,12.288939807863704],[108.49942796723367,12.28945479215728],[108.49977891907027,12.290549609400207],[108.49994676613521,12.2916024667904],[108.4999238775955,12.291972491586565],[108.49983232567718,12.29232821279747],[108.49964159027533,12.292689654637105],[108.4984514047162,12.294361447342705],[108.49792497623449,12.295015667303288],[108.49721544239115,12.295800541275922],[108.49631517440159,12.2970317356393],[108.49594896337047,12.297429417122368],[108.49549119940738,12.297711704185913],[108.49494188401412,12.298271511555349],[108.49447649057792,12.298824642422368],[108.494270496692,12.299235676254112],[108.49420183311987,12.299618099895715],[108.49366014538207,12.30111441423277],[108.49329393473131,12.303114269715259],[108.49287431797434,12.304600094811633],[108.49272935912734,12.304880474785348],[108.49228535901284,12.305412350640509],[108.49218004290618,12.305538510900522],[108.49198167853304,12.305898999111058],[108.49179094418487,12.306120251764526],[108.49153154377542,12.30629000600408],[108.49098985720153,12.306557034847172],[108.49069993976848,12.30665049448556],[108.49047105940124,12.306676243655101],[108.49012773581582,12.306633329111124],[108.4898759656027,12.306510305371761],[108.48919694999293,12.306043958137929],[108.4884721566782,12.305368757049667],[108.48789995320641,12.304991100556823],[108.48735063565098,12.30475363695922],[108.48690813101298,12.304663990573582],[108.4866105845622,12.30465159334288],[108.48539751038923,12.305041646494631],[108.4851228530699,12.305207586099447],[108.48500841208627,12.305394506306389],[108.48477952964542,12.307792042875667],[108.48477190128655,12.308433866632761],[108.48482530702478,12.309078550704188],[108.48480241834055,12.309366559248325],[108.4845964248139,12.309736585569013],[108.48432176736533,12.309897756102353],[108.48397081442279,12.309902524431955],[108.48335283404293,12.309757566833769],[108.48284929282384,12.309484815171656],[108.48262804064885,12.309200620358553],[108.48155229593524,12.308454847645919],[108.48127763743346,12.308174466404907],[108.48107164451986,12.307729100049832],[108.48086565044083,12.306863164526163],[108.4807037258974,12.306338065738421],[108.48051469913398,12.305623388676892],[108.48049181080563,12.30524954773256],[108.4805528457824,12.304430341206087],[108.4806672865359,12.303934430664253],[108.48085802139121,12.303415632284473],[108.48111742086638,12.30290827719888],[108.48166673639587,12.30233893330834],[108.48191850665974,12.302133893073654],[108.48230760578186,12.301983212998733],[108.4826661875775,12.301914548171958],[108.48314683938034,12.301620815805052],[108.48330705620947,12.301476812068165],[108.48343675691201,12.301271771758135],[108.48367326786114,12.30071387184636],[108.48382585574893,12.300245617646613],[108.48384111417734,12.29999003281478],[108.48374956191387,12.29969725450934],[108.48361986128339,12.299579953112433],[108.483261280566,12.299445485171491],[108.48304002772389,12.299435949362485],[108.48254411775125,12.299548481990676],[108.4820024300735,12.29982886172702],[108.48183458361153,12.299977636183415],[108.48157518414065,12.300389622874935],[108.48144548435734,12.300506925461203],[108.48131578479229,12.300558422960567],[108.47998827002823,12.300435399011103],[108.4793474002596,12.300138807009464],[108.47915666605293,12.299998616469177],[108.47863023760654,12.299434040888286],[108.47798173970504,12.298932409049748],[108.4778138922658,12.298862790035477],[108.4776384158805,12.298873280799512],[108.47744768161715,12.298918102891777],[108.47727983439354,12.299049710409534],[108.47602098424126,12.300366735711519],[108.47577684455169,12.300495481282724],[108.47527330412896,12.300561284788909],[108.47505205102362,12.300519323560087],[108.47486894656971,12.300424909123697],[108.47474687519704,12.300284719479112],[108.47463243499357,12.299998616153932],[108.47454851106937,12.299701070391652],[108.4745332518052,12.299450254412303],[108.4748765755528,12.297955845981056],[108.47567003203157,12.296267843295496],[108.47579210322436,12.295820569480076],[108.47588365495469,12.295179699805663],[108.47586839579843,12.294846867818345],[108.47574632619799,12.294288014715427],[108.47559373820867,12.293932294100557],[108.47486131570086,12.293341969849928],[108.47380083061542,12.2921422471826],[108.47339647262075,12.291568134819025],[108.47248094428805,12.289289808127535],[108.47224443338992,12.288445806266854],[108.47209947585272,12.288201664575743],[108.47194688730964,12.288080548021705],[108.47177904065894,12.28806624302063],[108.47119920642447,12.288166378749914],[108.47084825448088,12.288300847219553],[108.47055070856024,12.28860983801817],[108.47048204339687,12.288774823284253],[108.47033708514229,12.289497709415734],[108.47031419675737,12.289857244063512],[108.47034471466704,12.291218136752882],[108.47045915544497,12.291700696046574],[108.47044389685968,12.292023992147206],[108.47035234399965,12.292450284646211],[108.46967332833819,12.29470572391757],[108.46945207594771,12.295055722615649],[108.46870439454118,12.296091413098729],[108.46781175554499,12.296711301398195],[108.46712510983397,12.296958303956506],[108.46614854791508,12.297234868723821],[108.46586625971067,12.297252988753689],[108.4654771605502,12.297123288465993],[108.4654008667573,12.296993589767162],[108.46537797873124,12.296861982352992],[108.46543901346188,12.29658827790971],[108.46557634305209,12.296290731813066],[108.46569841396668,12.295579290151462],[108.46579759565414,12.294814443229294],[108.46585100067908,12.293521260727452],[108.46592729480753,12.293071126611206],[108.4661256601373,12.292312001206867],[108.4662095825199,12.290421818983573],[108.46629350524167,12.289635990877914],[108.46643083459546,12.28914198857734],[108.46668260473008,12.288842534031062],[108.46673601088837,12.288451528016267],[108.46669023408616,12.288254117272219],[108.4665300172888,12.288045263514341],[108.46609514140867,12.287634228956678],[108.46553819533676,12.287354802322207],[108.46502702628601,12.287175512295056],[108.46487443826625,12.287037228991032],[108.4647981448294,12.286866521382642],[108.46479051528091,12.28660712226383],[108.46489732656018,12.286157940797732],[108.4650499141593,12.285881376467485],[108.46562211938547,12.285127972858076],[108.46618669428113,12.284551954028641],[108.46652238772901,12.283892965091997],[108.46654527520374,12.2836488240866],[108.46651475828023,12.283293102650507],[108.4661866946499,12.282543514594252],[108.4655381954551,12.281517362094743],[108.46400468678334,12.279444074090824],[108.46385209900937,12.279338215752967],[108.4636384755951,12.27925619976085],[108.46193712089072,12.2788003444543],[108.46163957457851,12.278638219288027],[108.4614335808973,12.278461789026549],[108.46119706951907,12.278147077333767],[108.46097581728043,12.277694082257],[108.46086900608934,12.277044628597537],[108.46080034079698,12.276852941234063],[108.46003740150306,12.275856350748757],[108.45985429562988,12.27575907586216],[108.45902269159473,12.275494909244067],[108.45819871743593,12.27532133996745],[108.45791642973423,12.275194500836156],[108.45772569439475,12.275162076478344],[108.45755784905246,12.27519164021655],[108.45731370752826,12.275345181808666],[108.45707719705226,12.275685642939857],[108.45699327315799,12.275885914774326],[108.45694749660726,12.276441907011614],[108.45698564373428,12.276744221874843],[108.4570543086426,12.276947355186476],[108.45748155449476,12.277735089998709],[108.45791643001881,12.278664921869822],[108.45821397711809,12.279041623450292],[108.45839708194517,12.2793792245113],[108.45870988723065,12.280111646401473],[108.45879381134732,12.280443525472947],[108.45899217487857,12.282490110612326],[108.45896928752187,12.282899236212685],[108.45886247465661,12.283034658803928],[108.45874040519125,12.283096647544642],[108.45858781683111,12.283108091463898],[108.4578248769832,12.282776212368026],[108.4576722897954,12.282652234667234],[108.45747392475656,12.282337522445102],[108.45719163816564,12.28211722307308],[108.45655076907587,12.281661367102528],[108.45611589271543,12.281511640209965],[108.45582597630046,12.281311368156471],[108.45561998196676,12.280885076575908],[108.4554368765262,12.280029630502996],[108.45514695939032,12.279229497797731],[108.45502489022894,12.279009198440638],[108.45391099762941,12.278338765279228],[108.45368211544874,12.2782586570462],[108.45320146333107,12.278220510751627],[108.45286577052353,12.27810893029386],[108.45262163008516,12.277830457447546],[108.45209520182308,12.277395581407887],[108.45126519476484,12.276309301795681],[108.45120256232228,12.276227330238116],[108.4510423451687,12.27594790441875],[108.45088212730514,12.27544436462387],[108.4508058331136,12.275047635597913],[108.45078294566643,12.274600362499996],[108.45083635166972,12.274483059942394],[108.45104234530623,12.274362897555196],[108.451080492171,12.274254178035477],[108.45081346383954,12.273538923706868],[108.45063798755324,12.273342466660417],[108.45041673402753,12.27327761635282],[108.44949357829526,12.273256635802367],[108.44811265783672,12.273551320115143],[108.44779222377126,12.273513173259298],[108.44702165454814,12.273266172914582],[108.4463426383367,12.272874212413267],[108.44619767912036,12.27286276726862],[108.44602220331373,12.272933339906311],[108.44567888040946,12.273277616955824],[108.44536607544458,12.273701047568148],[108.44525163419112,12.273950910958284],[108.44479387137314,12.276673650499886],[108.44439714254897,12.278005933996921],[108.44429033183701,12.278165197479092],[108.4439851559011,12.278347348814297],[108.44370286743542,12.278376912920722],[108.44351976285019,12.278329230066964],[108.44313066365038,12.278132772605801],[108.44274919340502,12.277791356445777],[108.44245164616618,12.277424193003636],[108.44209306499167,12.276817655789939],[108.44155900724962,12.275656081219871],[108.44148271308642,12.275389051831416],[108.44133775507885,12.274474477434259],[108.441360643231,12.27410063792871],[108.44149034366885,12.27370677006367],[108.44169633628506,12.273301459164346],[108.44173448287087,12.272924756721837],[108.4416734486086,12.272778845134388],[108.44133012492021,12.272510862602635],[108.44123094362092,12.27232680238063],[108.44113176090454,12.271951055578802],[108.44111650248207,12.271620130459391],[108.44116990775704,12.271397925050742],[108.4414216785488,12.270771360192501],[108.44144456570845,12.27042899144166],[108.4413224957962,12.269257879850496],[108.44105546743376,12.268914556162867],[108.4410325790508,12.268660878141862],[108.44138353057386,12.267235135144475],[108.44175737185496,12.26657614648226],[108.4417497419184,12.266429280006404],[108.44163530128525,12.266132688471647],[108.4416353010634,12.266038274429539],[108.4421769874962,12.265150403740703],[108.44250505146096,12.264814710141836],[108.44297044443474,12.264488553174246],[108.44340532095838,12.264252996618552],[108.44355790883891,12.264065121904562],[108.4436723497433,12.26377425089266],[108.44367997873951,12.263465261602807],[108.44355027907388,12.263000821269694],[108.44345109671089,12.262914991050321],[108.44324510295849,12.262885427349032],[108.44274919264285,12.262838696836914],[108.44259660448817,12.26286826102148],[108.44245927608485,12.26295027755653],[108.44213121223433,12.263521527984953],[108.44184892359421,12.263665532738054],[108.4415513773847,12.263688420948446],[108.44116227872051,12.263655996587284],[108.44076554992122,12.263527250061854],[108.44036119173941,12.263332700113647],[108.44010942180545,12.26315054829859],[108.439743210864,12.26257166839767],[108.43960588143963,12.262200689632708],[108.43950669981551,12.261659955252425],[108.43947618287453,12.260409687995937],[108.43956010570646,12.25987181616651],[108.43977372850605,12.259074544569604],[108.43975084040981,12.258927678401362],[108.43967454660154,12.258780812375434],[108.43956010556664,12.258701657754795],[108.43783586205015,12.258087491195916],[108.4375612043422,12.258107518643376],[108.43720262196952,12.258007383605348],[108.43659227025226,12.257975911060075],[108.43638627770011,12.25772509495224],[108.43634049997569,12.257513379177816],[108.43637101828595,12.256928777090472],[108.43649308804737,12.256677961672851],[108.43666856430882,12.25594553916059],[108.43734758138314,12.25513682351201],[108.43789689753234,12.254281377174436],[108.43945329335124,12.252941464597525],[108.43971269361263,12.252696369951583],[108.43992631600771,12.252396917068365],[108.44020860308865,12.251555775672477],[108.44020097405763,12.251091335941922],[108.44006364536777,12.2508090489499],[108.43990342794022,12.250605916182469],[108.43964402838299,12.250399922807794],[108.43886583043647,12.25007948762585],[108.43802659684374,12.249805783063593],[108.43756883317636,12.249708509222204],[108.43733995081337,12.249791477805987],[108.43722550990185,12.250008915730326],[108.4371949928293,12.250202512293336],[108.43724076882826,12.25042376351476],[108.43746202089298,12.250861500980431],[108.43750779799957,12.25116858393356],[108.4374849104423,12.251347874949664],[108.43723314016225,12.251700734339167],[108.4369203341293,12.253083561922308],[108.4366838230451,12.253447866290733],[108.4361802833566,12.253908489858723],[108.43579881355056,12.254084920354716],[108.43537156715378,12.2541421412698],[108.4348756570637,12.254111623294879],[108.43457811056226,12.25413546556578],[108.4341737522299,12.254298542972943],[108.43367021233908,12.254755353622697],[108.43327348387594,12.255664205214838],[108.43280046098194,12.256310796718923],[108.43273179723064,12.256568288499729],[108.43272416744111,12.256744718369198],[108.43277757367437,12.256866788657948],[108.43291490188963,12.25693831424497],[108.43327348447212,12.257026052645612],[108.43337266588946,12.257124280634496],[108.43340318434191,12.257253026783717],[108.43336503709105,12.257425641435157],[108.43241136235964,12.258448934775032],[108.43202989362288,12.258628225622244],[108.42991655004506,12.259302473116403],[108.4296876686471,12.25929961135423],[108.42942826924416,12.259249068021637],[108.42929094004472,12.259140348268067],[108.4289705053271,12.25860152302299],[108.42865007123831,12.25824580208235],[108.42851274181973,12.25815234134349],[108.42836015417774,12.258118009615842],[108.4278947608728,12.258221959799833],[108.42781083732059,12.258200025614872],[108.42768113805457,12.258027411147976],[108.4272615215491,12.257141446659734],[108.42716996788575,12.256822919667547],[108.42718522715471,12.256581640935629],[108.42737596204454,12.256178235305962],[108.4274598853946,12.255907392635898],[108.42745988464783,12.255694722941882],[108.42729203908354,12.255306577432165],[108.42713945071131,12.25476584487108],[108.42739122117753,12.25344119054129],[108.42743699679411,12.252607679717427],[108.4272767802678,12.251723623560565],[108.42712419164083,12.251503324865691],[108.42702500950338,12.251451825327276],[108.4264833227561,12.25139460527645],[108.42630021643899,12.251316404447115],[108.42533128339689,12.250707006282354],[108.42498033166088,12.250541066453527],[108.42446916246715,12.250395154846318],[108.42290513640103,12.25034079529926],[108.42227189673335,12.250421857505412],[108.42189805672771,12.250381803516413],[108.42147843959745,12.250269269747184],[108.42067735244525,12.249927854825522],[108.41975419676868,12.249693250691777],[108.41925828520279,12.24950347002198],[108.41699998419601,12.24816546507466],[108.41635148651847,12.247836446873594],[108.41612260474292,12.24767050782677],[108.41535966462324,12.24641737975249],[108.41512315350839,12.246125554817798],[108.41447465543165,12.245834684569811],[108.4142686616512,12.245688771750883],[108.41415422040905,12.245464658762959],[108.41409318567501,12.245112752464367],[108.41387193302539,12.244591093030408],[108.41333024649661,12.24382529247193],[108.41299455242616,12.243574476818722],[108.4125520475555,12.243500090195472],[108.4093858490889,12.244597768537783],[108.40863816837285,12.244790410707918],[108.40810410989381,12.244885778917308],[108.40776078841736,12.244902944872152],[108.40721910052045,12.244820929312812],[108.4067689656394,12.244665479821865],[108.40419023095612,12.243540144504882],[108.40372483760888,12.243415212903635],[108.40284745717777,12.243293143591513],[108.40106217898632,12.242867804005495],[108.40003221094061,12.242454863383575],[108.39974229407032,12.24243006766376],[108.39821641486392,12.242717123444208],[108.39611070168647,12.243228293591427],[108.39482133387138,12.24371276005012],[108.3945314163589,12.243733740718142],[108.39411942985296,12.243635512496418],[108.39377610690178,12.24342188966209],[108.39323441975812,12.243243552397258],[108.39278428530635,12.242927885733323],[108.39244096234381,12.242540694599022],[108.39218156396211,12.24208579163915],[108.39189164627038,12.24177298639484],[108.39169328257087,12.241616583626895],[108.39108293049772,12.241473533116332],[108.38835160770482,12.241026259647843],[108.38780992064605,12.24101958372665],[108.3874665973967,12.24108443376224],[108.38710801644932,12.241270399537843],[108.38641374135679,12.241751052197507],[108.38586442455772,12.242296554265028],[108.38563554206848,12.242632247306204],[108.38546769611689,12.243387557272676],[108.38530747845093,12.24365554002037],[108.38414018181213,12.244855261966983],[108.38342301857914,12.24536643203511],[108.38253037940679,12.245854713138552],[108.38226335047537,12.245854713152822],[108.38205735621067,12.245800353149628],[108.38173692246875,12.245505667938565],[108.38156144685111,12.245411254158235],[108.38137071162383,12.24538359874929],[108.38114945865664,12.245434142255608],[108.38085954193186,12.24558005489715],[108.38029496623251,12.246156074185961],[108.37992112660719,12.247054435231531],[108.37947862197124,12.247670509444747],[108.37831132435447,12.248767234999073],[108.37770860160408,12.249281265538679],[108.37710587927226,12.249727584527703],[108.37627427551169,12.250603058004465],[108.37531297289344,12.251035072799723],[108.3750001666014,12.251084664204777],[108.37484757970815,12.25105796122368],[108.37466447351336,12.250930168698783],[108.37413804568234,12.25036177886143],[108.37319200084802,12.250235893537834],[108.37293260016332,12.250255920865152],[108.37255113142544,12.250408509367764],[108.37215440277426,12.250831939662135],[108.37171189791114,12.25169310789062],[108.37143723974891,12.252498962979113],[108.3710405112748,12.253136016802365],[108.37079637039021,12.253434517114833],[108.37033860688541,12.253831245903386],[108.36990373181928,12.254128792471887],[108.36947648534652,12.25429187055597],[108.36920182754055,12.254298546370864],[108.36891954000389,12.25424800108719],[108.36719529621647,12.25355277286783],[108.36534135341319,12.253098824809058],[108.36436479050124,12.25301394756965],[108.36300675836769,12.253112175173008],[108.36172502029781,12.253013947118605],[108.36123673933892,12.253136017483504],[108.3605119467435,12.25347838616524],[108.35952012582942,12.254213669665155],[108.35897843883055,12.254538872683876],[108.35739915335321,12.254830697018301],[108.35661332637592,12.254884102864509],[108.3560029746212,12.254820206556508],[108.3548051594346,12.25440345118969],[108.35310380425555,12.253627160263312],[108.3520204302923,12.253027299261715],[108.35095994375932,12.252262452574076],[108.34979264741774,12.251170494757066],[108.34858720323011,12.249842980731374],[108.3477708565236,12.248745301659527],[108.34756486433305,12.248053887535393],[108.34735887010224,12.247799256911629],[108.34668748270627,12.24747786817886],[108.34570329088578,12.247549394438888],[108.34527604479695,12.247633316802345],[108.34510056926945,12.247748712293086],[108.34501664620667,12.247962335013055],[108.34474198808049,12.248341897056902],[108.34433762943546,12.24877200482334],[108.34405534144662,12.248957970969418],[108.34352891414935,12.24912104904142],[108.3432771434219,12.249107697769064],[108.34307877944235,12.248964647133276],[108.34284226823593,12.248494485498538],[108.34262864454354,12.248169282054146],[108.34252183410837,12.247888902292212],[108.34249894581465,12.247597078060233],[108.34253709319161,12.24722323697286],[108.34263627434817,12.246941904456841],[108.34259812787747,12.24620566689731],[108.34236924582768,12.245634415799271],[108.34214799350255,12.245356896802955],[108.34196488743207,12.245289185956432],[108.34171311768094,12.245305398050974],[108.34150712389702,12.245394089859342],[108.34130113042906,12.245556214881757],[108.34075944350792,12.246159891011224],[108.34036271510291,12.246827462999743],[108.34008805627269,12.24750457111353],[108.339904951814,12.247783044631404],[108.33975999249427,12.24790130041407],[108.33869187752545,12.248260835819774],[108.33823411407563,12.248373369369993],[108.3378221263702,12.24839434945379],[108.3371507398459,12.2483857661396],[108.33633439504034,12.24831805607699],[108.33578507907725,12.248091081500359],[108.33511369173799,12.247508386703],[108.33483903333844,12.247203210735462],[108.3346788154484,12.24682078786733],[108.33444993372152,12.246085504904919],[108.33424394072541,12.245047906431761],[108.3341981637389,12.244560579390654],[108.33423631045986,12.244255403824074],[108.33454148632924,12.243618349268107],[108.33470933309852,12.242720941311376],[108.33499925005681,12.242016175849225],[108.33560960125997,12.240787842961641],[108.3356935250128,12.240367273169856],[108.33570115421635,12.23999438612111],[108.33563249009867,12.2397302179639],[108.33546464279833,12.239441254892373],[108.33425919878094,12.238493303058018],[108.33394639309238,12.237967828609285],[108.33381669409282,12.237288811802436],[108.33361069989759,12.23685584371545],[108.33312241902819,12.236068108955672],[108.33299271868694,12.235689500263625],[108.3330384945232,12.235418657178696],[108.3332978949977,12.235220291906737],[108.33364884703681,12.235148766730479],[108.33509843216096,12.235094406713111],[108.33573930097818,12.234956125207958],[108.336349653268,12.234968522220026],[108.3369905222789,12.234872201067164],[108.33718125745092,12.234872201004139],[108.33776109080175,12.235003807854934],[108.33820359567298,12.2349504026893],[108.33856980699909,12.234799721403887],[108.33918778677025,12.234379151712286],[108.33966080967079,12.233951905492592],[108.33986680388598,12.233645775737028],[108.34001176163024,12.232839920407056],[108.34034745532895,12.231751778484632],[108.34044663782522,12.231120446261812],[108.34047715455769,12.22955737345587],[108.34037034409354,12.229117730843313],[108.34004227937575,12.228529312648217],[108.33956925629805,12.228005745337533],[108.33912675208397,12.227879860914841],[108.33881394629618,12.227921822810547],[108.33856217641541,12.228065827490319],[108.33833329510352,12.228306153159911],[108.33796708406527,12.228913643944905],[108.3376237618153,12.229106285500613],[108.3372194036162,12.229220726199939],[108.33593766482855,12.229382851627204],[108.33384721033617,12.229917863080525],[108.33200089742124,12.230771401607399],[108.33152024611911,12.23086772341919],[108.33110062844626,12.230837204578549],[108.33039109571308,12.230440476827848],[108.33042924232049,12.229883531163965],[108.33038346585414,12.229489663973132],[108.33024613648524,12.229258873653558],[108.32919328015068,12.227893212734074],[108.32896439886389,12.227770188723305],[108.32852952293344,12.227736810362465],[108.32798020648096,12.22794757187022],[108.3276368835189,12.227996209624933],[108.32713334302592,12.227803566861482],[108.32664506228004,12.22773299506538],[108.32629411058346,12.227625230322797],[108.3259126400896,12.227404931220377],[108.32543198857182,12.226973871195744],[108.32487504192399,12.226399758763826],[108.32287614151475,12.225698807759093],[108.32260148319827,12.225496628778465],[108.32185380251993,12.22472892070981],[108.32112900997161,12.223858217348939],[108.32096116278642,12.223494867225407],[108.32090775721151,12.223162034129738],[108.32093827473041,12.22281680439353],[108.32122819205424,12.222017625426826],[108.32227341913712,12.220943788139454],[108.32234208289029,12.22080073696716],[108.32238785956649,12.220486023562886],[108.32238023043014,12.220091202855553],[108.32233445426353,12.21991572726864],[108.32222764168206,12.21979461023549],[108.32202164892213,12.219709733093826],[108.32170884375779,12.219668725140492],[108.32129685638887,12.219741205349797],[108.32087723995981,12.219736436117369],[108.32062546992714,12.219646791383289],[108.32012955845471,12.219242432956744],[108.31861893892253,12.21857772247879],[108.31776444706854,12.218277314864357],[108.31549088628263,12.218182901437814],[108.31438462446394,12.218088487221422],[108.3139802665462,12.218119958281854],[108.31307999795638,12.218407013937655],[108.3123628349433,12.218551019671967],[108.31201188274817,12.218528131022184],[108.31157700725555,12.218420366123024],[108.31134049600114,12.218263963244933],[108.31124894337903,12.218115190045209],[108.31116501963791,12.217738489607756],[108.31114976180645,12.217136720373475],[108.31127946097865,12.216324189975484],[108.31134049529126,12.215601303881614],[108.31130234887019,12.215246538250927],[108.31120316674726,12.214999535844504],[108.3109285087482,12.21463523182887],[108.31060807477932,12.214374879586298],[108.30997483398555,12.214069704028399],[108.3096543989714,12.214011528935588],[108.30876176006136,12.214124063511708],[108.30846421432,12.214092592123095],[108.30829636769626,12.214006761109015],[108.30802170928119,12.213769296389293],[108.30765549810415,12.213607171762844],[108.30700699957761,12.213454584539813],[108.30677811690221,12.2133248843925],[108.30573288989486,12.21237216299745],[108.30525223902139,12.211869577707075],[108.3050080977497,12.21138511071815],[108.30480210390857,12.210693696665507],[108.30464951645112,12.210347513664475],[108.30443589312428,12.210186342374437],[108.30282609138239,12.209341386761599],[108.3013002121571,12.208896974725207],[108.30039231375373,12.20852885644461],[108.3001329147787,12.208322862177532],[108.29983536827017,12.207971910404028],[108.29916398213398,12.206899026201604],[108.29840867172994,12.205287317741426],[108.29731766734606,12.203630784695502],[108.29693619873052,12.20316443819794],[108.2964936940061,12.202916482759885],[108.29605881796701,12.202840188437245],[108.29582230674328,12.202925065784239],[108.29561631259756,12.203150133245696],[108.29549424287579,12.203441957118466],[108.2954789835892,12.203846315141028],[108.29588334152847,12.205700258484853],[108.2958833421349,12.206630090739125],[108.29580704809732,12.206998208923794],[108.2954637249488,12.207716325446457],[108.2953340258918,12.208246568298517],[108.29508225591638,12.208528856877948],[108.29471604489929,12.208672861861977],[108.29444901577267,12.208654741366535],[108.29370133460127,12.208452562860069],[108.29339615852128,12.20842585990592],[108.29312913070343,12.208462099488234],[108.29285447169114,12.20855174469894],[108.29254166700179,12.208771089551801],[108.29093949419398,12.210567812062976],[108.29065720680022,12.210765223023383],[108.29003922621618,12.210846285344017],[108.28958146198966,12.210814814271075],[108.28925339739376,12.21073851997317],[108.28884141078365,12.21052298984823],[108.28864304671619,12.210329394480723],[108.2883226115416,12.210118632438327],[108.28816239497449,12.210109095151774],[108.28777329576518,12.210262637182677],[108.28660599754556,12.210922579112443],[108.28462235608752,12.211779932417711],[108.28350846389512,12.212426524101877],[108.28251664234429,12.212907176154662],[108.27996842458536,12.213665348006403],[108.27840439830176,12.214298586572738],[108.27802292948492,12.214411120637555],[108.27743546614377,12.21437488042883],[108.27706162549902,12.214248995643455],[108.27677933806886,12.214069705738222],[108.27586381071708,12.213099818446056],[108.27516190658734,12.212507587128954],[108.2738191326074,12.210831980997813],[108.27348343945762,12.210262637546036],[108.27333085093098,12.209876399988968],[108.2729341222056,12.208344799097711],[108.2729112345998,12.207946162652094],[108.27297226959162,12.207381587403505],[108.27275864622725,12.205445628809898],[108.27254502347952,12.204956393203506],[108.27211777684435,12.204651217274318],[108.27069870992705,12.20409331762417],[108.27005784104229,12.203756670375041],[108.26982132895098,12.203536372565265],[108.2697374059477,12.203316073651095],[108.26962296499262,12.203181605676226],[108.26940934193583,12.203096728767676],[108.26908890831928,12.203044276585837],[108.26889817327493,12.203079562976521],[108.26863877314118,12.203178744932945],[108.26790635124215,12.203605991170441],[108.26744095754506,12.203829150753139],[108.26708237695283,12.203878741784967],[108.26670090694789,12.203845362552295],[108.2654267979867,12.203362804143449],[108.2642366127632,12.203001360951417],[108.26256577503783,12.20204864062635],[108.26156632500226,12.201328617311221],[108.26023117977473,12.200773577731663],[108.25978867541696,12.200517992910928],[108.25957505226847,12.20026145528089],[108.25936905874963,12.199945789073789],[108.25931565275101,12.199620585943304],[108.2593690584866,12.199308733563276],[108.25973526965015,12.199029307954083],[108.25985733943862,12.198858600305787],[108.2598802273589,12.198717455977384],[108.25974289839321,12.198171954527364],[108.25932328226502,12.197098116537934],[108.25933091143776,12.19669375909815],[108.25971238141562,12.19540248417496],[108.25997178051227,12.194022517328863],[108.26023117952046,12.193342547924267],[108.26052872621594,12.192784648060762],[108.26054398564429,12.192475658046982],[108.26042954465036,12.192223887886216],[108.25993363304342,12.191396098793797],[108.25945298102826,12.191148142546346],[108.25830094267312,12.190901141514566],[108.2570268345377,12.190925936390355],[108.25593583043927,12.190844874552909],[108.25524918464235,12.190634113204267],[108.25417343999183,12.189792017688365],[108.2536546411045,12.18960891291472],[108.25312821316767,12.18933711602423],[108.25268570799703,12.189051967152789],[108.25225083313062,12.188303332890836],[108.25123612312288,12.186171870928252],[108.25045029535148,12.184295992647543],[108.25018326668321,12.183530192942381],[108.25006119694544,12.18295226529819],[108.25002304929795,12.181857447709062],[108.2498552028064,12.181269030387867],[108.24942795685928,12.180452685217695],[108.24853531710629,12.17918906654411],[108.2482835475055,12.17861018619857],[108.24828354761684,12.178307871968057],[108.24833695194965,12.178138117522357],[108.24852005799524,12.177831988971295],[108.24872605244917,12.176912646938625],[108.2489015282081,12.176665644071035],[108.24952713787711,12.176240305178354],[108.25033585420205,12.175371508662442],[108.250778359467,12.175123553142017],[108.25094620485672,12.175087313061193],[108.25106827661514,12.175134043709859],[108.25131241650693,12.175361018606456],[108.25143448719437,12.175423007056882],[108.25157944556275,12.175438265171067],[108.25254074922903,12.175182681208454],[108.2531358423512,12.17490897648459],[108.25328080026709,12.17473350006508],[108.25412003275409,12.174043993300506],[108.25444809682662,12.17369876353174],[108.25475327358181,12.173523286848303],[108.2547990499404,12.173430780776823],[108.2547990502652,12.173249583055544],[108.25454728021603,12.172549586356844],[108.25444046835109,12.172016481799773],[108.25422684470827,12.171420434725679],[108.25408188616866,12.171303132977341],[108.2539674461637,12.171268801070447],[108.25325028197355,12.171457629358622],[108.25222794392566,12.17129550425682],[108.25163285124668,12.171078065858966],[108.25107590480762,12.170791010561604],[108.24994675513672,12.1698669001072],[108.24929062725116,12.169589380995593],[108.24718491395839,12.168999056480402],[108.24658219150832,12.168695787835619],[108.24636093884932,12.168459277163207],[108.24617020331175,12.16804538237592],[108.24608628088009,12.167303422879941],[108.24615494535219,12.16708121710009],[108.24640671539346,12.166693072613723],[108.24646775049808,12.166405062064428],[108.24642197398553,12.165562014183676],[108.24636093885441,12.165345529801963],[108.24570481017993,12.164522509173864],[108.24536148828578,12.163896899208574],[108.24514023529849,12.163640360109515],[108.24471298980787,12.163259843905868],[108.2442781132014,12.162571291293343],[108.24392716113398,12.16215072153333],[108.24343125168518,12.161821702935914],[108.24261490498532,12.161451678508572],[108.24118057933352,12.160661082603525],[108.24080673951681,12.16058001905964],[108.24042526964473,12.16059527853942],[108.24015061132128,12.160769801274396],[108.23994461718222,12.161011080204029],[108.23957077734006,12.161686282402668],[108.23931900775462,12.162509303749813],[108.23892227943925,12.16490874742637],[108.2386552500532,12.16612182175083],[108.23815933970042,12.166974406409235],[108.23805252836704,12.167321543145908],[108.23802201068257,12.16768393973593],[108.23826615145622,12.168961864072967],[108.23826615167833,12.169642786851192],[108.23815933977704,12.170238834074498],[108.23780838740241,12.171261172616218],[108.23770920532938,12.171836237596473],[108.23772446519033,12.172333102427336],[108.23812882273651,12.174349169436447],[108.23818985799718,12.175279002963299],[108.23815933969169,12.175769191360706],[108.23803727004437,12.175975184812431],[108.23771683510661,12.176138262758876],[108.23748795338568,12.176165919687838],[108.23677078971672,12.175988535758995],[108.23479477648705,12.17576919093474],[108.23417679568196,12.17576156197709],[108.23327652798419,12.175683360873176],[108.2326280288456,12.17585406825363],[108.23188797763132,12.176208835241601],[108.23133866069628,12.176655155323372],[108.23051468672,12.177003246399579],[108.22993485265667,12.177481037167812],[108.22960678889734,12.178019863539037],[108.22952286485804,12.178303104474498],[108.22938553598921,12.179828983903683],[108.22943894175332,12.179978710443256],[108.22964493557116,12.18022571169738],[108.22972885874621,12.18065486554757],[108.22965256539923,12.18082461937445],[108.229049842992,12.181354862442245],[108.22845475032639,12.18262992430702],[108.22824875667341,12.182844501869841],[108.22800461627823,12.182961803564574],[108.22758499947427,12.18296657183676],[108.22685257663048,12.18287311151333],[108.22653214300207,12.182784420763086],[108.22628037276239,12.18263850796317],[108.22589890307904,12.182164531627048],[108.2254869163376,12.18151698702916],[108.22529618098399,12.180732112483238],[108.2248307878006,12.179270130817603],[108.22438828226483,12.177181584023625],[108.22435013549423,12.176615100847997],[108.22450272393485,12.175987583983956],[108.22456375866784,12.175008159340862],[108.22451035252593,12.17425094267746],[108.22439591110022,12.173567157361692],[108.2241212539069,12.172591548690246],[108.22396103628692,12.172328334203918],[108.22372452574366,12.1721948204195],[108.223335426744,12.17215858007051],[108.2228013681198,12.17222343016321],[108.22213761186465,12.172555309607517],[108.22173325320712,12.173684459876812],[108.22158066510376,12.173797946849305],[108.22113816020365,12.173951488302759],[108.2205201795087,12.174348217547081],[108.22045914440275,12.174461704603116],[108.22046677387155,12.17458663583234],[108.22067276706086,12.175129276537273],[108.22084824339416,12.1758016166759],[108.22123734234499,12.17674480048776],[108.22126023100722,12.17703567221003],[108.22119919609425,12.177448612372324],[108.2207490616508,12.179253917913766],[108.22010819243123,12.180384022382073],[108.21937577120977,12.180844647349872],[108.2191545181423,12.181059223950205],[108.21852127879153,12.182545047943252],[108.21818558528622,12.183192593416202],[108.21794907374971,12.18348441709057],[108.21723953947468,12.183800084471546],[108.21679703524936,12.183856349926653],[108.21630875420522,12.183848721698059],[108.21570603209625,12.18367419893914],[108.21509567957558,12.183342320314743],[108.21469895217156,12.183079106763856],[108.21430985274488,12.18275581063758],[108.21413437657297,12.18248019853485],[108.21403519508219,12.182196957417348],[108.21393601137278,12.181513172872194],[108.2136689832676,12.181084019251172],[108.21332566103652,12.180715900849053],[108.21249405675248,12.180335385295807],[108.21204392233139,12.180173260104032],[108.21141068282869,12.180011136675992],[108.21098343627612,12.179751736590536],[108.21025101403966,12.179089886503991],[108.20973221498338,12.17835460371739],[108.20925919336581,12.177455288754249],[108.20880905848533,12.17629943526313],[108.20870224760297,12.175885541165815],[108.2087251353821,12.175635678506133],[108.20890061155454,12.17525039291801],[108.20922104654666,12.174086911520366],[108.20955673883654,12.173265796958988],[108.20957962728546,12.17292342807359],[108.20949570382615,12.17269454606562],[108.20930496959214,12.172565800118695],[108.20889298206421,12.17255149525936],[108.20820633622169,12.172616344815511],[108.20750443235629,12.172458988856802],[108.20701615102529,12.172244412477426],[108.20603958759041,12.171316487414922],[108.20539871851278,12.170895917123971],[108.2050782835074,12.170760495140929],[108.20439163885858,12.170695645449287],[108.20415512838994,12.170717579231441],[108.20349900011387,12.170996052244742],[108.20298020091398,12.17140994724364],[108.20275894775142,12.171759945023283],[108.20263687827565,12.17230926203463],[108.2022096316907,12.17294440949949],[108.20182816170464,12.173144681511587],[108.20138565670426,12.173200947573477],[108.20116440515935,12.173179967985456],[108.20028702507749,12.17270694440261],[108.19989029559339,12.172599179706532],[108.1996461553344,12.172452313946907],[108.1993486092954,12.172337872480968],[108.1991349856077,12.172364575466338],[108.19863144609502,12.172700268940043],[108.19783798912441,12.17307506268937],[108.19770065981653,12.173229559087543],[108.19765488375495,12.173369749083003],[108.19770828896762,12.173747403532818],[108.19742600182047,12.174254757508082],[108.19743363078892,12.174440724703183],[108.19813553467857,12.17558227322712],[108.19841019361955,12.17564616837177],[108.19870774051353,12.175834996993203],[108.19884506913945,12.176111562019504],[108.19886795704309,12.176310879809732],[108.19879929327205,12.176418644985135],[108.19858567020549,12.176558836070097],[108.19785324808562,12.176807744607146],[108.19763199466067,12.176956518208453],[108.19729630222551,12.177332264806603],[108.1971208263154,12.17740665170696],[108.19660202708849,12.177458150349107],[108.19619766876937,12.177379949052419],[108.19606796926537,12.177320820735629],[108.19554917117927,12.176874502195819],[108.19538132435179,12.176811559117192],[108.19522110739078,12.176811559058907],[108.19470993721649,12.177003247594397],[108.19394699773454,12.177023275220535],[108.19357315666403,12.17690120516582],[108.19282547697738,12.176506384120053],[108.19244400725808,12.176432951401305],[108.1921312022585,12.17645583944881],[108.19190994921186,12.176576955217323],[108.19145218623272,12.177100522765478],[108.19127671035601,12.177191122334238],[108.19117752809416,12.177191121890374],[108.19097916276714,12.177085264408706],[108.19052902896526,12.176710469765561],[108.19036881179575,12.176511152558463],[108.19022385311352,12.17606864697994],[108.19023911170733,12.175162656576898],[108.1903382940052,12.174282415273524],[108.190490881781,12.17375884793249],[108.19054428738627,12.173328741052098],[108.19048325315465,12.173165662348602],[108.19042984676733,12.173128469467354],[108.18968216532379,12.173106535268126],[108.18891922630905,12.173372610358273],[108.1884767221434,12.173479421518334],[108.18807236335928,12.173908575232973],[108.18779007529332,12.174082143528755],[108.1874009768023,12.174252851160027],[108.18705002460983,12.174328190808085],[108.18639389706568,12.174420698186868],[108.18614212654535,12.174393041234019],[108.18531052293203,12.174160344935977],[108.18492142347795,12.174209936447332],[108.18464676525635,12.174620016654623],[108.18454758406827,12.174908979469665],[108.18453232429567,12.17545638834769],[108.18445603037563,12.175775868996443],[108.18394486176771,12.1772397593234],[108.18388382609062,12.177656515551604],[108.18389908446015,12.177805288761087],[108.18398300898585,12.177995069828762],[108.18418137294336,12.17824683973278],[108.18453995422395,12.17856059884881],[108.18475357646099,12.178957327456336],[108.18476883582551,12.179195745745483],[108.18473068931436,12.179434164766484],[108.18463913594024,12.179719312688798],[108.18442551339801,12.180156096017534],[108.18426529622285,12.180389745234681],[108.18398300891411,12.180613859515992],[108.18307511127749,12.180908544606808],[108.18249527676163,12.18115745392049],[108.1821901010205,12.18141113162258],[108.18208328882069,12.181558950808121],[108.18175522526276,12.18239723111655],[108.18174759622998,12.182589872393212],[108.18177811320814,12.182747229147536],[108.18225113586179,12.183469160970864],[108.18232742987641,12.183722837544936],[108.18232743013694,12.183895452830505],[108.18223587699094,12.184073789643861],[108.18196884777103,12.184324606490103],[108.18120590902048,12.184699400524048],[108.18064133434694,12.184854849385065],[108.17899338371497,12.185202941340169],[108.17866532099322,12.185309751704416],[108.17816941000329,12.185657843110722],[108.17794052820058,12.185684546168556],[108.17764298246112,12.185657842736616],[108.1773225466201,12.185572013604185],[108.17604843794162,12.184806211938906],[108.17581192704759,12.184586866987155],[108.17574326169905,12.184474332780873],[108.17542282760797,12.183693274395372],[108.17509476355532,12.182724341481082],[108.17497269375838,12.181733473498426],[108.17488114038865,12.180228574980523],[108.17465988754863,12.179758414157714],[108.17446152403242,12.179602965484113],[108.174186865409,12.179496154029748],[108.1737138430475,12.179416044657778],[108.17323319202984,12.179399832427654],[108.17279068690657,12.179496154558677],[108.17238632884161,12.179688795887907],[108.17214218724374,12.179956778439292],[108.17202774683196,12.180250510173037],[108.17202011730824,12.180561408322196],[108.17208115256557,12.180919989397522],[108.17279831545592,12.182971343219883],[108.17306534472603,12.184100492988806],[108.17312638036053,12.184979781415883],[108.17301193915827,12.185946807087278],[108.17282883399835,12.186706885028823],[108.17253891743226,12.187000617297809],[108.17198197106492,12.187264784825302],[108.17133347239964,12.187350615234703],[108.17064682725226,12.187493666408812],[108.16912094781135,12.188030585821727],[108.16847244920909,12.188296660784983],[108.16796890864175,12.188798294125286],[108.16750351587028,12.189560280133035],[108.16727463402044,12.190368994400174],[108.16709915800124,12.191995964195813],[108.16703812319756,12.193830832711717],[108.16712204702523,12.19519935592325],[108.1669694592989,12.195861206496296],[108.16669480142221,12.196161613464424],[108.16635910721126,12.196428642304642],[108.16576401392517,12.196661339479471],[108.16520706952193,12.196755752451702],[108.16310135671259,12.196558342707362],[108.1619264294045,12.195968971267858],[108.16149918318075,12.195577964928837],[108.16085831385878,12.19435821569672],[108.1592027349243,12.193547592267063],[108.15814987862859,12.192755089614616],[108.15783707302725,12.192251548421156],[108.1573793096961,12.191142425683042],[108.15705887450794,12.190705642073464],[108.15655533503302,12.190292701021527],[108.15445725201981,12.189426764969463],[108.15403763490082,12.189203604947965],[108.15380112360299,12.188983307234851],[108.15333573085354,12.188328132228715],[108.1522905034391,12.187896118605103],[108.1506196655103,12.187432632302718],[108.14878861148838,12.187117920677442],[108.14750687233202,12.186735496559965],[108.14588181095168,12.186191902199269],[108.14322678190722,12.18491684016282],[108.14221970183426,12.18448196489903],[108.14160935022528,12.183912620808684],[108.14044968231556,12.183222160667997],[108.13829056426137,12.182323799606811],[108.1364671384037,12.1817029577546],[108.13566605190294,12.18154083260484],[108.13428513211139,12.181404458421232],[108.13217178906294,12.181268081992094],[108.13157669580421,12.181063996267982],[108.13108841437742,12.180741653910593],[108.13076798075114,12.18029247446636],[108.13014999975638,12.179097520006907],[108.12961594152011,12.178737031507948],[108.12825790935985,12.178008424288782],[108.12650314842585,12.177142487218912],[108.12578598510247,12.176637994513602],[108.12507645129838,12.175993310508252],[108.12428299419095,12.175563203238303],[108.12313858514412,12.175192222838369],[108.12245194039468,12.175081596972877],[108.12144485996329,12.175081597210413],[108.12022415652552,12.175164567367649],[108.1197816523355,12.175303803090792],[108.11936203544163,12.175600396484498],[108.11905685924549,12.176007615637332],[108.11788956283893,12.17833171935402],[108.1174928331204,12.178731309641929],[108.11687485228218,12.179698334564948],[108.11669174761033,12.180078851743977],[108.11650864157373,12.18024669774242],[108.11573044390715,12.180390702782752],[108.11541763874929,12.180576669693583],[108.11487595140774,12.180999146529173],[108.11473862205301,12.181192743057109],[108.11436478172641,12.18231140303942],[108.11286179112957,12.184357033871523],[108.11289230837782,12.186585771269524],[108.11305252727476,12.189239847069052],[108.11371628433093,12.192704546361245],[108.11362473143413,12.193977701392537],[108.1132966671819,12.194680559869258],[108.11238876877297,12.19617878136292],[108.11133591319692,12.198303568759027],[108.10910050045048,12.201069223836084],[108.10635391881235,12.20507274967286],[108.10601059540927,12.205430377387419],[108.10508743961823,12.20581566138318],[108.10468308111187,12.206127513034634],[108.10382095915945,12.206991542504877],[108.10213486316646,12.208334315413206],[108.10147110620456,12.208624232461984],[108.09633652341496,12.21058117311693],[108.09611527111748,12.210979808899246],[108.09574143095281,12.211868633206628],[108.09526840851483,12.214405406734471],[108.09475723902666,12.216380466275591],[108.0945283573416,12.216778149740366],[108.09347550051025,12.217326511295289],[108.09227768598181,12.21761166003222],[108.09087387784211,12.218446125289832],[108.08993546173417,12.219361652990163],[108.0861283940111,12.22501789599204],[108.08576981260919,12.225764623407356],[108.08544174948007,12.22702347325368],[108.08527390205049,12.230312695684242],[108.08357254735006,12.233942380651555],[108.0833818120969,12.235104909989804],[108.08354965899846,12.235517850251348],[108.08462540490304,12.2365392356418],[108.08547226659883,12.237515798155588],[108.0858003308406,12.238725057574044],[108.0857621832945,12.239827504465193],[108.0856095954237,12.24066196958531],[108.08501450383602,12.241984715652],[108.08426682316001,12.243163457912344],[108.08189408081947,12.245544782932038],[108.08092514786132,12.24580990369491],[108.08016220925292,12.24581753273895],[108.07955185733233,12.246052137664629],[108.07921616342931,12.246364943245325],[108.0787278831644,12.247147909699615],[108.07685105184588,12.24972950623322],[108.0760347062056,12.25028454483453],[108.07533280155201,12.250526777216525],[108.07456223259037,12.251168600581307],[108.07368485298812,12.253116003995306],[108.0733262711606,12.254446380305339],[108.07304398409181,12.254876486962168],[108.07166306280682,12.25601898921265],[108.06976334419736,12.258615843919603],[108.06948105642833,12.259268157641785],[108.06778733127646,12.264748923641296],[108.06716935102949,12.26589905603522],[108.06633011634173,12.266375892995379],[108.06583420644927,12.266321532864781],[108.06553665955515,12.266031615529226],[108.06527726017619,12.265625350438768],[108.06469742651709,12.2650769875318],[108.06212632019009,12.264482848827045],[108.06090561730615,12.264365547116046],[108.06031815477924,12.264397019188888],[108.0598909073238,12.264654511218687],[108.05912033964371,12.265929572744003],[108.05878464562997,12.26715027647119],[108.05803696539772,12.268288963177762],[108.05699936758315,12.268939369598264],[108.05618302213718,12.26904713432239],[108.05561081714883,12.269067162090883],[108.05526749479868,12.268845909435797],[108.05493943047586,12.267721527694064],[108.05424515647745,12.26664959705542],[108.05338303434254,12.265945786238907],[108.05268875912435,12.265585297131475],[108.05210892505787,12.265562409215441],[108.05149094418469,12.265797012022585],[108.05108658664572,12.266204231780172],[108.04963700141585,12.26855885322838],[108.048393410218,12.270952576753233],[108.04687516086979,12.272994392930292],[108.04544083457336,12.274499292269502],[108.04403702682916,12.276831979453895],[108.04393784367306,12.277792328736481],[108.0438996975503,12.278759354910802],[108.0439531027696,12.27892529421077],[108.04386917974641,12.282411927207471],[108.0439302148698,12.283103341473813],[108.04396073259687,12.284187669468622],[108.0440217676291,12.284646386437107],[108.04395310314663,12.284869546612613],[108.04367844530874,12.28525196968582],[108.04306809390957,12.285822267477865],[108.04245011275,12.286312455308158],[108.04208390201306,12.286688203196578],[108.0417634672928,12.287355775426693],[108.04103104540992,12.288409586022285],[108.04055802276213,12.288852090465674],[108.03968827202578,12.289254541652285],[108.03915421412344,12.289342280093008],[108.0377580354862,12.28934514069281],[108.03643814974436,12.289251681085112],[108.03563706325156,12.28913056438314],[108.03331009821834,12.288674708396286],[108.03020493405165,12.288289423031465],[108.0290300082476,12.288379069414997],[108.02613846643771,12.288375254361906],[108.02557389191377,12.288452501766441],[108.02503220499398,12.288668032318704],[108.02464310535318,12.289003725316809],[108.0241395657004,12.289537783427168],[108.02319352043583,12.29025208592185],[108.02238480484813,12.290308353016359],[108.02152268248325,12.290225383059132],[108.02033249732183,12.290257808024911],[108.01981369879219,12.29043423823541],[108.01941696970157,12.290686007571267],[108.01919571747509,12.291118021776684],[108.01904312970002,12.291794176808233],[108.01890580075315,12.2932008469658],[108.01891343013232,12.294419642973615],[108.01863877179728,12.296338435099956],[108.01806656780374,12.298392650528085],[108.01752488116983,12.299798366429847],[108.01600663134361,12.30257165115363],[108.01526657989022,12.303176280442333],[108.01493851589325,12.303216335454612],[108.01468674600834,12.3031419489774],[108.01417557643894,12.302488681570127],[108.01291672646347,12.30117737946797],[108.01113144821443,12.299444553979876],[108.00983445055674,12.298660632813144],[108.00508896753483,12.296315547996112],[108.00426499302453,12.296115276715419],[108.00375382396287,12.296223995134355],[108.00342576012845,12.296542522876406],[108.00286118411715,12.297764180287531],[108.00200669159108,12.30004918338441],[108.00178543972585,12.30032479541376],[108.00091568889063,12.302196857865148],[107.99976364990863,12.304037449688837],[107.9993440327462,12.304391262334736],[107.99911515176203,12.304494259729498],[107.99746720174613,12.30472695685005],[107.99668137471778,12.30460774627197],[107.99236313693427,12.302996990821216],[107.98821274657674,12.302016614182982],[107.98770157636282,12.301769612611942],[107.98432175545771,12.29955041272381],[107.98330704528051,12.298961995309702],[107.98129288534858,12.298717855082796],[107.98105637431036,12.29854714685963],[107.98107163302508,12.298325895347238],[107.98123947886012,12.29810464166081],[107.98126999746292,12.297536252229145],[107.98102585614197,12.297332165893884],[107.98020188188362,12.297059414638387],[107.97821060980571,12.296957372078984],[107.97675339474577,12.297082302980865],[107.97615067325823,12.29694592809454],[107.9752580336848,12.297223447016984],[107.97441880091384,12.29703652751559],[107.97377793133855,12.29699647366176],[107.97364060238932,12.297070859349494],[107.97353379140742,12.297309278537245],[107.97356430780614,12.297564863504807],[107.973823708373,12.297951101327536],[107.97375504293201,12.298535703147255],[107.97331253825219,12.29905831704835],[107.97303788001464,12.29962670636793],[107.97289292259738,12.300211308963673],[107.97287003345915,12.30051362440461],[107.97290055163985,12.301290868622969],[107.97335068496905,12.30302846364457],[107.97416703117132,12.304548620119602],[107.97426621375836,12.304971097441953],[107.97431961811482,12.305564283669577],[107.97379319049776,12.307393430585766],[107.9733659449518,12.307937978730468],[107.97270218728845,12.308305143476773],[107.97113053162148,12.31096970969327],[107.96959702358586,12.312425017282127],[107.96887223135059,12.312888502500735],[107.96479813440916,12.314583182221092],[107.96165482368009,12.315600752739186],[107.95987717536885,12.31600415682685],[107.95792976310518,12.316579804087171],[107.95680252925894,12.316913009058881],[107.95597855443252,12.31747949182918],[107.9546586700572,12.317869544074542],[107.95354477800616,12.31811750035403],[107.95281998581996,12.318454147073425],[107.9524079977181,12.318812728114038],[107.95172898188666,12.319735884936145],[107.951210182446,12.320799232356961],[107.95072953182348,12.322347999563984],[107.95044724361455,12.32312524482983],[107.95017258596025,12.323577285751465],[107.94948593959447,12.324301124431996],[107.9489137356479,12.324786544630875],[107.94768540299755,12.325218559868558],[107.94589249467663,12.325523735806582],[107.94509903780055,12.325843215540246],[107.94452683398508,12.326274276412317],[107.94402329425844,12.326732994991124],[107.94363419472243,12.327290893951133],[107.94346634767639,12.327876449461536],[107.94348160670603,12.328502060123142],[107.9436189359198,12.329144837336349],[107.94400040612462,12.3300222173824],[107.94501511510606,12.331526162279197],[107.94525925631969,12.332308175225414],[107.94522873827312,12.333465935401096],[107.94492356248881,12.334234597146473],[107.94398514728086,12.33526838023056],[107.94306961939326,12.335990311588374],[107.94201623346034,12.336594081399147],[107.93931595704053,12.33814180008455],[107.93872086511345,12.338392617747354],[107.93775193106697,12.338701607745639],[107.93604294697312,12.339832665518982],[107.935218971929,12.340856911561607],[107.9337159824129,12.343194368056686],[107.9334871007823,12.344059351024116],[107.93344895384415,12.344926240240246],[107.93350235936381,12.346115472336054],[107.93389908775292,12.347404840595155],[107.93438736842114,12.348319414440725],[107.93441788661129,12.348993661018667],[107.93401352892171,12.350374582220628],[107.93357102401885,12.350859048461274],[107.93282334420034,12.351557138592188],[107.93196122166493,12.352177026022423],[107.93147294061006,12.352700594713701],[107.93121354129823,12.353176477454111],[107.93090836571697,12.354518297437876],[107.93107621154599,12.35539090990901],[107.9316407871722,12.356192949919517],[107.93312089007583,12.357592943769102],[107.93328873738521,12.358288171679554],[107.93321244325608,12.35914457131365],[107.93281571427659,12.360319499022859],[107.9326020914742,12.361176852231864],[107.93265549749806,12.362041834132416],[107.93289963779176,12.362930658826162],[107.93330399550288,12.363756540651822],[107.93383805326584,12.364581468724795],[107.93432633440584,12.365431192820784],[107.93448655277753,12.366010072642567],[107.93456284574988,12.366772058805232],[107.9344636637476,12.36743867655097],[107.93422715250679,12.367851617980026],[107.93369309614086,12.36852586599058],[107.93241135651354,12.369605425248825],[107.93219773412511,12.370102289997295],[107.93206803374494,12.37106931615819],[107.93206803358721,12.371399286849217],[107.93245713426309,12.372248057105548],[107.9326020916485,12.372851733382388],[107.93260972112259,12.373454454972027],[107.93219773384531,12.374328021251303],[107.93176285861972,12.374986056338551],[107.93093125498683,12.375470522019752],[107.92985550990944,12.37583578091893],[107.92916886486437,12.375970248828244],[107.92848984798584,12.376684550275694],[107.92822282021723,12.377200489026153],[107.92802445456692,12.37779176690281],[107.92798630837117,12.378193263637414],[107.92837540824695,12.379465464591874],[107.92838303702007,12.380278949031503],[107.92807023210999,12.380883578840189],[107.92758195133516,12.381272677573673],[107.92713944628797,12.38138330424824],[107.92673508845266,12.381367092272441],[107.92630784251975,12.381168728311629],[107.92559830839993,12.380534534113634],[107.92487351552677,12.380359058260723],[107.92400376437261,12.380336170049105],[107.92182175815849,12.380429629990143],[107.92109696531159,12.380575542540145],[107.92073075413872,12.380773905905496],[107.92037217264233,12.381055240478075],[107.91984574389265,12.38209474546992],[107.9197923390669,12.3828214456326],[107.91986100290157,12.383616809619665],[107.92012040345193,12.384817485302568],[107.92038743150292,12.38572729117725],[107.92101304187865,12.38662088425193],[107.92194382802583,12.387359981106133],[107.92320267827778,12.38771093320678],[107.9243241998673,12.387688998834351],[107.92528550381309,12.387796763973672],[107.92585007823715,12.388074283442368],[107.92610947792805,12.388415699050089],[107.92620865992195,12.388825779376198],[107.92613236671853,12.389164333477156],[107.92595688920042,12.389347438488503],[107.9255525321023,12.38955915389389],[107.92366044245576,12.38991868957748],[107.92073838460784,12.390284900630292],[107.91925828191498,12.390591983261181],[107.91741196809349,12.391142254492276],[107.91680161660348,12.39156473136546],[107.91443650427595,12.394857769849619],[107.91358964164696,12.396412259009523],[107.9127961851548,12.398310071114286],[107.91246049184984,12.399716740037993],[107.91227738607898,12.40085065958278],[107.91239182652356,12.401934033349427],[107.91266648460685,12.402928715706153],[107.91369645327468,12.40452993571511],[107.91460435077735,12.405810719909992],[107.91645829385328,12.40710962475218],[107.91753403918351,12.4076112568379],[107.92160813631075,12.408808117856793],[107.92298142703503,12.409426099297521],[107.92507188137884,12.409807568312162],[107.92610184932813,12.410235768210955],[107.92687241817671,12.411365872226332],[107.92700974784336,12.411938076922937],[107.92682664211394,12.412651424804691],[107.92639176652841,12.413271313047593],[107.92597214941351,12.413627034518507],[107.92513291668696,12.413900738105175],[107.9243394595197,12.41385496197636],[107.92340104377396,12.41364515427289],[107.92214982403608,12.413298970455157],[107.92147080676455,12.413380986239975],[107.92028825037544,12.413854962513694],[107.91921250647809,12.414365178579015],[107.91791550940508,12.414676076561632],[107.91741959836096,12.41484964454417],[107.91698472222453,12.415144330852119],[107.91619889530105,12.41617048383624],[107.91610734265959,12.416648275074731],[107.91616074852756,12.417312986101074],[107.9163667429546,12.417830830707704],[107.91671006498368,12.418280966213732],[107.91719834714566,12.418655760058092],[107.91758744608167,12.418820744898714],[107.91810624409459,12.418878918797581],[107.91868607773065,12.418772107442297],[107.91922776510059,12.418499356622396],[107.9196016057181,12.418192273702708],[107.92063920311392,12.416880017433249],[107.92103593183018,12.41652715723116],[107.9216310252022,12.416246777894143],[107.9220582710256,12.416183836001572],[107.92247788737686,12.416228657365874],[107.92290513350544,12.416380292916315],[107.92317216170677,12.416562443823475],[107.92356126229696,12.417134648805153],[107.92366807315861,12.41747129537821],[107.92405717205476,12.419338589397793]]]]}}]}