{"type":"FeatureCollection","name":"gis.vn","features":[{"type":"Feature","properties":{"ma_huyen":"653","ten_huyen":"Krông Bông","loai":"Huyện","cap":2,"stt":11,"ma_tinh":"66","ten_tinh":"Đắk Lắk"},"geometry":{"type":"MultiPolygon","coordinates":[[[[108.32493608760103,12.437906610909002],[108.32438677141118,12.438019145551456],[108.323150809811,12.4390166877777],[108.32274645190998,12.439153064263971],[108.32188433058882,12.439285624469179],[108.32073229174485,12.439320910476557],[108.31935137150573,12.43897854118117],[108.31737535710937,12.438020099322975],[108.31620043157741,12.437631953243477],[108.31469744061091,12.437218058265808],[108.31372087784044,12.436879504941574],[108.31251543292035,12.4358810073572],[108.31184404582388,12.43561588632882],[108.3109819248179,12.435560572423327],[108.31043260785457,12.43560253498808],[108.3089906530761,12.436151851971594],[108.3082734903628,12.436190951685068],[108.30776995030904,12.436022152056994],[108.30632036522697,12.434810031799485],[108.30554216734545,12.434378970572984],[108.30253618509849,12.433127749966784],[108.30208605070364,12.432771076146649],[108.30127733498989,12.431964267632026],[108.30065935405607,12.43162952820068],[108.29998796716423,12.431529392136209],[108.29898851713189,12.431565631662288],[108.29830950090525,12.431817402270616],[108.29753893205798,12.432279933691103],[108.29691332100946,12.432836880518279],[108.29656999852337,12.433468211939003],[108.29620378772154,12.434497227347732],[108.2955324010768,12.43904720727394],[108.29546373622108,12.441136707457403],[108.2956926183386,12.442077984881918],[108.29597490596058,12.442621578383456],[108.2963334871983,12.443000187876896],[108.29773729660255,12.443812717141629],[108.2989656279163,12.444741596861798],[108.29917925253288,12.44511925122519],[108.29919451024526,12.446222652973614],[108.29906481185438,12.44727837048086],[108.29852312427786,12.448259701944902],[108.29808824809251,12.448561063140506],[108.2947542033386,12.449231496176607],[108.28799455896574,12.450221410126183],[108.28723162016412,12.450424542320206],[108.28694170326384,12.45070301513691],[108.28657549268144,12.45131050654162],[108.2863008341716,12.452041974724755],[108.2855989289707,12.452874532298566],[108.28396623984457,12.453515402034528],[108.28283708877937,12.45425545230653],[108.28129595159932,12.454521527753007],[108.27940386149844,12.454690328797415],[108.27680223732985,12.45656620581879],[108.27641313881743,12.457103124662131],[108.27565019983483,12.45925556820091],[108.27423876128181,12.46156632058172],[108.2737886277617,12.461993567367703],[108.27072923979618,12.464748732843784],[108.26940935433821,12.465650909029188],[108.2683717564956,12.466181150912652],[108.26748674733496,12.466336599572672],[108.26664751401351,12.466350905279779],[108.26552599223561,12.466269843129345],[108.26257341741115,12.466497771388326],[108.25922411220671,12.46639382153079],[108.25831621418254,12.466501586351958],[108.25375383701729,12.467559211645138],[108.25303667351622,12.46788059920472],[108.25178545346215,12.468618743562402],[108.25128191374088,12.468632094350317],[108.25060289729062,12.46885716318346],[108.24958055837295,12.469349259241383],[108.24839037245935,12.469993942015826],[108.24797838510197,12.4701055218267],[108.24771898582632,12.47010266082919],[108.24716966904667,12.469923370267608],[108.24667375882012,12.469657294571629],[108.24567430795824,12.469009750032978],[108.24452226944983,12.468185775636057],[108.2432176428226,12.46712910484121],[108.24143999417679,12.465525977610683],[108.23641222274576,12.468229645235214],[108.23581712978884,12.468864792038477],[108.2354509187033,12.469560974211523],[108.23487871414116,12.470400208814825],[108.23416155099767,12.471122139457993],[108.23335283605387,12.471433992043046],[108.2326433025589,12.471427315407945],[108.23172014523341,12.472000474076571],[108.2313615639759,12.472318047747207],[108.23097246407681,12.47304188562624],[108.23030870676949,12.473764772200846],[108.22982805523004,12.474429483351111],[108.22958391502627,12.47509800764432],[108.22945421559656,12.47600018427229],[108.22924059229038,12.476785057659237],[108.22916429794034,12.477259987684807],[108.22889726903324,12.476403587844672],[108.2285844643459,12.475856178933135],[108.22801988877866,12.474975938440833],[108.22704332630026,12.473858232426045],[108.22677629682207,12.47347390098644],[108.2264787513794,12.47258412268791],[108.2260896518907,12.471637123702381],[108.22523515990615,12.470086449840784],[108.22494524246993,12.469375961832421],[108.22466295519561,12.467587822930927],[108.2244569619941,12.46711480109069],[108.22407549179115,12.466592186668498],[108.22175615586237,12.464787834991494],[108.22145860879637,12.465191238540754],[108.22088640466097,12.466104858723247],[108.22035234668036,12.46663796312651],[108.22027605287411,12.46706425574453],[108.22043627099336,12.467787141300798],[108.22035234683109,12.46825062733777],[108.22032182989595,12.468876236775058],[108.22019975863559,12.469744080853468],[108.21983354790535,12.470474595433856],[108.21787279388018,12.471570367260815],[108.21759813563864,12.47192131959571],[108.21729295988402,12.472608918824323],[108.21692674866716,12.473001832324567],[108.21598833366038,12.473729486547745],[108.21550768197153,12.474772805724212],[108.21510332374865,12.475111360521959],[108.21457689565105,12.474954957501946],[108.21391313826994,12.475059861535707],[108.21271532256735,12.475984925453265],[108.21118944379936,12.477040644168717],[108.20979326485337,12.478123063809099],[108.20843523340264,12.478922242720675],[108.20817583359924,12.479248400257758],[108.2080613927599,12.479743356906658],[108.2078935461871,12.481172915601618],[108.20743578178563,12.481442805014309],[108.20651262628556,12.481352205226727],[108.20551317473475,12.481543894476042],[108.2048951944561,12.481701249941134],[108.20442980085424,12.48215138533676],[108.20409410747094,12.482365008757036],[108.20368974966499,12.482353563141318],[108.2032930212101,12.482184763691109],[108.20304888019969,12.481780405872467],[108.20277422156688,12.481701250060768],[108.20196550553808,12.481352205908626],[108.20179003035778,12.481183405761017],[108.2018739539665,12.48091351513458],[108.20177477181404,12.48080098204585],[108.20153063094855,12.480677958406368],[108.20112627252966,12.480711336549534],[108.20071428553197,12.480857248449626],[108.2002336336084,12.480666514274562],[108.20006578712055,12.480677958543655],[108.19978350022588,12.480756159127436],[108.19960039397483,12.481121416916212],[108.19960039383524,12.481515284543086],[108.19952409962482,12.481743212207302],[108.19847887316386,12.482455607395362],[108.1981126616196,12.482425089951873],[108.19794481593766,12.482137079937658],[108.19740312767993,12.48151528485022],[108.19671648329816,12.481470461829913],[108.19596117241815,12.481318827743742],[108.19550340868601,12.48110615749342],[108.19526689739607,12.480833407495222],[108.1951448281254,12.480439540123887],[108.19487016962206,12.480136272049853],[108.19416063605848,12.479620334214374],[108.19396227185281,12.479287501510647],[108.1939775294562,12.478857394176467],[108.19393175363061,12.478292818472577],[108.19368761281488,12.478022928402567],[108.19290178526362,12.476889010884973],[108.19262712796075,12.47669922839585],[108.1923143213827,12.476593371356376],[108.19173448774077,12.47658288084107],[108.19110124838508,12.47678410562178],[108.1904680089077,12.476857538968549],[108.18976610487444,12.476509447834612],[108.18836992398099,12.476498958251504],[108.1877900908474,12.476128932273754],[108.18737810309351,12.476097460826683],[108.18682115711717,12.47593915122505],[108.18623369412072,12.475622531388495],[108.18598192450854,12.475695964003712],[108.18551653132975,12.476203318658078],[108.18500536155815,12.476540920271079],[108.18452471063408,12.476603862347423],[108.18387621168422,12.476024028286519],[108.18331163653421,12.476097461097897],[108.18308275466856,12.47625577137769],[108.18309038351818,12.47701584943416],[108.18296831342376,12.477174159021772],[108.18251817899593,12.477280017110147],[108.18231218503881,12.477575656095448],[108.18232744428337,12.477955219017023],[108.18256395554064,12.478577968116959],[108.18262499000922,12.479085323365545],[108.18231981585195,12.479631777961519],[108.18233507346353,12.479978915285862],[108.1825258082235,12.480327007769764],[108.18260210277,12.4807237352484],[108.18288439078495,12.481214876917454],[108.1827928379859,12.48145234248425],[108.18151109936633,12.481547710345556],[108.18055742436891,12.481277820382445],[108.18038194855217,12.481373187790714],[108.18017595544964,12.481658336089643],[108.18013017832229,12.482055064954768],[108.17989366719992,12.482387897720157],[108.1788255527648,12.482592937598794],[108.17884081171998,12.482837077524062],[108.17875688775007,12.483085033235584],[108.17847460092082,12.483302470566535],[108.17771929048185,12.483675357503321],[108.17621629907995,12.484178897869363],[108.17607134099973,12.484537480251268],[108.17620104045493,12.485368129570887],[108.17684190977617,12.48725068304889],[108.1769334625171,12.487748500969975],[108.17693346234108,12.488292095027868],[108.17679613349513,12.489018794809374],[108.17641466385157,12.489701626116517],[108.17615526510791,12.49028050586203],[108.17604082382358,12.490835544790302],[108.17610185913662,12.49121224636322],[108.17664354593651,12.492063877304073],[108.17710893889155,12.492448207802518],[108.17781084325865,12.492663739474228],[108.1780397253871,12.492937442806936],[108.17810075991935,12.493208286962505],[108.17761247963762,12.498720523969352],[108.1776048499022,12.49910962327412],[108.17774217948063,12.499581692083872],[108.17789476725946,12.499910710029207],[108.17810839039146,12.500115750161894],[108.17849748894665,12.500297901232646],[108.18122118338347,12.500488636651788],[108.18172472380816,12.500563977018622],[108.18206041664341,12.50069749090736],[108.18228929855317,12.500889180312665],[108.18248766218342,12.50118195810026],[108.1826631382725,12.501542446440709],[108.18284624420359,12.502290126935899],[108.18289202043005,12.502997753481766],[108.18275469126853,12.503887532700883],[108.18245714563109,12.50479638331584],[108.18188494058376,12.506125805121483],[108.1815034703213,12.50685345918893],[108.18112200147148,12.507418988184243],[108.18083971414438,12.508010266235331],[108.18084734267337,12.508236286204498],[108.18093126636745,12.508609173411312],[108.18116777793549,12.509041188851159],[108.18196886410747,12.509556172961252],[108.18367021887624,12.510415432507445],[108.18404406038881,12.51048886527092],[108.18440264116994,12.510453579980037],[108.18469255753396,12.510301945833127],[108.18525713264809,12.509732601631265],[108.18562334395553,12.509576199531566],[108.18656176040929,12.509325383014138],[108.18681352976063,12.509335873449206],[108.1870271532317,12.509418843167033],[108.18727129418758,12.509593365516459],[108.18743151116654,12.510134097969797],[108.18749254613728,12.510802624744818],[108.18728655205071,12.51254975511007],[108.18734758839668,12.51296746550762],[108.18750780531798,12.513296482747915],[108.18771379838624,12.513502476109643],[108.1880342333557,12.513649342279423],[108.18840044414405,12.513713238750997],[108.188934501806,12.513615010743628],[108.19045275165077,12.512928364641791],[108.19076555615017,12.512933131921235],[108.19112413837412,12.51306092562206],[108.19272631167097,12.51443230788797],[108.19435137265438,12.51476228035217],[108.19468706532568,12.515092250966017],[108.19492357636787,12.515436528400405],[108.19494646469671,12.515794155451509],[108.19478624762549,12.5166019180127],[108.19474047168256,12.517534611209022],[108.19504564783875,12.518467305173042],[108.19590013931621,12.519191143649728],[108.19640367937649,12.519422886143575],[108.19712084281016,12.519675610156307],[108.19754808875159,12.519612667667658],[108.19819658759805,12.519192097522936],[108.19966143098263,12.517914172881362],[108.20009630646605,12.517675754723005],[108.20069902905664,12.517573711836476],[108.20166796198676,12.517638561768727],[108.20213335486584,12.51781594469314],[108.20313280597719,12.51837765931027],[108.20388048536613,12.518904086683701],[108.20487993692574,12.519345639305829],[108.20565813495114,12.519365665594265],[108.20642107493357,12.51912152475582],[108.206688104201,12.51893841944467],[108.20686357976071,12.518535968777742],[108.2069856502165,12.517780658739328],[108.20696276211017,12.517233250049692],[108.20672625118135,12.516748782450348],[108.20623796888522,12.516257641235041],[108.20564287703107,12.51590001301922],[108.20459764964933,12.515452740187925],[108.20330065150752,12.515015002971897],[108.20305651188293,12.514755604258497],[108.20291155253814,12.514383670659315],[108.20292681185434,12.513752338794554],[108.20312517509149,12.513063786158742],[108.20351427538887,12.512643214714572],[108.20375078629206,12.512678500811743],[108.20411699792606,12.513042804984872],[108.20459001923504,12.513688442532047],[108.20543688261053,12.514201518761613],[108.2061464162235,12.514475223726533],[108.20686357937419,12.51449620485758],[108.2075807424221,12.514341709036447],[108.21049517175585,12.512733814069877],[108.21099108205712,12.512544986480444],[108.21118181680069,12.512544986384906],[108.21190660835475,12.512788173596077],[108.21255510752063,12.51333081394589],[108.21487444410955,12.515955324983516],[108.21531694862833,12.516131755659147],[108.21575182356464,12.516075488746667],[108.21673601561051,12.515520450284066],[108.21760576661761,12.515309688226761],[108.2181398247439,12.51542222122086],[108.21852892352929,12.51562630779408],[108.21902483474493,12.516025897554535],[108.21973436787374,12.517099735589417],[108.22003191470937,12.517479297279591],[108.22010057893523,12.517732021576867],[108.22005480308837,12.517949457827278],[108.21882647032986,12.519598361707738],[108.21871965882573,12.51990735203352],[108.21875780582188,12.520419475161413],[108.21906298210895,12.521037456587193],[108.21984880933445,12.522146579587568],[108.2201921325331,12.522420284365946],[108.22036760806179,12.52242028480869],[108.22295397364663,12.52183758960009],[108.22351091968096,12.521368381050841],[108.22364061810106,12.520968791090041],[108.2235719544317,12.520657892742538],[108.22344225464504,12.51956307541187],[108.22404497603311,12.517822619686704],[108.22407549411825,12.517036791775213],[108.22374742995055,12.51590001177784],[108.22287767871285,12.514381763112905],[108.22175615754246,12.511939403113933],[108.22161119862103,12.51140057727236],[108.22166460515562,12.510867472770713],[108.22191637462686,12.510502215475343],[108.22251909710269,12.510133143787689],[108.22322863092745,12.509935732362631],[108.22404497549732,12.509867068671147],[108.22460955109477,12.510032054086764],[108.2248918390017,12.510232325415997],[108.22504442706929,12.510478374005679],[108.22507494372292,12.511184093078276],[108.22499102092864,12.512096759141455],[108.22522753199635,12.512532588079974],[108.22544878487544,12.512793894437918],[108.22680681703035,12.51355588113369],[108.22734087485746,12.514156695919075],[108.22746294501631,12.514734621594046],[108.2272645807651,12.515923853975194],[108.22727983916097,12.516477939172969],[108.22734850394245,12.516925211766887],[108.2276307921306,12.517396326622098],[108.22791307940703,12.517661448984642],[108.22833269614289,12.517891283669794],[108.22881334785188,12.517891284062301],[108.23035448541361,12.517372485106552],[108.23101061303831,12.517266627387626],[108.23152941190096,12.517361040410295],[108.23196428821637,12.517526026583537],[108.23271196799037,12.517943735646524],[108.23309343830374,12.518026705408614],[108.2335054253991,12.517997141832327],[108.23451250548705,12.51761471884586],[108.23561113819859,12.516966219608433],[108.23653429552363,12.516606684140744],[108.2372667170873,12.51655995443571],[108.23779314579214,12.516624804084325],[108.24002855868291,12.517437334498103],[108.24142473737977,12.517472620082518],[108.24215715919922,12.51763760600005],[108.24323290342097,12.51804387107421],[108.2437669614302,12.518286104222385],[108.24402636096882,12.518535012977832],[108.24452990217175,12.519710894239664],[108.24492662942394,12.520317431295053],[108.24603289155144,12.521478051834366],[108.24703234334642,12.523462649620077],[108.24721544806765,12.524275179685768],[108.24752825388907,12.52510582898111],[108.24787157577923,12.525388117467747],[108.2497712965023,12.526095743566215],[108.25029772440526,12.526342745446893],[108.25064867590069,12.526667948655227],[108.25086229917372,12.5270532319457],[108.25098436886003,12.528227205194021],[108.25090044646217,12.529258127237798],[108.25049608805219,12.530554171553963],[108.25023668959376,12.531169291693482],[108.2496034492032,12.532336588215406],[108.24954241415826,12.532614107901486],[108.24954241483216,12.532903071837216],[108.24965685525409,12.53316819245591],[108.24983233190687,12.533449526283245],[108.25023668953071,12.533835764937468],[108.2496263371903,12.534578676303111],[108.24887865657328,12.536117908029821],[108.24858111083724,12.53751408718988],[108.24852770449792,12.538784380883792],[108.24929064492804,12.541900988888761],[108.24993914318647,12.543591853211288],[108.25217455585904,12.547236797013925],[108.25269335567532,12.548641558899385],[108.25412768182184,12.55320584393691],[108.25502794988726,12.556276675347059],[108.25522631467688,12.556591388202921],[108.25770586826205,12.558282253467473],[108.26163500634007,12.560839053047193],[108.26279467412517,12.562116023044172],[108.26355761313872,12.563409205893718],[108.26392382410451,12.563679096639177],[108.26589220861706,12.564365740811908],[108.26809710385366,12.564967510461823],[108.2697069055865,12.567081804927295],[108.2712633029699,12.567563410589704],[108.27217882980496,12.568265314628714],[108.27345293832694,12.568964359363118],[108.2748872650381,12.569045420910262],[108.27530688135991,12.569143649164634],[108.27554339251931,12.569364901903127],[108.27584856858532,12.569900867117703],[108.27632922085228,12.571091051836543],[108.27763384683003,12.572276468512772],[108.27816790522365,12.573134775586578],[108.27890795645227,12.573741313040493],[108.27894610289145,12.574035044880125],[108.2787706271872,12.57477891067172],[108.27769488344425,12.577358599893302],[108.27642840384961,12.581687328473377],[108.27480334266879,12.586938258239321],[108.27693194336796,12.58678757824798],[108.2786561871074,12.58699166476075],[108.27920550334825,12.587256786371036],[108.27970904336425,12.588074085102344],[108.27989214838844,12.588595744442724],[108.2816621694577,12.595280049127785],[108.28201312096824,12.596182224931018],[108.28121203458146,12.598138210673806],[108.28054064816992,12.60226762023404],[108.28044909552547,12.604669926221073],[108.28059405405519,12.605837223465024],[108.28044909558368,12.609724400048455],[108.27945727521424,12.610780117163289],[108.27941149811123,12.611046192410349],[108.27951831010475,12.611379978485811],[108.28107470571999,12.614286779005392],[108.28102893055413,12.616044400450658],[108.28020495521591,12.618393299473892],[108.28034991430701,12.618860600489695],[108.28063220093424,12.619249700172725],[108.28130358795762,12.619749425058084],[108.28150958275612,12.621183750386933],[108.28134173526259,12.622153637611074],[108.28076190127746,12.623552678328062],[108.28057879698571,12.624150632402388],[108.2807695317902,12.624745725228737],[108.28115863039531,12.624988912351025],[108.28350085481694,12.625439045906974],[108.28503436251688,12.62554395028327],[108.28606433054446,12.626147625698321],[108.28681201172924,12.626314518582918],[108.28752154585452,12.626201986091168],[108.29037493866595,12.625358937412996],[108.29338092061838,12.623891232104427],[108.29480761665344,12.623905537795503],[108.30853289816655,12.627089854602367],[108.31732196102733,12.624917384803178],[108.32120532369855,12.624030466956961],[108.3218474827364,12.623857578156645],[108.32199878081265,12.623816843745274],[108.3223268443969,12.6237453189787],[108.32267016605628,12.623764391887748],[108.32405871637877,12.623251314801937],[108.33242816271954,12.621607180541472],[108.34087390242239,12.621775027626702],[108.34219378785703,12.621737833540827],[108.34434527658684,12.622602815813964],[108.34547442790888,12.625328416693813],[108.34698504763873,12.626175279776868],[108.34759539949661,12.625104303649339],[108.34802264463698,12.62281262355385],[108.34892291353576,12.621601458110124],[108.34899920780842,12.621031160742353],[108.3481676039348,12.619763727014984],[108.34736651702806,12.618922586694508],[108.34677142495754,12.617938394730823],[108.34669513104083,12.61739479972825],[108.34760302832842,12.616106385965013],[108.34893817269459,12.614549989826571],[108.34978503414537,12.613716478348723],[108.35424823058221,12.61090313819256],[108.35694903617302,12.609419220931393],[108.35721606585342,12.608567590034758],[108.35760516454323,12.607076042859154],[108.35404223710009,12.59577309479111],[108.35820025686125,12.597130173791351],[108.36723346012815,12.595494621051174],[108.37100238073748,12.595251433369452],[108.37294787605899,12.59466015557194],[108.37388629173057,12.593545310503549],[108.37443560843465,12.592292181973104],[108.3748170776005,12.590891234282433],[108.37582415771206,12.588828437344482],[108.37620562811053,12.587815634861819],[108.37592333952072,12.587631576113306],[108.37539691190841,12.587037437016328],[108.37466448999508,12.585998885564274],[108.37413806207186,12.585416190391568],[108.37348956274715,12.584922187034405],[108.37068957464345,12.577057235243048],[108.3722230826356,12.568888060101283],[108.37726611308383,12.563154570159512],[108.37786120510421,12.562027327234013],[108.37792223929704,12.56003223980313],[108.37912768415866,12.558369031754001],[108.3820878898752,12.560741773426454],[108.38293475266975,12.560536733890887],[108.38694781409984,12.559055676451669],[108.38917559645944,12.558389058084643],[108.39192217829077,12.555616726830289],[108.39218920782938,12.554476131902444],[108.39202136166512,12.553583493192788],[108.39205187849102,12.553345075309712],[108.39288348226029,12.553634037804827],[108.39310473538136,12.553599706288967],[108.39328784046765,12.553457607742061],[108.3933870222272,12.553176274231976],[108.3930665886802,12.5513909958841],[108.39308184676325,12.5509580279487],[108.393341246679,12.549975742416384],[108.3934862042789,12.549706807110425],[108.39374560400243,12.549471249690113],[108.39408892727138,12.549231877139997],[108.3943788441548,12.549135555907327],[108.3946763901667,12.549156536793157],[108.39498919527355,12.549345364461445],[108.39551562321962,12.549894680291727],[108.39681262033943,12.552126279139998],[108.39766711368071,12.55351673573292],[108.39904040495112,12.55538593817179],[108.39994830308052,12.556012501973843],[108.40104693498002,12.556383480699154],[108.40179461616015,12.556394924262914],[108.40229052713215,12.556208958319491],[108.40311450112088,12.555641521560146],[108.40369433483507,12.555167545148452],[108.4047395621677,12.554173817013691],[108.40496081470363,12.554081310474466],[108.4051515499862,12.554073681258135],[108.40554064920627,12.554207195485958],[108.40605944817425,12.554748882151376],[108.40669268746079,12.555610050341745],[108.40699023363095,12.556348194445153],[108.40708941587901,12.556753506136955],[108.4069597158426,12.558022846104723],[108.40667742829964,12.55872284342449],[108.40625781228799,12.55935036147168],[108.40527362013559,12.56008373650014],[108.40489215008265,12.560490002611985],[108.40477008057039,12.560814251532342],[108.40482348629949,12.561153759288983],[108.40499896190424,12.561414112328627],[108.40522021433027,12.561497082339129],[108.40544909661135,12.561490406920953],[108.40687579329646,12.560429920516567],[108.40814990256145,12.559636463221025],[108.40834826589557,12.559179653697267],[108.40856188902752,12.558913578822583],[108.40873736528111,12.55851017433528],[108.40883654674866,12.558122982193181],[108.40880603063668,12.557498325728382],[108.40869158911813,12.556611408228333],[108.40898913471729,12.555748333285813],[108.40892809977471,12.555013050665107],[108.4090425412635,12.554341662808607],[108.40934771681168,12.553845752781184],[108.40967578089321,12.553597797012012],[108.41011065569094,12.55331837152206],[108.41062182477205,12.55332599968713],[108.41093463093515,12.553453791769753],[108.41145342931286,12.553798068770627],[108.41207904029487,12.554469456327366],[108.41239947460262,12.555388797738209],[108.41256732075611,12.55558811613191],[108.41283434974136,12.555668224238897],[108.41352862531612,12.555476536120677],[108.41416186489707,12.555212368032395],[108.41462725827193,12.554876674618054],[108.41486376897426,12.554453243290455],[108.41481799258473,12.554149974624647],[108.41469592197375,12.553989756811308],[108.41421527001243,12.553749431656346],[108.4124986569732,12.553022732102479],[108.4118425289115,12.552512515827486],[108.41162127590921,12.5521367682683],[108.4116823113782,12.551838267811315],[108.41214007455983,12.551573147068913],[108.41266650289559,12.5514863621874],[108.41321581969443,12.551276554172967],[108.41385668939422,12.55067192407851],[108.413963499554,12.550464022822545],[108.41374224826097,12.549878466461596],[108.41371172965621,12.549596180009488],[108.41396349993339,12.549158442588203],[108.41422290019757,12.54886185087504],[108.41458911102627,12.548543322735593],[108.41516131466238,12.548543322960606],[108.41542834413193,12.548684466723927],[108.41546649088536,12.54884754532413],[108.41536730884572,12.549128878591091],[108.41496295049429,12.54941116714003],[108.41459674004179,12.549596179986867],[108.41442126384636,12.549908030542925],[108.41424578785325,12.550538410122767],[108.41427630515486,12.550762524117667],[108.41448992780164,12.551039088649603],[108.41470355225057,12.5511439928142],[108.41515368621116,12.551127780587034],[108.41590136627234,12.550762523649745],[108.41634387137525,12.550596583314828],[108.41703814577012,12.550093043964806],[108.417717162165,12.54973350894377],[108.41780871497879,12.549451220665938],[108.41777819811504,12.549136508272264],[108.41767901475988,12.548887599699805],[108.41732043392936,12.54872738243988],[108.41696185191142,12.54870067942721],[108.4163362416274,12.548724521385981],[108.41584796080708,12.548544277118985],[108.41548937882614,12.548223842592721],[108.41463488711642,12.547937739620357],[108.41403216503427,12.54790340742532],[108.41345233122274,12.548001635600352],[108.41317767273789,12.548096049757945],[108.41286486680394,12.54838215151045],[108.41265124424052,12.548483242228045],[108.41000384512029,12.548454632157004],[108.40898150566416,12.548278201604678],[108.40869158903213,12.548093188644586],[108.40859240681746,12.547886242296572],[108.40872973570735,12.54626404183299],[108.40892809968928,12.545967448982765],[108.40916461094221,12.54572616861166],[108.41056078984253,12.544661868820995],[108.41149157557756,12.544005740480442],[108.41231555086621,12.54334484429422],[108.41263598554904,12.542902339778765],[108.41319293067995,12.5424312245202],[108.41491717452058,12.541156161109958],[108.41509265088325,12.541145671636022],[108.41568774225968,12.54136787762738],[108.41646594168965,12.541089403948192],[108.41695422241096,12.541218150003688],[108.41728228624746,12.54124866794993],[108.41754168516691,12.541154253878577],[108.41773242014045,12.540861476438101],[108.41777819792519,12.540511477346305],[108.41768664469429,12.540171015834662],[108.4175187973076,12.53999077093869],[108.41721362168042,12.539944040843347],[108.4165498642282,12.540026057546322],[108.4162599478198,12.539980281080078],[108.41613787795605,12.539851535335307],[108.41609973007093,12.539577829930469],[108.41654986405939,12.53880440068077],[108.41661089973105,12.537927019812349],[108.4166643055609,12.537690509422625],[108.41675585865967,12.537492144450727],[108.41693896341091,12.537297595178053],[108.41717547465188,12.537167895363163],[108.41787737958441,12.537086833366216],[108.41820544348782,12.537138331108233],[108.41848773061328,12.537127841298556],[108.4192354117899,12.536793101366623],[108.41972369224615,12.536622392670028],[108.41994494514311,12.536591876194752],[108.42021960363182,12.536637652024911],[108.42052477918284,12.536813128026319],[108.42076129054338,12.53714310017931],[108.42112750153862,12.537375795968853],[108.4216691884842,12.537557948223467],[108.42182940555479,12.53764854676581],[108.4218217765719,12.53782783766059],[108.42167681722009,12.537909853858585],[108.42131823636727,12.53796516689715],[108.42117327724976,12.538032878065742],[108.4210206891028,12.53827797181671],[108.42100543039471,12.538447725715557],[108.42113513081706,12.538623201704418],[108.42147845317312,12.538741458351279],[108.42163104146734,12.538833010655527],[108.421730223135,12.538956035039023],[108.42176837028026,12.539058078321862],[108.42175311161147,12.539327968422144],[108.42160052358092,12.539661754230114],[108.42161578258025,12.539841043999154],[108.4217149650775,12.54001365866589],[108.42200488160948,12.540160525288996],[108.42298144422294,12.540119517344142],[108.42328662012774,12.540174830344217],[108.42355364892464,12.54038559234194],[108.42363757313525,12.540500032577182],[108.423805418607,12.540543901959344],[108.4239503780134,12.540505755188988],[108.42398852514073,12.540362704052216],[108.42392748993436,12.540224420710361],[108.42343157878925,12.539576876748951],[108.42340869072754,12.539483416089626],[108.4234239482886,12.539295542745203],[108.42365283049504,12.539093363658038],[108.42381304863234,12.539055216843646],[108.4240495598897,12.539090502483925],[108.42440814095997,12.539248813277172],[108.42456072895247,12.539272653784789],[108.42492693994805,12.539211619164735],[108.42546099782547,12.538995135182],[108.42612475431638,12.539102900144142],[108.4261781609573,12.539197314169648],[108.42630786116396,12.539781915738459],[108.42662829452429,12.540101396565671],[108.42690295296809,12.54060875174795],[108.42702502401076,12.54070316606222],[108.42715472304981,12.54070316558344],[108.42734545803634,12.540590631718914],[108.42766589309251,12.540231096403376],[108.42806262107901,12.539961206846069],[108.42830676131614,12.539899218068614],[108.42851275619549,12.539962160812422],[108.42868823171405,12.540177690589363],[108.42889422498637,12.540663112033064],[108.42925280671909,12.540905345200937],[108.43026751575316,12.54105888579126],[108.43068713276713,12.54139076511283],[108.43094653227703,12.541665422404067],[108.4321290886941,12.54209457624761],[108.43228167657873,12.542337764121145],[108.43231219368285,12.542454111871713],[108.4322816773871,12.542565691564239],[108.43219012412463,12.542597162307557],[108.43131274275066,12.54250179532565],[108.43094653238668,12.542580950666776],[108.43072527967094,12.542734491550402],[108.43054217504599,12.543041574578908],[108.43045825096739,12.543511736843943],[108.43005389336423,12.544330942475495],[108.4300538932696,12.54459606394254],[108.430343810038,12.5468066809466],[108.43044299258113,12.546860087304694],[108.43057269255065,12.546860087273629],[108.43076342702165,12.54663215920323],[108.430938903456,12.545833933629497],[108.4312517076969,12.545417178195505],[108.43161029049051,12.545177805840085],[108.43206042408741,12.545183527849995],[108.43238085916343,12.54523597963857],[108.43257159432467,12.545447696146276],[108.4326936637716,12.545755731499176],[108.43283099306994,12.546278345811988],[108.43307513380843,12.54682289342316],[108.43334216260287,12.54710804248455],[108.43349475028472,12.547171938734666],[108.43366259701594,12.547192919973774],[108.4342958376677,12.546904909938023],[108.43482226511031,12.54679619102704],[108.43521136386258,12.546822893504556],[108.43573779233353,12.547002184765418],[108.43605822740413,12.547007906465836],[108.43663043108738,12.546789515103846],[108.43692034832152,12.54661403827739],[108.43695086612232,12.546462404690578],[108.43692034803634,12.546288835889664],[108.43653124944984,12.545728075224321],[108.43629473805755,12.545225488895529],[108.43629473850042,12.544749605864155],[108.43644732652943,12.544525492411598],[108.43733996498301,12.54405723729716],[108.43831652791008,12.543406832825779],[108.4388276968002,12.54318939420739],[108.43895739696259,12.54322658749321],[108.4390565792077,12.543359148634819],[108.43939990264964,12.544157373111785],[108.43955249017343,12.544628488668467],[108.43988055288786,12.544919359273948],[108.44022387651567,12.54510437279429],[108.44034594752897,12.545093881746316],[108.44048327641667,12.545013773819429],[108.44088000405522,12.544541703952703],[108.44125384497617,12.54431949852545],[108.4415056149079,12.54427848997289],[108.44197100833402,12.544273722484807],[108.4423601071025,12.544337618408292],[108.44272631826375,12.544188843945136],[108.44313067613611,12.5439599630122],[108.4433824463836,12.54391704722511],[108.4436036981359,12.543966638262425],[108.44374102722446,12.544109690475988],[108.44384783934107,12.544849740896789],[108.44408434998653,12.545194017670488],[108.44454974313085,12.545395242918351],[108.4448778071718,12.545453416859207],[108.44573992823042,12.545183526799288],[108.44629687444052,12.545077669153407],[108.4467012327043,12.54509388096338],[108.44683093218076,12.545156824304728],[108.4469377438392,12.545273172457799],[108.44696063250504,12.545431482373944],[108.44685382038432,12.545665132113639],[108.44673175074271,12.545759545850313],[108.44643420373505,12.54575954646317],[108.44590014634134,12.545580255420912],[108.44569415260575,12.545665132520925],[108.44554919480102,12.545838701332352],[108.44543475358417,12.546330796807428],[108.44541186512336,12.546696053842615],[108.44550341714088,12.546933519001211],[108.44570941179457,12.547070848381662],[108.44652575683332,12.547466623488727],[108.44684619110377,12.547452318065659],[108.44773120048134,12.547076569891718],[108.44802874733347,12.547099458905329],[108.44824237073774,12.547231065724686],[108.4484254758085,12.547496187571703],[108.44862384093695,12.547915803938015],[108.44862384072866,12.548591959001364],[108.44837969950217,12.549157488233531],[108.44738787869906,12.550730097450444],[108.44714373791223,12.551296579185994],[108.44697589094531,12.551815378297135],[108.44694537357559,12.552165376779843],[108.44705218463334,12.5527366274121],[108.44715899700337,12.552830087035707],[108.44639605673974,12.554340708313836],[108.44586962890997,12.556172716492425],[108.44615954616452,12.556737291485362],[108.44663256886982,12.557122577082936],[108.4472810668541,12.557255137043892],[108.44851702916222,12.55779491667851],[108.44913501013377,12.558841097439636],[108.45098895342572,12.561278688279819],[108.45186633348528,12.563145029390371],[108.45222491567056,12.564345705816113],[108.45233172656695,12.567528117093962],[108.45219439789695,12.56884037265174],[108.45086688423392,12.571574557293657],[108.45075244248598,12.57229839595428],[108.45108050718792,12.572972643733678],[108.45506305113454,12.577432978154343],[108.46185321258021,12.585184442751483],[108.46400470173563,12.586437571088714],[108.46750659399548,12.590639460333378],[108.4695207545288,12.592525827848789],[108.47065753428572,12.594757426230128],[108.47106189234472,12.594815600640992],[108.47383136257777,12.592866290334301],[108.47406787337766,12.59306751481884],[108.47408313236336,12.594671594680491],[108.47576159942889,12.598585474920409],[108.47899646281392,12.598253595638171],[108.48163623387477,12.599248277682628],[108.48251361366094,12.600688326607527],[108.48306293123953,12.601147043784954],[108.48480243189222,12.601353991081679],[108.48564166554318,12.600653993516909],[108.4876634553256,12.599767076278095],[108.48851031778672,12.59951530626852],[108.49063129041203,12.599909174267674],[108.49206561619155,12.60069118711397],[108.493736453297,12.600286829516602],[108.49628467089416,12.600100862061032],[108.49723834591776,12.600317346054068],[108.49796313816071,12.603910791140931],[108.49875659563155,12.604738581627275],[108.50144977192153,12.605116236636997],[108.51094836905003,12.604846345624091],[108.51114673285034,12.603935586819352],[108.512191959973,12.60315834156147],[108.51311511658116,12.602204667671392],[108.51435870787228,12.598398553268254],[108.51475543495796,12.59571968193783],[108.51509112898913,12.594412193910173],[108.51568622218333,12.593980179847241],[108.5169374425326,12.5934671029051],[108.5174180941594,12.593034134752891],[108.51783771165552,12.592484818032146],[108.51879138518046,12.591997491060047],[108.52068347531922,12.591287002360456],[108.52222461361536,12.591213569928716],[108.5234453161331,12.590904579625711],[108.5270006141998,12.58915935535024],[108.52745074838411,12.589221344241166],[108.52866382221927,12.58929096223938],[108.53023547720319,12.589278564629627],[108.5327989536916,12.589096412494818],[108.53729266744294,12.588193283347898],[108.5396425205779,12.587231978963802],[108.54121417673748,12.586292609333812],[108.54177112196558,12.5862592305841],[108.54217547949575,12.586388930275637],[108.54276294376267,12.58678947326386],[108.5441438635895,12.588156089629267],[108.5444719281471,12.588569029298334],[108.54524249636526,12.588939055462186],[108.54562396630237,12.589081153853874],[108.5458681064074,12.589351996804705],[108.54605121304,12.589309081894568],[108.5464174235255,12.589095458556953],[108.54663104721033,12.58905254292965],[108.54703540496891,12.589294776311709],[108.54720325061622,12.589465483839579],[108.54728717440949,12.589921340761924],[108.54743213276842,12.59012065854543],[108.5478593784662,12.590035781584005],[108.54804248487213,12.590106352228515],[108.54804248483562,12.59034858673588],[108.54792804361904,12.590775832507155],[108.54801196698216,12.590903624130464],[108.5489580116421,12.591088637256734],[108.5485841718836,12.59203658948029],[108.54857654219408,12.593746527521638],[108.54906482446758,12.593968733525697],[108.54969043433043,12.59401355680106],[108.54995746285337,12.593880042896462],[108.55001849816628,12.593315467276396],[108.55010242062103,12.592959746931077],[108.55029315604177,12.592849120595568],[108.55044574381155,12.592855796735922],[108.55059833227769,12.593078002792092],[108.5508043258732,12.593197211226727],[108.55108661339403,12.59319721174422],[108.55118579471272,12.593078002585148],[108.55117053748425,12.592796668672495],[108.55091113744126,12.592524871611062],[108.55087298999085,12.592425688812646],[108.55120105433791,12.59156452139202],[108.55124683037778,12.591238364634226],[108.55136890080938,12.591163977711513],[108.55159015272822,12.591149672274373],[108.55182666409834,12.590719565675606],[108.55213946991873,12.590482100730314],[108.55218524573003,12.590244635744208],[108.5520479170268,12.589903220321073],[108.55209369332916,12.589620932692176],[108.55243701564049,12.589353903690684],[108.55249042151826,12.589057311363211],[108.55267352655838,12.588864669150631],[108.55310077276148,12.588894231885389],[108.5538408248316,12.58886466896203],[108.55399341196205,12.588775023061887],[108.55405444775434,12.588582381444413],[108.55388660047988,12.587973937473016],[108.5540239295689,12.587736472537676],[108.5544664351135,12.587588652013117],[108.5554887738856,12.587647780053977],[108.55568713759206,12.587602957050564],[108.55570239721176,12.587428434741835],[108.55558032694883,12.58732448473249],[108.55504626900733,12.587097510003694],[108.55493945669966,12.586940154335146],[108.55499286304716,12.58680091743869],[108.5553209268519,12.586609228921526],[108.55633563689516,12.58667884745974],[108.55699939414117,12.58685336867133],[108.55811328586509,12.587394103201394],[108.55846423836387,12.587394103097012],[108.55872363679727,12.587219579839223],[108.5589677776995,12.586992605514562],[108.55925006509547,12.58690582108663],[108.55934924688567,12.586609228595329],[108.55921191793597,12.586085661523498],[108.55903644174866,12.585876807186649],[108.55900592501773,12.58568416508815],[108.55907458848405,12.58544002395073],[108.55928058284996,12.585248335699037],[108.55980701129236,12.585248336204657],[108.5602724040801,12.585475309421641],[108.56098956731375,12.585527762038772],[108.5617753945796,12.585231168961394],[108.56208819969899,12.584899290908718],[108.56222552864034,12.584602698022215],[108.56245441088963,12.584533079286125],[108.56284351010389,12.58453307946601],[108.56324023847503,12.58442912874086],[108.5634538620419,12.58416686849884],[108.56343097357542,12.583975179451054],[108.56329364344047,12.583766325323525],[108.56306476317042,12.583643301333797],[108.56287402767107,12.583486898861125],[108.56287402791968,12.583225591283199],[108.56306476329736,12.58298049776512],[108.56330890323825,12.582963331863976],[108.56359119044464,12.583207471107643],[108.56406421293292,12.58325992419362],[108.56465167692826,12.582963331584846],[108.564621158773,12.582666738716181],[108.56451434787203,12.582492216392758],[108.56456775254999,12.582091673345575],[108.56470508224555,12.581776960570346],[108.5649873693947,12.58181224676829],[108.565193364106,12.582230909535271],[108.56549090964663,12.582388264978656],[108.56577319769595,12.58238826585336],[108.56604785544654,12.582161291048612],[108.56634540233813,12.581795080768309],[108.56660480225823,12.58179508072448],[108.56707782435846,12.582108839217376],[108.56755084714226,12.582108839025459],[108.56765765825976,12.581934316095847],[108.56760425165368,12.581673010249595],[108.56761951095964,12.581463201011525],[108.5677797278152,12.581288679143691],[108.56812305042499,12.581132275975811],[108.56863422102599,12.581166608510157],[108.56890887849242,12.581550939337136],[108.569381900695,12.582022054066416],[108.56992358808198,12.58226619520823],[108.57018298775125,12.582266195200752],[108.5703737231306,12.582022054294402],[108.57032031671784,12.581515652910818],[108.57038898136996,12.581114155909066],[108.57023639278023,12.580747945558107],[108.57019824596667,12.580399853703613],[108.57035846363698,12.58017287989713],[108.5709306676128,12.579893452964333],[108.5718385659721,12.579544408439729],[108.57244891791623,12.579544407913549],[108.57279987014566,12.579788549028006],[108.573082157861,12.580050809102598],[108.57384509711717,12.580259663552596],[108.57419604856942,12.580539090972731],[108.57434863686042,12.581532818878333],[108.57454700067632,12.58174262789292],[108.57475299497058,12.581742628397826],[108.57489032372388,12.581603390529917],[108.57491321187304,12.581376417105842],[108.57464618303452,12.580992085937517],[108.57464618319794,12.58074794461859],[108.57480640112685,12.580591543364209],[108.57506579960565,12.580539091005859],[108.57536334696563,12.580678327058116],[108.57578296267504,12.581044537553423],[108.57674426686575,12.581603390826583],[108.57766742444058,12.581550938423412],[108.57814044572594,12.581166607516344],[108.57933826127021,12.58123622692024],[108.57989520691453,12.58120189392806],[108.5803377123175,12.581079823346652],[108.58058185248528,12.580556257094832],[108.58096332190506,12.58039985368437],[108.58157367450949,12.580539090921791],[108.58200854872182,12.580469472331323],[108.58316058792877,12.580451352167636],[108.58324451085255,12.58010326173645],[108.58305377594205,12.579562527897414],[108.58326739938462,12.579056126839482],[108.5837175343092,12.578881604592912],[108.58409900275993,12.578881604799788],[108.58432788481556,12.57895122284672],[108.58457202643983,12.579335553141236],[108.58483142481744,12.579369885049037],[108.58504504813855,12.579265935129463],[108.58530444859453,12.578934056709587],[108.58567065885896,12.578707080997521],[108.58667010881435,12.578794818954483],[108.58923358650145,12.577452046322906],[108.58956165052486,12.577416760365253],[108.59001178394976,12.576928479491261],[108.59087390641623,12.576579434242669],[108.59113330502997,12.576631885796244],[108.59158343941776,12.57664905206231],[108.59181232090155,12.576457363759431],[108.59193439159392,12.575933795544172],[108.59224719705608,12.57589946432229],[108.59259814889461,12.575969082094513],[108.59296435979351,12.576300006749186],[108.59352893556733,12.576479298122463],[108.5939409222264,12.576487880718597],[108.59423846947448,12.57645068772177],[108.5944673502101,12.576180798212691],[108.5945360154811,12.575809818394607],[108.59514636767452,12.575177533167759],[108.59546680112665,12.575016362012816],[108.59576434866946,12.574996334916406],[108.59598560033955,12.575237614136551],[108.59682483338284,12.575918538149221],[108.59787006030913,12.576238971740292],[108.59911365266429,12.575898510691596],[108.60013599178343,12.575538021281876],[108.6007310831465,12.57487617148471],[108.60155505787486,12.57415519358678],[108.60255450886986,12.573674541532167],[108.60301990208846,12.573734622034827],[108.60491962116882,12.574776035389098],[108.60565967201818,12.574916225378246],[108.60638446560273,12.574715953432948],[108.60722369830049,12.574715953360663],[108.60813922518962,12.574937205990667],[108.60855121339624,12.57527003851659],[108.60904712325242,12.57537971158682],[108.60995502158532,12.575288158312564],[108.61071796178476,12.575506549055634],[108.61112231930197,12.576053005187957],[108.61270160369727,12.579038005223985],[108.61370105485065,12.579547267543719],[108.61490649894895,12.579547267456425],[108.61572284476485,12.580529552365102],[108.61656207825945,12.581057887689727],[108.6182176569158,12.58189521418443],[108.62000293534082,12.583059649788813],[108.62130756121873,12.583059650386959],[108.62445850088925,12.582913737982377],[108.62564105874242,12.583241801626254],[108.62667865560931,12.583405833958768],[108.62728137740179,12.583660464287709],[108.62771625352671,12.58471618185704],[108.6302110659885,12.588155131997311],[108.63150043405528,12.588901858942988],[108.63281268857759,12.588792186094985],[108.63417835077512,12.588919979008312],[108.63625354570968,12.588610987156159],[108.63806934141054,12.588082652449083],[108.63912982809359,12.58837352248674],[108.6397859557301,12.589028697030129],[108.64044208407321,12.590430598442044],[108.64156360492046,12.591322282981107],[108.64205951621534,12.591540675479935],[108.64250964979644,12.591431002793511],[108.64358539386048,12.590648989395905],[108.64434833386854,12.590011934837552],[108.64551563073624,12.589276651816968],[108.64633960631593,12.589071612310235],[108.64724750433932,12.58893046786639],[108.64748401486942,12.589056352608587],[108.64756030875922,12.589543680620055],[108.64770526856827,12.590032916371774],[108.64796466669637,12.590234141439176],[108.64819354868717,12.590331415832285],[108.648704718275,12.59031997226075],[108.64886493504265,12.590370515614776],[108.64888782443406,12.59083209539622],[108.64911670641663,12.591007571029088],[108.6494295110059,12.591019968129565],[108.64951343411718,12.590794900579816],[108.64947528744435,12.590344767423996],[108.64963550454034,12.59027038001062],[108.64990253290176,12.590295176225737],[108.65029163208926,12.590719560705109],[108.65039844398116,12.590707162609611],[108.65049762646504,12.590620378914247],[108.65042896074027,12.59035716535531],[108.65047473826249,12.59019503983988],[108.65125293625722,12.590257982680649],[108.65239734537937,12.590645174145118],[108.65312213848819,12.591057161699872],[108.6541978825604,12.591894488118408],[108.6545869814125,12.592044214620913],[108.65515918645993,12.592056611392051],[108.65580768536331,12.59323058551237],[108.65660877127702,12.59369311767296],[108.65710468264768,12.594117502830636],[108.65750903946886,12.594891885845621],[108.65778369885578,12.59556613370342],[108.65813465051536,12.595891336995331],[108.65929431903533,12.59655318696928],[108.65962238289671,12.597190241058117],[108.65984363495795,12.598126748428493],[108.66014118156659,12.598664621956635],[108.66078967949427,12.598939279926519],[108.6611406316859,12.598964075793614],[108.66170520717777,12.598826746188777],[108.66261310501903,12.59820208992416],[108.66315479202962,12.597751954621078],[108.66374225540834,12.59764609760057],[108.66461200651051,12.598035196643321],[108.66532916993246,12.59850154250053],[108.66613788598663,12.599314074094382],[108.6667253488058,12.600312571103863],[108.66701526627789,12.600725511464555],[108.66695423128843,12.601100305893176],[108.66685504951528,12.601350168544126],[108.66705341327865,12.601911882530407],[108.66678638417493,12.602636674406186],[108.66687793706053,12.60284839087776],[108.66817493436915,12.603473047395335],[108.66836566959535,12.603735307970707],[108.66828937535442,12.60402331757234],[108.66784686984417,12.604460101102891],[108.66787738805012,12.604585031907307],[108.66819782263462,12.60467276958933],[108.66854114520741,12.604697565942653],[108.66921253219273,12.604935029673934],[108.67047138269922,12.604959825440682],[108.67174549147292,12.605034213023522],[108.67234821309336,12.605734209208883],[108.67237110154515,12.606945375396435],[108.67224903160059,12.607520441898311],[108.67248554241411,12.60771975833355],[108.67269916576093,12.607719758711722],[108.67284412316161,12.607545236584256],[108.67297382364671,12.6075080433978],[108.6731721873601,12.607645372420752],[108.67337055281445,12.60767016747381],[108.67375965176106,12.607470849392488],[108.67401905081417,12.607470849549749],[108.67427082038897,12.607520441219616],[108.67450733242386,12.607745508736436],[108.67473621383218,12.60780749624828],[108.67489643150068,12.60767016773936],[108.67529315937462,12.607632974694326],[108.67550678234302,12.60789523541442],[108.67554492971244,12.608145097779905],[108.67518634863008,12.608806947351718],[108.67507953675243,12.609106401881434],[108.67524738327356,12.609806398795936],[108.67533130685847,12.610493043842876],[108.67549152341222,12.610818246489378],[108.67560596502469,12.611279825572085],[108.67549152384466,12.611804347062057],[108.67534656536563,12.61201701608949],[108.6755830772335,12.6140779062852],[108.675491523665,12.61455569652462],[108.67527790096455,12.615071634804103],[108.67516345956798,12.615706782137996],[108.67511768357342,12.616262774069334],[108.67523212545333,12.61652980292672],[108.675705146921,12.617060999252397],[108.67581195923705,12.616880754890074],[108.67604084066942,12.616682391413553],[108.67642231113788,12.616488795140091],[108.67678852119506,12.616470675307072],[108.67717762150745,12.616974214910718],[108.67744464917786,12.617207864656226],[108.6779710782092,12.617240289550502],[108.67865009428021,12.616945604408876],[108.67888660494634,12.616576533233548],[108.67913837529878,12.615981439837757],[108.67963428611264,12.615617135398896],[108.68080158293576,12.61552939780949],[108.68109912921784,12.615363458527176],[108.68134327005056,12.61403594350343],[108.68136615780864,12.613556245845059],[108.68161029927171,12.612979272964003],[108.68246479056788,12.612237314181524],[108.68286152017983,12.612084726015798],[108.68359394086532,12.61199317337577],[108.68376941656662,12.611886362649637],[108.68386096972404,12.61167941437874],[108.6838533406127,12.611420968475878],[108.68367023508111,12.610724786048372],[108.68342609521534,12.61027751378494],[108.68298359005584,12.609968522195686],[108.68203754465426,12.609544137245802],[108.68157215185279,12.60924468450837],[108.68139667571165,12.609023431545985],[108.68124408745291,12.608294824164883],[108.6810762408603,12.608031609934283],[108.68032856050353,12.60746035904352],[108.67990894337785,12.607086519314896],[108.67977161500532,12.606787065726458],[108.6798021312956,12.606597284222138],[108.67996997900008,12.606385568403411],[108.68049640669203,12.606039384174606],[108.68177814426437,12.605684617244357],[108.68270893206447,12.605320313834042],[108.68324298839336,12.604988435530387],[108.68354053527709,12.604606012240852],[108.68377704617102,12.604379991029813],[108.68405170449738,12.604315140664331],[108.68442554438738,12.604379990717973],[108.68499012032281,12.604711869870137],[108.68585987126585,12.604804375648365],[108.68625659924172,12.604808191131205],[108.68666095779683,12.604702333162258],[108.68724842038387,12.604038575865959],[108.68793506700084,12.60375247243003],[108.68846912411766,12.603992799056828],[108.68878193000528,12.604029039047314],[108.6890642169078,12.603988030681895],[108.68940753952681,12.603872635615598],[108.68955249887809,12.603701928414948],[108.68959827429936,12.603535988722872],[108.68957538703692,12.603144029059719],[108.68928547001613,12.602627137336087],[108.68922443465893,12.602424958579197],[108.68927021102391,12.602277138339211],[108.68941516891944,12.602129320155939],[108.68985004436121,12.60198626804041],[108.6904527669538,12.601576188102294],[108.69139881206787,12.600694992883748],[108.69163532242881,12.60036311469807],[108.69170398767918,12.599962571945952],[108.6916887289102,12.599644043103408],[108.69160480573937,12.599178650620432],[108.69129962939611,12.598846772478439],[108.69123096486345,12.598578789501541],[108.69133777666606,12.598204949501785],[108.69145221727166,12.59801612102153],[108.69175739346863,12.59755931170064],[108.69194049873835,12.597384789182522],[108.69223804411183,12.59723220134247],[108.69318408917276,12.59704814230256],[108.69348163628365,12.596886971716556],[108.69396991728709,12.596420624205528],[108.69438190404725,12.595872260977265],[108.6945726395471,12.595111229203697],[108.69469470904889,12.594317771833591],[108.69467182177206,12.593944885818038],[108.694496345007,12.59296260097819],[108.69446582783051,12.591929772285308],[108.69454212184314,12.591371872367704],[108.69429798112913,12.59076724307061],[108.69425220514543,12.590500214309971],[108.69434375703928,12.590380051005601],[108.6946718213365,12.590218879705422],[108.69572467852048,12.589978554216948],[108.69586963620688,12.589859345264445],[108.69588489488012,12.589586593517874],[108.69558734928977,12.588738777815966],[108.69557971899275,12.588171341237683],[108.69537372623415,12.587548592096946],[108.69538898373317,12.587216712919773],[108.6954881656665,12.58695826753317],[108.69589252434007,12.586696007201208],[108.69747943811959,12.585810043823043],[108.69759387911627,12.585648872649822],[108.69756336241174,12.584344245858482],[108.6976091380262,12.584090568588392],[108.6978990551472,12.583505012105872],[108.69842548291724,12.582887031858233],[108.69892902278013,12.582651473522963],[108.6991044987502,12.582397796739103],[108.69921893984743,12.582043029725687],[108.69924182908585,12.58161864412454],[108.69932575200099,12.581411697020231],[108.69991321470664,12.58060012056809],[108.7004014972891,12.5799630656174],[108.70097370107904,12.579372740883482],[108.70173664056117,12.579147674376975],[108.7025911331665,12.579133368785383],[108.7029726025172,12.578902580554182],[108.70399494124162,12.578497268094166],[108.70532245577779,12.577851631138028],[108.70618457773843,12.57723841805555],[108.70751972178863,12.576057768810042],[108.70807666699926,12.575721121871387],[108.70925922351834,12.575241423307777],[108.70967121111885,12.575034476432885],[108.71025867356255,12.574342108155832],[108.71115131325057,12.57372889579355],[108.71139545421484,12.573502875670497],[108.71166248274487,12.573133803690906],[108.71196002901137,12.572285986123559],[108.71192951214334,12.572193480841038],[108.71174640593354,12.571967459817504],[108.71067066139693,12.571534491850501],[108.7103883737419,12.571294165052842],[108.71026630377708,12.571052885313794],[108.71021289779851,12.570701933733009],[108.7101289748305,12.570466376511392],[108.70967883984972,12.570204115582202],[108.70958728752932,12.5698417189772],[108.70931262813036,12.569736815513606],[108.70898456478567,12.569763518358256],[108.7080156317048,12.569545126746114],[108.70772571421368,12.569253302116485],[108.70765705033037,12.568908072561877],[108.7081453313933,12.56790099230113],[108.70808429651272,12.567622519167685],[108.70731372741385,12.567012167729962],[108.70732898659291,12.566706991653959],[108.70773334479613,12.566441869963159],[108.70911426413805,12.566203451437689],[108.70970172778557,12.56595168114313],[108.71025867304468,12.564970351076623],[108.7109224315526,12.564532613940422],[108.71532459171522,12.564094878124202],[108.71585101924121,12.563816404478711],[108.71651477759369,12.563232755589564],[108.71668262350397,12.56294569994788],[108.716591071544,12.562622403906607],[108.7161943424393,12.561813688678248],[108.7154466624024,12.561291074429842],[108.7153017029912,12.560833311226501],[108.71530170352223,12.560325003038896],[108.71544666191416,12.560159063938208],[108.71621723046455,12.559949254790624],[108.71680469441756,12.55964121726358],[108.71734638088873,12.559627866564737],[108.71757526298671,12.559827184732661],[108.71779651492416,12.559760427795858],[108.71797962128038,12.559517240587802],[108.71788806802478,12.559362745384776],[108.71773548030735,12.558583593250026],[108.7180788027833,12.5578797815785],[108.71830768511263,12.557703351892421],[108.71837634927832,12.557570791172088],[108.71835346136615,12.557456350445637],[108.71780414431828,12.5572474951337],[108.71736926893881,12.557128286258465],[108.717231939709,12.556973790839121],[108.71713275780115,12.556685781480429],[108.71717853434518,12.556497907316965],[108.71735401006032,12.556243276764718],[108.71766681512635,12.55613265040435],[108.71813983809395,12.55607733705109],[108.71826190819813,12.555822705245243],[108.71836108965842,12.554240560677664],[108.71878833561449,12.553168629870084],[108.71877307797935,12.55277094869294],[108.71861286037309,12.552329395862019],[108.71855182516589,12.551780080124505],[108.71858234279304,12.551454877356225],[108.71869678378562,12.551156376752537],[108.71902484822289,12.551034307313522],[108.71951312892483,12.550978994359388],[108.71972675190929,12.550824498022118],[108.72022266331257,12.550769185148575],[108.72094745463907,12.550591801739301],[108.72119159586588,12.550403928317854],[108.72157306527696,12.550370549204391],[108.7217485405772,12.55012736206004],[108.72182483472771,12.54985079683348],[108.72175617125374,12.549629544062622],[108.72157306452779,12.549651479129478],[108.72137470055401,12.549581861350104],[108.72125263072643,12.549342488815379],[108.72120685346258,12.548932409049119],[108.72106189546774,12.5487674227535],[108.72083301379767,12.548633908407846],[108.72055072686155,12.548679685137936],[108.72037524988481,12.548662519339588],[108.72022266241571,12.548482274435564],[108.72028369783399,12.547743176899912],[108.72000903895142,12.547498082055359],[108.71971912219571,12.547395085793418],[108.71963519874933,12.547223424356254],[108.71968860491296,12.547103261230692],[108.72019977333223,12.546759938213789],[108.72152728916456,12.546415661754416],[108.72313709110567,12.546518658597016],[108.72351856049524,12.546638821868507],[108.7237092962166,12.546638821858158],[108.7238618837692,12.546295498320625],[108.72405261851,12.546038007119567],[108.72412128262903,12.54577956063641],[108.72402972956876,12.545333241598563],[108.72418994768904,12.54498896489288],[108.72447986511918,12.54474863826396],[108.72486133347667,12.54412970490572],[108.72535724442368,12.543889378560777],[108.72649402517027,12.543940876328987],[108.7274171814453,12.544043873551528],[108.7278139094172,12.544043873555772],[108.7281419740734,12.54373488317706],[108.72850055552172,12.54332194282013],[108.72847003769056,12.542995784989337],[108.72817249169353,12.54244551520563],[108.72772235684968,12.542291020574615],[108.72745532878177,12.542256687141663],[108.72711200585287,12.542428349026553],[108.72692127091294,12.542686794728171],[108.72673053561715,12.54270396183476],[108.72657794765978,12.542582844880435],[108.72612781325908,12.541844700786474],[108.72422046444711,12.540898655160092],[108.72394580696086,12.540709828254842],[108.72386188371819,12.540555332787699],[108.72391528856164,12.540349339429756],[108.7241365416816,12.54014334581724],[108.72437305273424,12.539816235552498],[108.72446460512006,12.539490078261652],[108.7243425352722,12.53921446598477],[108.72365588904239,12.538922642610478],[108.72341174810539,12.538579319402757],[108.72299976149475,12.536739681250584],[108.72286243189855,12.536516522293839],[108.72239703926667,12.536379193134236],[108.72222919210125,12.536190364941868],[108.72217578737457,12.535931918932114],[108.722191045081,12.53569159368963],[108.72231311602668,12.53548560048896],[108.72253436855867,12.535468434655865],[108.72298450262997,12.53505549320843],[108.72295398511613,12.534849499469281],[108.72265643831057,12.534557675492856],[108.72248859212064,12.534144734125091],[108.72343463665364,12.532149647073389],[108.72553272042538,12.529232357230084],[108.72666187110478,12.527999255768254],[108.7279054615771,12.527273510113822],[108.72769183934966,12.526842448349159],[108.72721881572186,12.526555392601644],[108.72679919948399,12.526440951411475],[108.7266160940127,12.52622542150998],[108.72682971732063,12.525664662158208],[108.72711963432153,12.525435779400745],[108.72783679716105,12.525406215532476],[108.72869891917817,12.52465948892201],[108.72915668249043,12.523970935941422],[108.72914142342533,12.523640010669192],[108.72865314142895,12.523037288615987],[108.72723407498994,12.520825717806538],[108.72525043226156,12.517867419481709],[108.72357196564714,12.514507625171476],[108.72276324942507,12.511348102177648],[108.72194690383438,12.510041568239757],[108.72142810534484,12.509123180636731],[108.72085589984505,12.507414194852158],[108.72013873721683,12.505892131455282],[108.71878833398807,12.504384372150342],[108.71838397545325,12.501871440035993],[108.71710986764991,12.499271723799508],[108.71389026185099,12.49469122568218],[108.71073169293604,12.491072985813037],[108.70835132135198,12.48779902175873],[108.70333880810546,12.479743334748884],[108.70331592035289,12.479335161603945],[108.70391101317735,12.478881212268057],[108.70391101325254,12.478221270687143],[108.70348376685389,12.477187487802448],[108.70253772157176,12.475377413498618],[108.70201129407896,12.47422346740706],[108.70088977250823,12.473473879857723],[108.69992846904036,12.472487780946732],[108.69921893497592,12.470736834188681],[108.69897479483936,12.467879625840242],[108.69902819991795,12.464601847265682],[108.69899768219888,12.462222429154126],[108.69876117140878,12.461269709167661],[108.69836444174209,12.460684153534485],[108.69748706172001,12.459909769500113],[108.69611377076183,12.457949015253389],[108.69509906098891,12.457002016222289],[108.69469470315035,12.456813188838346],[108.69346637090169,12.456565233386112],[108.69238299709833,12.45566973313521],[108.69065875345244,12.454730364255099],[108.69046038865538,12.45443758650271],[108.69038409542375,12.454093309686526],[108.69036883639241,12.4534457655394],[108.69028491248358,12.453088137532102],[108.6900407725667,12.45284781146431],[108.68917102121638,12.452351900519435],[108.68773669556982,12.45091185202728],[108.68668383830907,12.449581476410735],[108.6863023684427,12.447463366371904],[108.68584460494554,12.447141976786089],[108.68447894283184,12.446311326889731],[108.68374652138262,12.444533677753007],[108.6835328980815,12.443897577301376],[108.68280810552383,12.442463251129762],[108.68228930705115,12.441798539846689],[108.68214434748668,12.441320749324396],[108.68213671858844,12.4409507236165],[108.6822359006313,12.440409989952888],[108.68254870559952,12.439812036760369],[108.68222827149152,12.439729067341636],[108.68141192703033,12.439646096606152],[108.68107623266461,12.439385743951911],[108.68058795206991,12.438835474208954],[108.67996234155879,12.438238474005828],[108.67833728070164,12.437115998613729],[108.67704791239531,12.435709330419444],[108.67640704324045,12.435158105902277],[108.6757814327441,12.434393258939084],[108.67543048030768,12.433738085131608],[108.67507952801347,12.433447214241136],[108.67408007765174,12.43304380992334],[108.67330187960312,12.432323786386458],[108.67267626894993,12.431529374627095],[108.67253893991959,12.43117937663107],[108.6725160522378,12.430360169942675],[108.67264575093104,12.428206773875816],[108.67263049177662,12.427872988202092],[108.6716463012348,12.425557466744607],[108.6693117058266,12.422730775977495],[108.66990679846525,12.42208323036061],[108.67077654981946,12.421331735931474],[108.67169207650059,12.420611711753011],[108.67239398012005,12.419510217422],[108.67270678587609,12.419164033546208],[108.6729738147307,12.418999047119861],[108.67385119584267,12.418870301554776],[108.67420977649688,12.418752046467551],[108.67481249883429,12.41842302881011],[108.67511004573831,12.418031068617411],[108.67536181547455,12.417578072902495],[108.67565173268598,12.415987344527009],[108.67584246739304,12.415670723792546],[108.67604083127178,12.415565820016065],[108.67625445489337,12.415537209799965],[108.67690295267596,12.415619226340008],[108.67859667888905,12.416285844353013],[108.67896288947952,12.41628870540616],[108.67930621215893,12.416124673368511],[108.67957324078402,12.415914865212843],[108.67971057028993,12.415627809064343],[108.67974705434735,12.415293977657408],[108.67968768131266,12.414747566568787],[108.6792985826264,12.413849205808424],[108.67871111943954,12.412834497012863],[108.6785051254234,12.41196474585638],[108.67855853159148,12.411442132230528],[108.67868823137303,12.411044449673645],[108.67876452551724,12.41052278966089],[108.67840594345441,12.408427568032074],[108.67830676081812,12.408102364725702],[108.67795580897922,12.40780100259671],[108.6773988628088,12.40759691718029],[108.67694872948204,12.407319398256437],[108.67614764192126,12.40626654225234],[108.67593401907952,12.404670090413074],[108.67568224932296,12.404320091309678],[108.67507952719475,12.403915733972136],[108.67374438293415,12.403182358523127],[108.67301196050114,12.402528137804138],[108.67286700249451,12.40230307096921],[108.67281359652007,12.402054162101958],[108.67284411385002,12.401779503401276],[108.67346209490819,12.401088089438826],[108.67401904103359,12.400370926494904],[108.6744844332839,12.399602264501013],[108.67472094550894,12.398782104807278],[108.67488116264349,12.397638649045534],[108.67529314958708,12.396496147139658],[108.67568224885,12.396001190529653],[108.67636889439837,12.395409912075488],[108.67647570559387,12.395086616097796],[108.67660540534848,12.394440025620522],[108.67771166739219,12.392831176921316],[108.67872637727932,12.392042487959689],[108.67929095244321,12.39187368785244],[108.67977160458979,12.391803116014358],[108.68035143876828,12.391583771097165],[108.6813737777524,12.391069739455725],[108.68193072218558,12.391048758741167],[108.68268603267887,12.391129822276175],[108.68329638447335,12.391135543607579],[108.683876218899,12.391090720721225],[108.68425768864955,12.390994399464414],[108.68450945834668,12.390821785129562],[108.68502062733333,12.390278190797613],[108.68535632170456,12.389832824296406],[108.68585223113756,12.388343184548697],[108.68603533758026,12.387473433476675],[108.68593615495875,12.38704904832266],[108.68571490214478,12.386523574130791],[108.68536395000876,12.385973304445148],[108.68508929198279,12.385647147195893],[108.68506640451531,12.385347693336357],[108.68509692084538,12.384825080771988],[108.68525713829239,12.384229033348756],[108.6855928324839,12.383559554572303],[108.68569201441404,12.383036941118092],[108.68562334896464,12.382787077984712],[108.68534869084704,12.382536261432035],[108.68315142568127,12.381620734805466],[108.68282336239275,12.381393760135374],[108.68257159158051,12.381067603298506],[108.68255633285104,12.380121558167236],[108.68270892123552,12.379824012724232],[108.68302172611878,12.379453032081248],[108.68342608405024,12.379182189622602],[108.68537920923109,12.378949492635995],[108.6867448701743,12.378687232046987],[108.68720263389784,12.37851747799269],[108.68776720860708,12.378049224057152],[108.68820208452227,12.377404540186975],[108.68838519029956,12.376883833984152],[108.68851488986058,12.376187652250058],[108.68852251914647,12.375365584058683],[108.68860644294305,12.374718993138963],[108.68914812941986,12.373801558125377],[108.6892778283093,12.373130171880534],[108.68917864690859,12.372507421396348],[108.68895739467719,12.372156469989195],[108.6887819190063,12.37195619909961],[108.68835467259402,12.371677725474827],[108.68779772651978,12.371224729694957],[108.68745440381984,12.370549528784778],[108.68723315116351,12.36962637195305],[108.6872865565171,12.36917814492748],[108.68769854465685,12.36853441428227],[108.68777483845606,12.368037550459471],[108.68772906105816,12.367513983438792],[108.68760699144656,12.367139189608972],[108.68723315117789,12.366438238406065],[108.68718737442656,12.36603960254284],[108.68744677403534,12.365668623140591],[108.68769854414747,12.365396826681872],[108.68777483841082,12.365023939176046],[108.68753069767898,12.36437448718798],[108.68654650526474,12.362837164344077],[108.6862031819326,12.362443296409293],[108.68566149489743,12.36210664966986],[108.68546313132912,12.362058966365188],[108.6850358848976,12.362050383516522],[108.68338793633393,12.362133352639859],[108.68306750087547,12.362099974153821],[108.68298357806344,12.36202749459281],[108.68293017190331,12.361914007447709],[108.68284624901042,12.3614190506982],[108.68283098991505,12.36108907955364],[108.68275469622397,12.360877363830037],[108.68248003821806,12.360568373316568],[108.68172472755283,12.359944670684849],[108.6811525231104,12.35912069589835],[108.6806795007393,12.357965795125589],[108.68060320660972,12.357347814734407],[108.6804429883323,12.356764166812022],[108.68029040165581,12.356397955164146],[108.68009966649308,12.356267301500088],[108.67944353874014,12.356040327125882],[108.67934435634439,12.355931608838896],[108.67887896349279,12.354935972316362],[108.67877215162567,12.354636518373345],[108.6787416339649,12.354333250789999],[108.67880266987758,12.354184477706205],[108.67893999842327,12.354067175345651],[108.67901629261374,12.353918402363718],[108.67903155055907,12.353568403095979],[108.67898577474487,12.353397695306594],[108.67868822831637,12.352811186818169],[108.67850512235096,12.352345793724659],[108.67832201712942,12.35121187398329],[108.67816179895941,12.350777952507677],[108.67788714128282,12.350391713982786],[108.67730730750114,12.34929594215608],[108.67694872666831,12.348247854415222],[108.67696398521926,12.348005621076132],[108.67771166542073,12.346601811801905],[108.67795580643579,12.345934240076371],[108.67805498850628,12.345502226407444],[108.67805498781766,12.34542307145298],[108.67796343491212,12.345231381744728],[108.6776277422717,12.34479078541327],[108.67752856045294,12.344586698447085],[108.677559076789,12.344262449004246],[108.67769640567545,12.3438723961792],[108.67817705810864,12.343149510991939],[108.67850512221614,12.342168180210045],[108.6787187449985,12.341878263231349],[108.67978686099167,12.340968457454293],[108.6804353589049,12.340377179314936],[108.68048113529309,12.340289441480342],[108.6805269116281,12.339886037875553],[108.68032854795534,12.33872636956659],[108.68032854815777,12.338411656347505],[108.68038195276124,12.338165609027577],[108.68048113503349,12.337986317690412],[108.68116015200717,12.33736070755298],[108.68122118678234,12.337258664269925],[108.68157213870366,12.335840550883608],[108.68198412607079,12.334755269315899],[108.68209093750362,12.334637967358063],[108.68220537849162,12.334596959609604],[108.68259447784831,12.334512082271546],[108.68282336000527,12.334519711696437],[108.68304461186294,12.334475842156182],[108.68309801803811,12.334348050662488],[108.68314379406782,12.333146420619016],[108.68304461169092,12.33161195856829],[108.68299120513608,12.329802838546211],[108.68342608109867,12.328874912958973],[108.68350237557853,12.328455295830247],[108.68348711688778,12.328162517870163],[108.68343371057384,12.327961292733628],[108.68306749909456,12.327246036952634],[108.68299883505912,12.326952306344932],[108.68298357630499,12.326459256206622],[108.68309801758825,12.325839367734408],[108.68328875273333,12.325201359758587],[108.68372362752355,12.32432874817784],[108.68404406188978,12.324093190041168],[108.68520372984959,12.323555317559395],[108.6853181710494,12.323464718920508],[108.6853563186282,12.32335599986212],[108.68533342897538,12.323264446520495],[108.6850587712292,12.323042241151546],[108.68442553073284,12.322654094586904],[108.68225115438484,12.320990886999692],[108.68124407370955,12.320471135099035],[108.68091601018328,12.32024892905348],[108.68041246991167,12.31978830361489],[108.6799013003607,12.31914457394671],[108.67982500629144,12.318942394549833],[108.67980211819352,12.317956295477963],[108.67985552366525,12.317536678704586],[108.68003100009409,12.317062702921131],[108.6804811341667,12.31662782639734],[108.6793443547631,12.315304128115034],[108.67863482102481,12.314642277795572],[108.6773759702899,12.313278522780447],[108.67700213009437,12.312722530991868],[108.67692583677423,12.312537517976088],[108.6769258366321,12.312352505927905],[108.67700975929847,12.31210741078425],[108.67749804056405,12.310984936411447],[108.67750567066572,12.31077989694196],[108.6774446347379,12.310450878381877],[108.67732256400475,12.310183849216152],[108.67696398378492,12.309518184217694],[108.67644518432478,12.308836307897622],[108.67526262781683,12.307719555928355],[108.67418688339424,12.306581821928424],[108.67310350927727,12.305700626344342],[108.67251604584257,12.305326786653323],[108.67193621177141,12.305137005221445],[108.67068499074273,12.304880466645471],[108.66957872912386,12.304727878735983],[108.66925066511031,12.304601994131104],[108.66904467055512,12.304436054332855],[108.66887682366965,12.30414709166098],[108.66877764226439,12.30385908188856],[108.66857164866272,12.302893963783378],[108.66857927818212,12.301242199653448],[108.66849535446592,12.300934162786117],[108.6681291441105,12.300521221573591],[108.66700762294491,12.299526540017018],[108.66636675344768,12.299069729481051],[108.66605394793153,12.298985805634429],[108.66577928923357,12.29896291750365],[108.66557329632987,12.299022045406224],[108.66462725166498,12.299547519652409],[108.6643983696603,12.299606648054072],[108.6640931935877,12.299451198681556],[108.66378801773716,12.299038257984066],[108.66323107119491,12.29800733576986],[108.66302507828364,12.297739353578107],[108.66275804913826,12.297572461039476],[108.66188066957027,12.29736074447805],[108.66162889920412,12.297337857079746],[108.66136187067193,12.297355976527435],[108.66071337144669,12.297617283577079],[108.66035479001849,12.297716466241104],[108.66008013166554,12.297734585416237],[108.65972917984323,12.297669736088716],[108.65952318603314,12.297503795596535],[108.65933245181365,12.297276821482708],[108.65882128135844,12.296492901552094],[108.6586152886392,12.296265926483922],[108.65836351820998,12.296161023203032],[108.65813463608542,12.296159116060618],[108.65737932633775,12.296542492855107],[108.65705889098064,12.296632138001144],[108.65661638616007,12.296587314514346],[108.65570085919583,12.29620966012954],[108.65393083950077,12.295743314206419],[108.65201586106124,12.295111980670153],[108.651764090904,12.294987050323183],[108.65132921614538,12.294634190204663],[108.64956682585557,12.292886105389524],[108.64937609123103,12.292782155032183],[108.6491700967985,12.292739240519955],[108.64895647370942,12.292778340479636],[108.64860552201093,12.292918530475069],[108.64780443581661,12.293383923460771],[108.64629381585749,12.294642772890418],[108.64601915728643,12.2947839173773],[108.6458131642852,12.294843045037497],[108.64562242884068,12.294883099562147],[108.64537065898604,12.294860211662366],[108.64495104200806,12.29475340071016],[108.64368456247078,12.294311847994718],[108.64229601320727,12.294084874696582],[108.6404878460447,12.293659535767693],[108.63925951384266,12.293525067746089],[108.63894670884413,12.293441144689254],[108.63865679189416,12.293274251229123],[108.63836687512675,12.293046323724061],[108.63752001177163,12.292074529286754],[108.63729112921773,12.291621533192899],[108.63710039447447,12.291496602653801],[108.63512438152011,12.291479437070734],[108.63315599763366,12.29158624734342],[108.6323243933486,12.29155859219854],[108.63090532681926,12.291382161978799],[108.62990587527928,12.291147558006479],[108.62944811116907,12.290917723091335],[108.62912004694194,12.290689794165239],[108.62886827772869,12.290440884765879],[108.62868517194003,12.290193883585893],[108.6285631022634,12.289945928197321],[108.62837236691509,12.289493886515878],[108.62829607329415,12.289205876649167],[108.6281511139075,12.289121953516819],[108.62785356792445,12.289181081958937],[108.62660234760425,12.28974470342258],[108.62605303099834,12.289944975311602],[108.6255113444385,12.290022222429913],[108.62525957411829,12.289979306631459],[108.62496965687492,12.289812413988171],[108.624435599285,12.289315549764101],[108.62403887071092,12.288717595706188],[108.6228639443159,12.286092130994746],[108.62265795002473,12.28580316659173],[108.62160509371975,12.284666386653658],[108.62143724670392,12.284398404575208],[108.62121599465883,12.283699362404231],[108.62091844770498,12.283091871170546],[108.62021654393239,12.282285063307521],[108.61961382168052,12.281726210188632],[108.61930864575828,12.281498280647396],[108.6188279939412,12.28132948108852],[108.6184541541011,12.28126558464797],[108.61814134862199,12.281282750818344],[108.61788957869888,12.281341879361317],[108.6176988432995,12.28148397633222],[108.6175538842152,12.28164705544741],[108.61730211464325,12.282090512674053],[108.61699693968283,12.282497732488961],[108.61689012771477,12.282701818563417],[108.61680620482555,12.28309759330016],[108.6167070228091,12.283276883926758],[108.61660021041173,12.283344594933771],[108.61637132888293,12.28340563011832],[108.6164171055038,12.283661214803567],[108.61638658818862,12.283874838331338],[108.6162797762096,12.2839911865524],[108.6161424466935,12.284055082268031],[108.61593645378979,12.284084646680078],[108.61567705408497,12.284032194129544],[108.6144639805981,12.283469526384355],[108.61393755194153,12.283337919636802],[108.61345689930164,12.283075659206736],[108.61305254239586,12.283034651312029],[108.61277025494584,12.283046095158959],[108.61254137256344,12.283121435581286],[108.61205309118834,12.283364622434226],[108.61141222257199,12.283428518147476],[108.61091631138713,12.28336939014234],[108.61040514261803,12.283118574303963],[108.61005419060574,12.282891600155477],[108.60985582557014,12.282847731535258],[108.60935991527185,12.28285726781544],[108.60923021577015,12.282904951706413],[108.60873430468186,12.283228247588424],[108.6085435698035,12.283308355238132],[108.60836809369522,12.283310263436142],[108.60790270052061,12.283196775974943],[108.60726946133516,12.282822935817578],[108.60705583753676,12.28265413514731],[108.60696428577334,12.282481520407805],[108.60691087944528,12.28226217420865],[108.60693376727461,12.282114355326462],[108.60703294929509,12.282039015551161],[108.60739153112802,12.281977980965946],[108.60787218344902,12.282073347545536],[108.60868089851355,12.282358496295279],[108.60884111654495,12.282371847748987],[108.60897081572834,12.28231462729012],[108.60911577485977,12.282155363196935],[108.60918443982953,12.281982748648701],[108.6091844399024,12.28179773520606],[108.6091234031471,12.281604139669039],[108.60900133309205,12.281483023337994],[108.60868089883783,12.281341879603636],[108.60797136563446,12.281241743767398],[108.60687273241908,12.281401007667025],[108.60652940943899,12.28140100763587],[108.60630052780456,12.281351416107661],[108.60611742194165,12.281248419570773],[108.60595720548348,12.281061500014868],[108.6055757354766,12.280488340172756],[108.60535448231856,12.280278532300553],[108.60507982461702,12.280121176238671],[108.60430162660803,12.279806463559309],[108.60382860468802,12.279701559820777],[108.6027452302018,12.27965387527281],[108.60234850116441,12.27959284076632],[108.60203569596942,12.279473631445363],[108.60170000257304,12.27912840173216],[108.60116594482933,12.278413146020467],[108.60102861639051,12.278318732021878],[108.59992235435313,12.278054564071542],[108.59862535629945,12.278110830748922],[108.59833544037704,12.27806219369316],[108.59812944596217,12.2779591967385],[108.59779470821871,12.277652352952456],[108.59771745938113,12.277581541949488],[108.59755586827474,12.27749028420528],[108.59665697257013,12.276982634141746],[108.59610765554567,12.276681272551762],[108.59580248060644,12.276655523889966],[108.59552019305607,12.276693671067045],[108.59494035872864,12.276923506515455],[108.59424608432776,12.277315467309906],[108.59391039064863,12.277621596092875],[108.59334581539783,12.27838358213215],[108.59289568062944,12.27891764033524],[108.59268968791488,12.279021590402376],[108.59236162404504,12.279066413294702],[108.59206407653033,12.279040663918396],[108.59124773165546,12.278756469242268],[108.59100359048826,12.278723089852308],[108.59075945091399,12.278779357045542],[108.59056871591652,12.278935758938806],[108.59047716275127,12.279171317209066],[108.59023302282914,12.280179350854798],[108.59007280510124,12.280630439022199],[108.58940141907827,12.281560271501482],[108.58884447301666,12.282496779622928],[108.58865373775981,12.282691329646564],[108.5884630033198,12.282751410477756],[108.58824175079684,12.28275141006777],[108.58802812737731,12.282676070498535],[108.58624284875343,12.281795829150168],[108.58608263237471,12.281813949354659],[108.58557909194143,12.282149642163246],[108.58544176270732,12.28240808851031],[108.58541124453762,12.282646506708172],[108.58547990985308,12.282882064845897],[108.58576982743291,12.283225387552909],[108.58643358366409,12.283598273942813],[108.58763902775804,12.283986419770681],[108.5883409335418,12.284292548057575],[108.58856218551806,12.284487098812718],[108.58920305416511,12.285752623473131],[108.58957689501189,12.286636680150705],[108.5898134062015,12.287383407765903],[108.58985155335994,12.287753432472273],[108.58981340651756,12.287868827155592],[108.5897294825661,12.287940352750562],[108.58919542509952,12.288186400266444],[108.58879869624914,12.28828749061092],[108.58833330368255,12.28833517505366],[108.58772295220562,12.288335174460064],[108.58728044744322,12.288279860586254],[108.58656328382992,12.28804811847877],[108.58567064477036,12.287630408855328],[108.58497636991203,12.287256569222146],[108.58387010697986,12.286073058982181],[108.58343523217017,12.285662978840945],[108.5831071682108,12.28546461520195],[108.58284776943657,12.2853711549295],[108.58264177465898,12.285345405732546],[108.58218401082956,12.28543886609971],[108.58114641358608,12.285935729679466],[108.58062761549695,12.286136955208717],[108.58043688045348,12.286121696078505],[108.58023088646799,12.2860244216061],[108.5797883805884,12.285632461571664],[108.57966631132074,12.285588592970711],[108.57926195290968,12.285599082968291],[108.57908647690878,12.285641045133964],[108.57894914824756,12.285759299898126],[108.57883470735817,12.286169379629786],[108.57884996572992,12.286303848171604],[108.57905596012782,12.286950439271951],[108.57930773008454,12.287556976195214],[108.57987993432322,12.288342804005248],[108.57987230469877,12.288519234145685],[108.57980363970371,12.28861841576728],[108.57947557628259,12.288915009232385],[108.57932298797589,12.288991301810931],[108.57824724433075,12.28906759638919],[108.57811754451454,12.289045662611972],[108.5777208155341,12.288857787960263],[108.57719438666037,12.288725227308124],[108.57619493700038,12.288548798513968],[108.57547014427881,12.288249344272057],[108.57495134470847,12.288214058077093],[108.57482927460623,12.28824457567702],[108.57476060990328,12.288329452183948],[108.57476061008614,12.288675636022452],[108.57513445136705,12.2892306749424],[108.57518022672433,12.28938517074717],[108.5751802269207,12.289620727955178],[108.57478349942576,12.291177124687762],[108.57466905841132,12.29137167482114],[108.5745240993851,12.29152330873788],[108.57437151096471,12.291594833779653],[108.57409685321592,12.291611046484586],[108.57388323002996,12.291555733270435],[108.57360094197287,12.291349739750116],[108.57305162641639,12.290525764661146],[108.57269304430996,12.290083260482623],[108.57237261023393,12.289800018597004],[108.57159441170725,12.289483398087166],[108.57133501161005,12.289478630429773],[108.57106798307342,12.289560646356112],[108.57090013741,12.289706558169634],[108.57088487827957,12.289997429871324],[108.57101457802507,12.290156692556973],[108.57138841832402,12.290464729253676],[108.57155626480763,12.290695518418945],[108.57166307636183,12.290962547948412],[108.57167070644893,12.291251511784694],[108.57160967035469,12.291418404183688],[108.57137315904686,12.291751236813646],[108.57051103815816,12.292498917441685],[108.57038896737876,12.292704910995207],[108.5702592683522,12.293444008676811],[108.57015245587137,12.294439644603814],[108.57005327432373,12.294799180230218],[108.56974046939027,12.295338006168237],[108.56958788158602,12.295469612608024],[108.5691987820419,12.295556397281553],[108.56903856532787,12.295500130788422],[108.56890123562434,12.29536852346975],[108.56874101788492,12.29510149524601],[108.56845110159836,12.2944339231051],[108.56819933076481,12.29426321456499],[108.56802385488571,12.294068666275436],[108.56768053181227,12.293878883803735],[108.56668108164305,12.293521255750846],[108.56650560607308,12.293306680102068],[108.5661165063338,12.293015808847866],[108.56548326739055,12.292358727224341],[108.5652467549057,12.292193742291463],[108.5648576558947,12.292119355236059],[108.56471269752278,12.292174667532882],[108.564529592146,12.292345376026752],[108.56401079390184,12.292702049901694],[108.56368272997778,12.29284510116573],[108.56339281288075,12.292867035957784],[108.56324785403456,12.292834610680394],[108.56304948959225,12.292707771601224],[108.56277483178201,12.292636247130933],[108.56250780264507,12.29262575617411],[108.56233232729035,12.292666764456332],[108.56188219226102,12.292979569112118],[108.56160753426975,12.293084473910994],[108.56070726600967,12.29309496385073],[108.56040971856389,12.293053956180467],[108.55986040318608,12.29277262211818],[108.55931108596596,12.29268393003991],[108.55882280519151,12.292534204388826],[108.5584718526026,12.292314858530515],[108.55825822942795,12.292290063014656],[108.55785387141324,12.29233107121794],[108.55761736107486,12.292434067821672],[108.55714433767365,12.29292616423436],[108.55679338550375,12.293520303166677],[108.5566407973952,12.293709130204347],[108.55658739325708,12.294144959096112],[108.55641954594948,12.294857354605366],[108.55631273396855,12.295091004547668],[108.55615251703789,12.295280786738209],[108.55580156513037,12.295508714876119],[108.55561082962078,12.295558305203489],[108.55529039630338,12.295558305717982],[108.55432146230662,12.29548964069899],[108.55284898925466,12.295701356392625],[108.55237596719833,12.295805306945553],[108.5521852316706,12.295796723540661],[108.55205553146625,12.295758576704674],[108.551918202876,12.295643182562436],[108.5517885031683,12.295396180312773],[108.55151384508184,12.295032830395472],[108.55107897011591,12.294203134808404],[108.55098741656127,12.293941827559735],[108.55091112267834,12.293265672896181],[108.55069749969871,12.292696328304716],[108.55046098903546,12.292251916976692],[108.55029314204687,12.292144151543072],[108.5500718897376,12.292122216205524],[108.54969041930919,12.292243333469715],[108.54910295696821,12.29263624781625],[108.54890459200058,12.29290327670781],[108.5485841576789,12.294327112122147],[108.54840105202408,12.294645639065646],[108.54798143537649,12.295060488148945],[108.54767626016681,12.295255991009583],[108.54742448992063,12.295322748244509],[108.54726427284152,12.295322747771232],[108.54649370360617,12.295022340944017],[108.54611223329523,12.295061440790814],[108.54588335155525,12.295247408156278],[108.54562395252033,12.295542093166661],[108.54554002862521,12.29614195419645],[108.54557054698343,12.296750398821327],[108.5454942529425,12.297115655987534],[108.54528825891666,12.297273965831776],[108.54490679013364,12.297379823756547],[108.5437013447997,12.297371241526877],[108.54344957436071,12.297405572923793],[108.54321408745928,12.297476933183294],[108.54294603473754,12.29755816152016],[108.54266374740163,12.297596307983014],[108.54229753640614,12.297583909906097],[108.5412980860943,12.297358843378891],[108.54066484527623,12.29699835416978],[108.5401613056046,12.296513887176483],[108.53970354218875,12.295970292864999],[108.53955858358769,12.295729014645133],[108.5393678483173,12.294705721185117],[108.53922289011975,12.294395776794222],[108.53903978472874,12.294128747849697],[108.53734605941983,12.292459817921966],[108.53681963047296,12.291716906502533],[108.53659837852753,12.291216227453303],[108.53645341886086,12.291020723091723],[108.53611772651176,12.290753695241952],[108.53601091565629,12.290253016085101],[108.53609483853633,12.28979048383504],[108.53636186681256,12.289535853418114],[108.53725450588165,12.289217324895164],[108.53771989931145,12.28880152286012],[108.53874223827567,12.288168284139031],[108.53916185509911,12.287803979649365],[108.53958910095213,12.287286134771916],[108.53972643002524,12.286990496226913],[108.53990190657292,12.286427827535269],[108.53994005311135,12.285987229348434],[108.53987901835765,12.28559240867733],[108.53965776512534,12.284560534076084],[108.53953569537362,12.28431448580077],[108.5393297008757,12.28409800161257],[108.53804796292931,12.2830956893533],[108.53602617322102,12.281865449361177],[108.5357209975749,12.281767221546867],[108.53532426863119,12.281711908152948],[108.53462999401661,12.281805368104136],[108.53407304765074,12.281780572467072],[108.53376024269967,12.281661363841975],[108.5334474378792,12.281444880198347],[108.53326433232064,12.281185479631219],[108.5331651495441,12.280897471222808],[108.53303545048067,12.280705781578881],[108.532272510589,12.280095429475333],[108.53218095852516,12.279924722672977],[108.53214281121313,12.2797511538556],[108.53199785301715,12.27959379812811],[108.53142564758107,12.27908453564095],[108.53118913684752,12.278999658516717],[108.53091447817499,12.278995844110904],[108.53041093826229,12.279229493891277],[108.53009050387638,12.279496522947282],[108.52967851616866,12.280043932322398],[108.52930467671084,12.280256600649329],[108.52904527674099,12.280324312307833],[108.52843492564713,12.280265184282166],[108.52789323892142,12.279959055169753],[108.52653520686441,12.279487939993844],[108.52595537202079,12.279339167351765],[108.5249635500665,12.279186579206968],[108.5246278574081,12.279195162468913],[108.52336137714518,12.279569002054748],[108.52207201077893,12.28012499413083],[108.5218431284327,12.280350061085578],[108.52114885359869,12.280676218546652],[108.52090471214441,12.280698153762089],[108.52067583147334,12.280629488717018],[108.52050035475582,12.280511232795428],[108.5200349616935,12.27992472299537],[108.51982133877455,12.279733988161949],[108.51937120409774,12.279470774315858],[108.5191575809227,12.27942881283803],[108.51871507645717,12.27947935760121],[108.51837938313226,12.279572817818465],[108.5178376963641,12.27981505078462],[108.51716630960757,12.280180307569086],[108.51686876367265,12.280239435337215],[108.5166322511121,12.28021368704345],[108.51640337038585,12.280124994879213],[108.51617448792302,12.279874178702864],[108.51590745896695,12.279127451288845],[108.51542680729187,12.27840552014666],[108.51508348432677,12.27798971869102],[108.51449602130415,12.27760729490492],[108.5143129158713,12.277573916376525],[108.51387804036963,12.277612064017191],[108.51337449983286,12.27752718651403],[108.51190965599359,12.277136179387591],[108.51124589915298,12.27709803237471],[108.51058214186277,12.277195307482197],[108.50855272272797,12.277790400471334],[108.50783555959585,12.278231951504775],[108.507187060545,12.278710696013714],[108.506485156917,12.279330585212962],[108.50569932926766,12.280102106842065],[108.50553911180762,12.280146930278603],[108.50547044694491,12.280239436395496],[108.50544755915179,12.280356738443503],[108.50554674147112,12.280733439702585],[108.50550859401311,12.281189296225463],[108.50505846028099,12.282115314215774],[108.50492113094037,12.28230700212034],[108.50473039623652,12.282383296568696],[108.5044404790914,12.282408092423045],[108.50392167985564,12.282281253670462],[108.50276964202557,12.2816060520638],[108.50254838903868,12.281555507003374],[108.50231187791094,12.281576488651416],[108.50213640163983,12.281690929063762],[108.50167863779934,12.282243106522584],[108.50086992243013,12.282790515193506],[108.50009935375532,12.283580157548606],[108.49914567872204,12.284747455373125],[108.49892442691504,12.285112712928218],[108.49858873304005,12.286381100105482],[108.49860399231359,12.287107799693608],[108.49870317424138,12.287527415460879],[108.49929826689187,12.288508746940447],[108.4993898206871,12.288939807863704],[108.49942796723367,12.28945479215728],[108.49977891907027,12.290549609400207],[108.49994676613521,12.2916024667904],[108.4999238775955,12.291972491586565],[108.49983232567718,12.29232821279747],[108.49964159027533,12.292689654637105],[108.4984514047162,12.294361447342705],[108.49792497623449,12.295015667303288],[108.49721544239115,12.295800541275922],[108.49631517440159,12.2970317356393],[108.49594896337047,12.297429417122368],[108.49549119940738,12.297711704185913],[108.49494188401412,12.298271511555349],[108.49447649057792,12.298824642422368],[108.494270496692,12.299235676254112],[108.49420183311987,12.299618099895715],[108.49366014538207,12.30111441423277],[108.49329393473131,12.303114269715259],[108.49287431797434,12.304600094811633],[108.49272935912734,12.304880474785348],[108.49228535901284,12.305412350640509],[108.49218004290618,12.305538510900522],[108.49198167853304,12.305898999111058],[108.49179094418487,12.306120251764526],[108.49153154377542,12.30629000600408],[108.49098985720153,12.306557034847172],[108.49069993976848,12.30665049448556],[108.49047105940124,12.306676243655101],[108.49012773581582,12.306633329111124],[108.4898759656027,12.306510305371761],[108.48919694999293,12.306043958137929],[108.4884721566782,12.305368757049667],[108.48789995320641,12.304991100556823],[108.48735063565098,12.30475363695922],[108.48690813101298,12.304663990573582],[108.4866105845622,12.30465159334288],[108.48539751038923,12.305041646494631],[108.4851228530699,12.305207586099447],[108.48500841208627,12.305394506306389],[108.48477952964542,12.307792042875667],[108.48477190128655,12.308433866632761],[108.48482530702478,12.309078550704188],[108.48577135230856,12.309136723961748],[108.48654955019762,12.308907842327232],[108.4867860607078,12.308936452370244],[108.48705308964767,12.309096669225621],[108.48721503967451,12.30944756117003],[108.48725908391656,12.309542988758487],[108.48747270674075,12.310242032102154],[108.48757951768346,12.311024044840702],[108.48734300675396,12.311716413042726],[108.48730486006014,12.312050199055845],[108.48745744823414,12.312310552293262],[108.48773210636251,12.312383985066162],[108.48830431100147,12.31235918936681],[108.4886018571927,12.31257090514038],[108.48876970449942,12.313041065844537],[108.48870866879412,12.315122937572262],[108.48876207450652,12.315464353648684],[108.48906725075068,12.316178655051838],[108.48915117338427,12.316521024466406],[108.4894868674439,12.317041730256086],[108.49007433087915,12.31726965875195],[108.49047868834701,12.317591047799562],[108.49082964088788,12.317811345464055],[108.49103563448217,12.31809649447834],[108.49099748783499,12.318600987997707],[108.49090593499211,12.319067334508565],[108.49105852299559,12.319222783438533],[108.49159258026484,12.319236135097572],[108.49211900864569,12.319106435343581],[108.49254625422182,12.319145536594645],[108.49293535381392,12.319393491324531],[108.49299638890922,12.319760656277086],[108.49301164744773,12.320178365484812],[108.49309557068469,12.320479726152422],[108.49333208290606,12.320646619004139],[108.49351518735905,12.320596074674002],[108.4936601468697,12.320485448577903],[108.49378221716204,12.320473050637043],[108.49388902764784,12.320533132625688],[108.4936754043612,12.320963239831944],[108.49371355191239,12.321215009736346],[108.4938203638452,12.321297979829671],[108.49399583950803,12.321286535649971],[108.4942094623527,12.321131086006272],[108.49441545680732,12.320855474368122],[108.49501817851973,12.320676183337655],[108.49534624260207,12.320772504303685],[108.49574297105822,12.321274136948754],[108.49603288752347,12.321381901929884],[108.49662798039954,12.32123885134554],[108.49696367356867,12.32133421819295],[108.49716966809169,12.3215735898324],[108.49729936809186,12.322123861160609],[108.49742143805419,12.322207783981272],[108.49759691384682,12.322195386424648],[108.49782579632355,12.321908330313992],[108.49808519493448,12.321453427885409],[108.49824541320532,12.321346615960788],[108.49837511209051,12.32138190203495],[108.49839800116027,12.321621274640552],[108.49862688153955,12.32255396861321],[108.49880235801704,12.322697972904846],[108.4989625754973,12.32266173290133],[108.499321156941,12.322182988151905],[108.49966448015942,12.322003698117678],[108.5002900901247,12.321964597084733],[108.50047319614214,12.322205876902903],[108.50030534925729,12.322768544506674],[108.50004595006087,12.32303843414199],[108.4999620260832,12.323253964826401],[108.50004595037518,12.32344470047125],[108.5001832789873,12.323493337525681],[108.50052660198986,12.323129987362991],[108.50084703640519,12.322895383517292],[108.50117509980365,12.322848653547812],[108.50155656958368,12.323089933009252],[108.50223558645419,12.323391293749403],[108.50288408476987,12.323612546348654],[108.4965135399104,12.328914975631525],[108.49778002043871,12.329184865459457],[108.4985811065978,12.329975461391042],[108.49882524715014,12.330433225755243],[108.49932115705172,12.3319123747663],[108.4990541280318,12.332423543680003],[108.49849718368242,12.33288416895812],[108.49774187294848,12.333071088732744],[108.4960405183332,12.333094930625066],[108.49540727876028,12.333243704096496],[108.49477403840447,12.333509778760169],[108.49234789126055,12.334925032344703],[108.48845689933444,12.336088515292552],[108.4885179352745,12.336355543583833],[108.48842638207302,12.33652815867934],[108.48780077217363,12.337038373973861],[108.4877855131717,12.3370984562738],[108.48786943620448,12.337224341013028],[108.48799150637007,12.33733687477606],[108.48818431493767,12.337432384928434],[108.48819750056435,12.337438917331285],[108.48822801867179,12.337616301503886],[108.48815172446568,12.337859487954091],[108.4876787014867,12.338414526564016],[108.48761003777578,12.338768339582808],[108.4876558139133,12.33907828421734],[108.48721330856357,12.339225149345133],[108.48669450945455,12.339331961709613],[108.48626726370411,12.339250899515894],[108.48603838116918,12.339111662660942],[108.48589342365416,12.339076376359762],[108.48574846468077,12.339114523189348],[108.48561113509352,12.339249945272895],[108.48530596061619,12.339721060138649],[108.48481767834419,12.340603209706098],[108.48428362116435,12.341282226078842],[108.48389452252964,12.342605925535754],[108.48274248379278,12.344309188117418],[108.4821779087714,12.344909049198801],[108.48210161508513,12.345199920306259],[108.48212450251967,12.34557662107446],[108.48262804253991,12.346201277633961],[108.48258989543949,12.34640059568941],[108.48220079655451,12.346847868991691],[108.48175829205746,12.347629882239863],[108.4817659204564,12.348351813986921],[108.48173540362671,12.348469115789309],[108.4815522978277,12.348674156311933],[108.48071306517195,12.34890303750394],[108.48026293068929,12.348982191811187],[108.48010271257611,12.349399902491541],[108.48020189607077,12.349802352152073],[108.48014085970313,12.350246763867464],[108.47988908990985,12.350586273277868],[108.47985094290853,12.350734092634742],[108.47998827286803,12.350981094422107],[108.48001116131516,12.351513244010858],[108.47983568458187,12.351765968361986],[108.47964494952303,12.351835586165901],[108.47928636779729,12.351743079322818],[108.47898882148608,12.351651526954214],[108.47873705157328,12.351442672094304],[108.47821062406571,12.35128913154406],[108.47779100727786,12.351315833143707],[108.47745531402211,12.351400710538915],[108.47706621406807,12.351337768811897],[108.4768602207654,12.35121855920821],[108.47676866801929,12.35121665136489],[108.47649400980177,12.351273872598492],[108.47624223993282,12.351461746668955],[108.47612017022092,12.351671554196287],[108.47624986920034,12.352011062778718],[108.47636431007882,12.352147437629759],[108.47666948574557,12.352369644356237],[108.4766618569306,12.352753974977258],[108.47609728131226,12.353245117659226],[108.47572344129784,12.354741432950465],[108.47547930039116,12.355182029290468],[108.47532671213932,12.356061317557563],[108.47582262307021,12.357107499204734],[108.47579973506,12.357990600710792],[108.47521227213046,12.359007217741391],[108.47491472483024,12.359627105691846],[108.4743806678822,12.361957886280653],[108.47374742853117,12.364035942572311],[108.47335069909686,12.364505149900912],[108.47190874475059,12.365772583250394],[108.4715196455712,12.366386750709058],[108.47126787537303,12.367287018720203],[108.47096269922386,12.37005267414982],[108.4707490768503,12.370941498465408],[108.46989458465863,12.372917511551186],[108.46893328096347,12.373630860399825],[108.46861284598222,12.374201157689152],[108.46852892263763,12.375316956664394],[108.4681703409897,12.376298288012658],[108.46794146018566,12.376550057624629],[108.46750658367911,12.376588204838274],[108.46546953584998,12.375700333955898],[108.46434038466599,12.375519135682792],[108.46390551012588,12.375651696863073],[108.46337908189003,12.375964501965148],[108.46254747813683,12.376554826109532],[108.46163194961031,12.376902917081722],[108.46127336852341,12.377227167027335],[108.46118944456073,12.37742648570192],[108.4611589275546,12.3784946001983],[108.46076219920877,12.379437784264713],[108.46099108063493,12.380681375335936],[108.46087663974575,12.381937364384077],[108.4604417652406,12.382702211547766],[108.45932787260874,12.383460382825437],[108.45814531660035,12.38418803545092],[108.45751207702503,12.384832719493756],[108.4567643974708,12.386147836999065],[108.45664995604282,12.387280801520292],[108.45664232645035,12.388257365134685],[108.45648973850709,12.390441278912427],[108.4556962815248,12.391823152836487],[108.45451372513922,12.392788271213009],[108.4521409832679,12.394494395405111],[108.45074480477913,12.395634989900389],[108.44761675320106,12.397808413641034],[108.44690721975819,12.398730616992589],[108.44665544945086,12.39981303696658],[108.44631212667913,12.40066180780601],[108.44558733486768,12.40158401085217],[108.44408434310179,12.402044635225343],[108.43540209246198,12.408089977674884],[108.43418901884603,12.409379344878745],[108.43357866742491,12.409651143009164],[108.43064897933897,12.407711368751022],[108.42567461408616,12.406312328756428],[108.42443865261272,12.406194073058472],[108.42400377628017,12.406061513268956],[108.42344683125239,12.405437809827765],[108.42299669664379,12.405134540950977],[108.42156237046687,12.404588086692694],[108.41861742443302,12.403770787022765],[108.41575640059702,12.403264386238536],[108.41163652745246,12.402471882896249],[108.40991991388532,12.40330825581326],[108.40686052651066,12.406016690837335],[108.40531938889882,12.407315595201172],[108.40402239212095,12.407360418407938],[108.4015504679876,12.408482892939794],[108.39978807791348,12.409407957500918],[108.39895647394117,12.40998016180752],[108.39833849303255,12.409848554232283],[108.3963319628402,12.408989294865817],[108.39521044155146,12.408460958236999],[108.39421861947432,12.408460959074636],[108.3932115397338,12.408548696531664],[108.39217394142305,12.408130987697643],[108.3913347088408,12.408109052590746],[108.39045732831282,12.408174856833936],[108.38986223530958,12.408570631779366],[108.38919847891196,12.409143789572033],[108.38794725715896,12.409694059637825],[108.38702410017834,12.410178527285215],[108.38640611922972,12.411081655872191],[108.38486498256685,12.412886962664407],[108.38380449656749,12.414295539336178],[108.38246172319262,12.415309294329846],[108.38211077075746,12.416211470564003],[108.38193529441148,12.416806563741774],[108.38179796619964,12.417760237774745],[108.38166826603337,12.419186934615517],[108.38119524374197,12.419852599828179],[108.38084429225792,12.419947013662547],[108.3803712691929,12.41966186471286],[108.37938707707588,12.419376715858775],[108.37790697518561,12.419294700161164],[108.37652605334796,12.418533667549447],[108.37545793903362,12.418463096103595],[108.37446611751838,12.418625221137278],[108.37071245536123,12.417874679058693],[108.36923235232871,12.418218956384159],[108.36888903001892,12.418523178251842],[108.36866014879094,12.419213637909069],[108.3681794966427,12.419629439914614],[108.36748522170085,12.419953689711775],[108.3664399942955,12.419872627192051],[108.36574571948805,12.42017684952643],[108.36542528421836,12.420491562492536],[108.36532610265668,12.421089515735781],[108.36508196250674,12.42180954026486],[108.36468523367905,12.422479019572327],[108.36252611498817,12.423645364112197],[108.36222094009277,12.424010620445962],[108.3614198526282,12.42443691251771],[108.36032884978702,12.424700126655488],[108.35852068294652,12.424253807933475],[108.35802477246885,12.424274788654335],[108.35774248485716,12.424406396016083],[108.35749071457886,12.424973832405854],[108.35726183242946,12.425329551949027],[108.35697191577755,12.425441131852118],[108.35658281681066,12.425360070283814],[108.35498064401453,12.424653397218318],[108.35472887320032,12.42445694042317],[108.35421007426241,12.42389713434564],[108.35389726926545,12.423385964135182],[108.35363024076148,12.423140870531872],[108.35311907113952,12.423126565577135],[108.35185259103291,12.423405037787244],[108.3513871986249,12.423463212384487],[108.35072344150673,12.423350678444091],[108.34954088520801,12.423295365685084],[108.34915941523701,12.423568116617783],[108.34871691070616,12.424002038670192],[108.34722154945175,12.424814568786338],[108.34690874438716,12.425282822177827],[108.34664934458773,12.425787316777186],[108.34660356879043,12.426081048809072],[108.34664934408785,12.426654206776263],[108.34663408680895,12.426879273458551],[108.34639757459502,12.427607880978291],[108.34601610521233,12.42848240066705],[108.34534471844611,12.431394921813562],[108.34516924246527,12.431984293006657],[108.34478014363,12.432529794576833],[108.34445207978138,12.432676660358926],[108.34402483339795,12.432697641157846],[108.34365862270626,12.432585107651892],[108.34321611780155,12.432250368328795],[108.34301012351068,12.432242738830604],[108.34260576544673,12.432381020786652],[108.3422090381656,12.432767259235805],[108.34121721615438,12.4330819722787],[108.340187247258,12.433635102895753],[108.33991258993423,12.434020387002674],[108.3397828899249,12.434405672473325],[108.33979052019875,12.434596407014629],[108.33989733042732,12.434931146131559],[108.336830314891,12.435722696324524],[108.3307725748757,12.438668596431684],[108.32992571259096,12.439012873851603],[108.3291169970649,12.439075815726513],[108.32825487508312,12.438902247362538],[108.32605760903229,12.438011515372697],[108.32493608760103,12.437906610909002]]]]}}]}