{"type":"FeatureCollection","name":"gis.vn","features":[{"type":"Feature","properties":{"ma_huyen":"656","ten_huyen":"Lắk","loai":"Huyện","cap":2,"stt":14,"ma_tinh":"66","ten_tinh":"Đắk Lắk"},"geometry":{"type":"MultiPolygon","coordinates":[[[[108.05803696539772,12.268288963177762],[108.05699936758315,12.268939369598264],[108.05618302213718,12.26904713432239],[108.05561081714883,12.269067162090883],[108.05526749479868,12.268845909435797],[108.05493943047586,12.267721527694064],[108.05424515647745,12.26664959705542],[108.05338303434254,12.265945786238907],[108.05268875912435,12.265585297131475],[108.05210892505787,12.265562409215441],[108.05149094418469,12.265797012022585],[108.05108658664572,12.266204231780172],[108.04963700141585,12.26855885322838],[108.048393410218,12.270952576753233],[108.04687516086979,12.272994392930292],[108.04544083457336,12.274499292269502],[108.04403702682916,12.276831979453895],[108.04393784367306,12.277792328736481],[108.0438996975503,12.278759354910802],[108.0439531027696,12.27892529421077],[108.04386917974641,12.282411927207471],[108.0439302148698,12.283103341473813],[108.04396073259687,12.284187669468622],[108.0440217676291,12.284646386437107],[108.04395310314663,12.284869546612613],[108.04367844530874,12.28525196968582],[108.04306809390957,12.285822267477865],[108.04245011275,12.286312455308158],[108.04208390201306,12.286688203196578],[108.0417634672928,12.287355775426693],[108.04103104540992,12.288409586022285],[108.04055802276213,12.288852090465674],[108.03968827202578,12.289254541652285],[108.03915421412344,12.289342280093008],[108.0377580354862,12.28934514069281],[108.03643814974436,12.289251681085112],[108.03563706325156,12.28913056438314],[108.03331009821834,12.288674708396286],[108.03020493405165,12.288289423031465],[108.0290300082476,12.288379069414997],[108.02613846643771,12.288375254361906],[108.02557389191377,12.288452501766441],[108.02503220499398,12.288668032318704],[108.02464310535318,12.289003725316809],[108.0241395657004,12.289537783427168],[108.02319352043583,12.29025208592185],[108.02238480484813,12.290308353016359],[108.02152268248325,12.290225383059132],[108.02033249732183,12.290257808024911],[108.01981369879219,12.29043423823541],[108.01941696970157,12.290686007571267],[108.01919571747509,12.291118021776684],[108.01904312970002,12.291794176808233],[108.01890580075315,12.2932008469658],[108.01891343013232,12.294419642973615],[108.01863877179728,12.296338435099956],[108.01806656780374,12.298392650528085],[108.01752488116983,12.299798366429847],[108.01600663134361,12.30257165115363],[108.01526657989022,12.303176280442333],[108.01493851589325,12.303216335454612],[108.01468674600834,12.3031419489774],[108.01417557643894,12.302488681570127],[108.01291672646347,12.30117737946797],[108.01113144821443,12.299444553979876],[108.00983445055674,12.298660632813144],[108.00508896753483,12.296315547996112],[108.00426499302453,12.296115276715419],[108.00375382396287,12.296223995134355],[108.00342576012845,12.296542522876406],[108.00286118411715,12.297764180287531],[108.00200669159108,12.30004918338441],[108.00178543972585,12.30032479541376],[108.00091568889063,12.302196857865148],[107.99976364990863,12.304037449688837],[107.9993440327462,12.304391262334736],[107.99911515176203,12.304494259729498],[107.99746720174613,12.30472695685005],[107.99668137471778,12.30460774627197],[107.99236313693427,12.302996990821216],[107.98821274657674,12.302016614182982],[107.98770157636282,12.301769612611942],[107.98432175545771,12.29955041272381],[107.98330704528051,12.298961995309702],[107.98129288534858,12.298717855082796],[107.98105637431036,12.29854714685963],[107.98107163302508,12.298325895347238],[107.98123947886012,12.29810464166081],[107.98126999746292,12.297536252229145],[107.98102585614197,12.297332165893884],[107.98020188188362,12.297059414638387],[107.97821060980571,12.296957372078984],[107.97675339474577,12.297082302980865],[107.97615067325823,12.29694592809454],[107.9752580336848,12.297223447016984],[107.97441880091384,12.29703652751559],[107.97377793133855,12.29699647366176],[107.97364060238932,12.297070859349494],[107.97353379140742,12.297309278537245],[107.97356430780614,12.297564863504807],[107.973823708373,12.297951101327536],[107.97375504293201,12.298535703147255],[107.97331253825219,12.29905831704835],[107.97303788001464,12.29962670636793],[107.97289292259738,12.300211308963673],[107.97287003345915,12.30051362440461],[107.97290055163985,12.301290868622969],[107.97335068496905,12.30302846364457],[107.97416703117132,12.304548620119602],[107.97426621375836,12.304971097441953],[107.97431961811482,12.305564283669577],[107.97379319049776,12.307393430585766],[107.9733659449518,12.307937978730468],[107.97270218728845,12.308305143476773],[107.97113053162148,12.31096970969327],[107.96959702358586,12.312425017282127],[107.96887223135059,12.312888502500735],[107.96479813440916,12.314583182221092],[107.96165482368009,12.315600752739186],[107.95987717536885,12.31600415682685],[107.95792976310518,12.316579804087171],[107.95680252925894,12.316913009058881],[107.95597855443252,12.31747949182918],[107.9546586700572,12.317869544074542],[107.95354477800616,12.31811750035403],[107.95281998581996,12.318454147073425],[107.9524079977181,12.318812728114038],[107.95172898188666,12.319735884936145],[107.951210182446,12.320799232356961],[107.95072953182348,12.322347999563984],[107.95044724361455,12.32312524482983],[107.95017258596025,12.323577285751465],[107.94948593959447,12.324301124431996],[107.9489137356479,12.324786544630875],[107.94768540299755,12.325218559868558],[107.94589249467663,12.325523735806582],[107.94509903780055,12.325843215540246],[107.94452683398508,12.326274276412317],[107.94402329425844,12.326732994991124],[107.94363419472243,12.327290893951133],[107.94346634767639,12.327876449461536],[107.94348160670603,12.328502060123142],[107.9436189359198,12.329144837336349],[107.94400040612462,12.3300222173824],[107.94501511510606,12.331526162279197],[107.94525925631969,12.332308175225414],[107.94522873827312,12.333465935401096],[107.94492356248881,12.334234597146473],[107.94398514728086,12.33526838023056],[107.94306961939326,12.335990311588374],[107.94201623346034,12.336594081399147],[107.93931595704053,12.33814180008455],[107.93872086511345,12.338392617747354],[107.93775193106697,12.338701607745639],[107.93604294697312,12.339832665518982],[107.935218971929,12.340856911561607],[107.9337159824129,12.343194368056686],[107.9334871007823,12.344059351024116],[107.93344895384415,12.344926240240246],[107.93350235936381,12.346115472336054],[107.93389908775292,12.347404840595155],[107.93438736842114,12.348319414440725],[107.93441788661129,12.348993661018667],[107.93401352892171,12.350374582220628],[107.93357102401885,12.350859048461274],[107.93282334420034,12.351557138592188],[107.93196122166493,12.352177026022423],[107.93147294061006,12.352700594713701],[107.93121354129823,12.353176477454111],[107.93090836571697,12.354518297437876],[107.93107621154599,12.35539090990901],[107.9316407871722,12.356192949919517],[107.93312089007583,12.357592943769102],[107.93328873738521,12.358288171679554],[107.93321244325608,12.35914457131365],[107.93281571427659,12.360319499022859],[107.9326020914742,12.361176852231864],[107.93265549749806,12.362041834132416],[107.93289963779176,12.362930658826162],[107.93330399550288,12.363756540651822],[107.93383805326584,12.364581468724795],[107.93432633440584,12.365431192820784],[107.93448655277753,12.366010072642567],[107.93456284574988,12.366772058805232],[107.9344636637476,12.36743867655097],[107.93422715250679,12.367851617980026],[107.93369309614086,12.36852586599058],[107.93241135651354,12.369605425248825],[107.93219773412511,12.370102289997295],[107.93206803374494,12.37106931615819],[107.93206803358721,12.371399286849217],[107.93245713426309,12.372248057105548],[107.9326020916485,12.372851733382388],[107.93260972112259,12.373454454972027],[107.93219773384531,12.374328021251303],[107.93176285861972,12.374986056338551],[107.93093125498683,12.375470522019752],[107.92985550990944,12.37583578091893],[107.92916886486437,12.375970248828244],[107.92848984798584,12.376684550275694],[107.92822282021723,12.377200489026153],[107.92802445456692,12.37779176690281],[107.92798630837117,12.378193263637414],[107.92837540824695,12.379465464591874],[107.92838303702007,12.380278949031503],[107.92807023210999,12.380883578840189],[107.92758195133516,12.381272677573673],[107.92713944628797,12.38138330424824],[107.92673508845266,12.381367092272441],[107.92630784251975,12.381168728311629],[107.92559830839993,12.380534534113634],[107.92487351552677,12.380359058260723],[107.92400376437261,12.380336170049105],[107.92182175815849,12.380429629990143],[107.92109696531159,12.380575542540145],[107.92073075413872,12.380773905905496],[107.92037217264233,12.381055240478075],[107.91984574389265,12.38209474546992],[107.9197923390669,12.3828214456326],[107.91986100290157,12.383616809619665],[107.92012040345193,12.384817485302568],[107.92038743150292,12.38572729117725],[107.92101304187865,12.38662088425193],[107.92194382802583,12.387359981106133],[107.92320267827778,12.38771093320678],[107.9243241998673,12.387688998834351],[107.92528550381309,12.387796763973672],[107.92585007823715,12.388074283442368],[107.92610947792805,12.388415699050089],[107.92620865992195,12.388825779376198],[107.92613236671853,12.389164333477156],[107.92595688920042,12.389347438488503],[107.9255525321023,12.38955915389389],[107.92366044245576,12.38991868957748],[107.92073838460784,12.390284900630292],[107.91925828191498,12.390591983261181],[107.91741196809349,12.391142254492276],[107.91680161660348,12.39156473136546],[107.91443650427595,12.394857769849619],[107.91358964164696,12.396412259009523],[107.9127961851548,12.398310071114286],[107.91246049184984,12.399716740037993],[107.91227738607898,12.40085065958278],[107.91239182652356,12.401934033349427],[107.91266648460685,12.402928715706153],[107.91369645327468,12.40452993571511],[107.91460435077735,12.405810719909992],[107.91645829385328,12.40710962475218],[107.91753403918351,12.4076112568379],[107.92160813631075,12.408808117856793],[107.92298142703503,12.409426099297521],[107.92507188137884,12.409807568312162],[107.92610184932813,12.410235768210955],[107.92687241817671,12.411365872226332],[107.92700974784336,12.411938076922937],[107.92682664211394,12.412651424804691],[107.92639176652841,12.413271313047593],[107.92597214941351,12.413627034518507],[107.92513291668696,12.413900738105175],[107.9243394595197,12.41385496197636],[107.92340104377396,12.41364515427289],[107.92214982403608,12.413298970455157],[107.92147080676455,12.413380986239975],[107.92028825037544,12.413854962513694],[107.91921250647809,12.414365178579015],[107.91791550940508,12.414676076561632],[107.91741959836096,12.41484964454417],[107.91698472222453,12.415144330852119],[107.91619889530105,12.41617048383624],[107.91610734265959,12.416648275074731],[107.91616074852756,12.417312986101074],[107.9163667429546,12.417830830707704],[107.91671006498368,12.418280966213732],[107.91719834714566,12.418655760058092],[107.91758744608167,12.418820744898714],[107.91810624409459,12.418878918797581],[107.91868607773065,12.418772107442297],[107.91922776510059,12.418499356622396],[107.9196016057181,12.418192273702708],[107.92063920311392,12.416880017433249],[107.92103593183018,12.41652715723116],[107.9216310252022,12.416246777894143],[107.9220582710256,12.416183836001572],[107.92247788737686,12.416228657365874],[107.92290513350544,12.416380292916315],[107.92317216170677,12.416562443823475],[107.92356126229696,12.417134648805153],[107.92915360790167,12.417029744565362],[107.93099992137472,12.417167073630386],[107.93264787016521,12.41774690741156],[107.93499772404347,12.417063122333442],[107.9363481268926,12.417285328901983],[107.93720261934186,12.41725004245606],[107.94004838305133,12.417683963752953],[107.93975083681485,12.41628778483272],[107.94004838322446,12.413503055712992],[107.93977372486425,12.410350208174695],[107.93979661262848,12.410038356812485],[107.94026200598495,12.408707027578957],[107.94061295784574,12.408643131385402],[107.94133012119623,12.408646946468313],[107.94225327784736,12.40846956204304],[107.94294755270924,12.408558254305879],[107.94374863945136,12.408835773221119],[107.94406907374282,12.40903413692849],[107.94461838975296,12.409070376955528],[107.94552628755,12.40890062339305],[107.94587724104099,12.4086812781326],[107.94607560453741,12.408392314829419],[107.94623582183935,12.407601719042429],[107.9467317330781,12.406161669904396],[107.94714371935966,12.405523661790873],[107.94748704258235,12.405292872821265],[107.94774644159928,12.405182246502527],[107.9482423532214,12.405104999160338],[107.94910447361772,12.405047778442317],[107.94998185516171,12.404871348777256],[107.95020310690728,12.404641512803279],[107.95051591220646,12.403836611482756],[107.95092789979822,12.402075175248525],[107.95108811623889,12.400614146156446],[107.95117966999484,12.400254611213692],[107.95127885196715,12.399978999308104],[107.95137040469123,12.399858836144112],[107.95153825029297,12.399808291240696],[107.95207230881174,12.400018099233922],[107.95246903664695,12.40028894386952],[107.95268266056513,12.400358561594285],[107.95356766966941,12.400336627541328],[107.95380418148144,12.400277499204394],[107.95434586906686,12.399953250099125],[107.95567338263561,12.399389628479648],[107.95632951110456,12.399020556105562],[107.9566499458084,12.399016741285658],[107.95693223246927,12.399229410901931],[107.95714585530669,12.399305705024826],[107.95789353662724,12.399416330825778],[107.95857255253154,12.399397257078402],[107.9592515685011,12.399234178747275],[107.96146409365942,12.398935679342202],[107.96369950576529,12.398002031782147],[107.96440903943993,12.397851350509924],[107.96459977483535,12.397920970184154],[107.96494309773126,12.398131732105416],[107.96547715526773,12.3983539382095],[107.9658738838239,12.398456934858753],[107.96681229848126,12.398506525461151],[107.96884171826544,12.398770692299511],[107.96929185167083,12.398599031781716],[107.96968858101225,12.39831960457372],[107.97007767956872,12.398267152905264],[107.97055070317957,12.398310068427344],[107.97187821727174,12.398319604265167],[107.9722596873184,12.398379686152163],[107.97461717028231,12.399237993200094],[107.97605149593609,12.397126558143903],[107.97686784143698,12.396503809433383],[107.97901170139104,12.395542504646079],[107.98029343925879,12.397519472068675],[107.98091141992002,12.39800489182086],[107.98244492932776,12.398311020759095],[107.98555772256766,12.39758336829746],[107.98639695517325,12.397538545204888],[107.98715989438213,12.398199440781449],[107.98802201672156,12.398584726238093],[107.9891969430992,12.398499849045768],[107.99059312213565,12.398998620621285],[107.99208085476712,12.399842621826757],[107.99234788320796,12.399887444520859],[107.99275224132063,12.399775864417999],[107.99337785189655,12.399331452270857],[107.99352280930631,12.399389626530713],[107.99366776878156,12.400068642484085],[107.99385087321117,12.40055787792661],[107.9943544139631,12.401135804849327],[107.99595658625232,12.402149559737786],[107.99625413329049,12.40247571662482],[107.9963838323941,12.402507187725078],[107.99665849183677,12.402471901399595],[107.99802415287309,12.402522446736777],[107.99949662595665,12.40241468169285],[108.00036637681931,12.402402283190883],[108.00067918304525,12.402835250942285],[108.00113694583227,12.403268219260923],[108.00178544507969,12.40360295945919],[108.00305192422314,12.404160859179939],[108.00513474916853,12.404069305833687],[108.00637833967099,12.40421426396497],[108.00702683907288,12.404372573864462],[108.00846879420577,12.404466033973437],[108.0095521684323,12.40416181177421],[108.0123521560127,12.40407788916359],[108.01271073818944,12.404259086940671],[108.01280228996093,12.404427887275997],[108.01282517946443,12.405155540642781],[108.01311509579192,12.406409623050708],[108.01368730070229,12.408137681292748],[108.0138322593052,12.409262063298483],[108.01482408045014,12.409575820911849],[108.01750962706656,12.410033584862376],[108.01873795938121,12.410324455552663],[108.02016465678643,12.410392166724636],[108.02079789683297,12.410498023379592],[108.02106492550413,12.410587669467727],[108.02132432482615,12.410784126808045],[108.02143113628928,12.411030175103388],[108.0215226885586,12.411744476680644],[108.02177445846448,12.412092567574911],[108.02177445902782,12.412331939501481],[108.02161424197325,12.41260850549774],[108.02132432460276,12.412783982035494],[108.020553755404,12.412931800933194],[108.02033250348296,12.41309774052903],[108.02024857979615,12.413364769358314],[108.02017991602374,12.414346100044016],[108.02020280371454,12.414845826303075],[108.02031724513539,12.415150048198617],[108.02043931448549,12.415841461814953],[108.02059190306625,12.416186692222974],[108.02091233824501,12.415995957382147],[108.02156083619502,12.41595685557518],[108.02260606265409,12.416249633981728],[108.02331559677766,12.416346908664332],[108.02430741841609,12.416395545746528],[108.02539842206224,12.416069389607712],[108.02584855562357,12.416063667696912],[108.02620713822357,12.416122796116168],[108.0264207609641,12.41627824361984],[108.02664201282091,12.416556716343225],[108.02680986026444,12.417258621688713],[108.02725236492685,12.418468833549836],[108.02749650506446,12.418649078711905],[108.02782456908717,12.418649078449185],[108.02840440348817,12.418400170006992],[108.02896134927072,12.417980552789592],[108.02949540717715,12.41771733840584],[108.02995317032617,12.417668701851392],[108.03041856290844,12.41771733850744],[108.03102891473243,12.418058753914606],[108.03143327341363,12.418585182542445],[108.03191392557031,12.419329048689622],[108.03205125413737,12.419454933208309],[108.0322725062908,12.419541717543243],[108.0326082003469,12.419565559626689],[108.03297441113958,12.419424415308285],[108.03384416226959,12.418315292392448],[108.0342561492009,12.417633415464994],[108.03443162476991,12.416283966117122],[108.03455369488064,12.415825248586147],[108.03479783624415,12.415317893379363],[108.03504960616345,12.415108085761975],[108.03527085815219,12.41500604264661],[108.03544633452108,12.414981246328358],[108.03562181041988,12.41504514329105],[108.03588121042428,12.415225387278367],[108.03614823936488,12.415513397232074],[108.0366136323486,12.415851951173371],[108.03702561911197,12.415977835870345],[108.0375673062485,12.416017890221488],[108.0380326992672,12.416157126951903],[108.038421798663,12.416355491291158],[108.03892533793307,12.416798950610355],[108.03927629028705,12.416872383573054],[108.03991716007688,12.416739822118377],[108.0405198826014,12.416445136580363],[108.04106156918719,12.416137100032477],[108.04212205533582,12.415233015971227],[108.04234330683042,12.415113806895592],[108.0426027059163,12.415054678549515],[108.04321305820943,12.415117622353392],[108.04389970471667,12.415256857904335],[108.04438035571665,12.415455223120203],[108.04605119352078,12.416389823325988],[108.04722612060294,12.416681648195345],[108.0480958716381,12.416632056562603],[108.04869096316851,12.416761755996287],[108.04999559037763,12.416702628855306],[108.05032365419282,12.416795134481667],[108.05076615937887,12.41716134553398],[108.05120866375192,12.418028236077623],[108.05150621058824,12.418342947567696],[108.0516511684542,12.418612837823447],[108.05165116872558,12.418925643168794],[108.05153672760706,12.419079184723927],[108.05114762827331,12.419205069361318],[108.05085008272125,12.419218421088713],[108.05068223580521,12.419309019816275],[108.05050675984252,12.419647574948625],[108.05050675994256,12.420070053015548],[108.05102555902587,12.421006560418451],[108.05186479219407,12.421877264703364],[108.05194871604105,12.422037483074606],[108.05205552682051,12.422313094540696],[108.05199449181386,12.422960639159442],[108.052025010185,12.423484206897637],[108.05220811515065,12.423861861558935],[108.05302445992005,12.424636245257803],[108.0531236428495,12.42480790720834],[108.0531694188422,12.425000548948214],[108.05307023718122,12.42523896726301],[108.05281846726946,12.425618530210466],[108.0527040259471,12.42601430509236],[108.05277268964737,12.426271796967805],[108.05297105529239,12.426476836858951],[108.05326860075874,12.426695228397543],[108.05361192424246,12.42675531038371],[108.05426805220972,12.426760077488481],[108.05509202589052,12.426696182240928],[108.05540483146913,12.426770568254799],[108.05573289513576,12.42705953201262],[108.05633561860701,12.427338005231288],[108.05709092801112,12.427334190091635],[108.05731981027017,12.427417159030712],[108.05751817400137,12.427576422830489],[108.05778520355233,12.428017973626725],[108.05796830867585,12.428498625592827],[108.05806749047782,12.42913568073753],[108.05824296646139,12.429317831526316],[108.05849473636525,12.429381728902342],[108.05867021272763,12.4292682405359],[108.05883805955933,12.428927779426607],[108.05895250007856,12.428285956925723],[108.05912034751388,12.427901625416428],[108.05931871105481,12.427618384457714],[108.05989091507843,12.427263617566217],[108.06032579086725,12.427163481888629],[108.06079118463781,12.427224516260083],[108.06107347212284,12.42736470699298],[108.06192796396427,12.428098082810482],[108.06266038652153,12.428538679373506],[108.06298845070503,12.4288686517853],[108.06335466159872,12.428947806426361],[108.06354539574305,12.428920149351663],[108.06371324198471,12.42880094088435],[108.06385057142028,12.428595900477879],[108.06403367757449,12.428082823362425],[108.06422441278296,12.427804350523127],[108.06465165871664,12.427367567578585],[108.06578843772455,12.426986098562878],[108.06609361352173,12.426781057974148],[108.06662004127631,12.425934194912827],[108.06706254666523,12.425626158300727],[108.06743638754062,12.425292372132828],[108.06768052764723,12.425014853528078],[108.06803910951237,12.424910902391277],[108.06834428521456,12.424931883668648],[108.0686036839336,12.425073027414307],[108.06894700701822,12.425433516230294],[108.06944291744348,12.42580640313502],[108.0700685284231,12.426432967631774],[108.07088487346755,12.426885008462781],[108.07169358984355,12.42760407898418],[108.07283799875549,12.428520560281932],[108.07328050380914,12.428923963926389],[108.07434098965251,12.430331587495896],[108.0746232768678,12.43051183172694],[108.07490556443456,12.430578589079254],[108.07539384612619,12.430651067858946],[108.07611863906526,12.43085610830191],[108.07646959097833,12.43089234811713],[108.07762925890808,12.430631994698022],[108.07827012817722,12.430778859971454],[108.07866685581361,12.430816053617706],[108.07896440325925,12.430713056995742],[108.0792161727949,12.430496573094588],[108.07964341875461,12.42956578666748],[108.0797807477875,12.429381727931805],[108.08002488844099,12.429238675468387],[108.08033769374863,12.429224370832449],[108.08071153373213,12.429305433500941],[108.08094041543366,12.429415105779158],[108.08109300348544,12.429583906515088],[108.08119218627223,12.430221914640843],[108.08111589167906,12.431021093469361],[108.0813524032985,12.431655286938902],[108.08169572637232,12.432044385950794],[108.08204667825541,12.432187437316324],[108.08237474196223,12.432263730463205],[108.08264177074169,12.432205557166833],[108.08289354058054,12.432036756486738],[108.08316056963754,12.431692479968975],[108.08352678066828,12.430544256701774],[108.08367173866561,12.430349706776457],[108.08425157258078,12.429804204656337],[108.08492296028005,12.429484723599291],[108.08628099223249,12.42906415333473],[108.0886766222422,12.42852055967346],[108.08912675551824,12.428531049829287],[108.0894929672556,12.428612111764508],[108.09008043063871,12.428897260019848],[108.09063737627355,12.429501890770858],[108.09106462284991,12.430450795169037],[108.09175889681711,12.430931447568897],[108.09217088498883,12.431019184996877],[108.0924455430561,12.431019185503713],[108.09293382407411,12.430913328322523],[108.09330003495224,12.430629133701798],[108.09376542814948,12.430137037485828],[108.0948106549244,12.42880952252652],[108.09550493002114,12.427999853009148],[108.09609239432578,12.4276098002059],[108.09668748638038,12.427446720610893],[108.09812944253935,12.427281735501943],[108.0986634986992,12.427036640669183],[108.09897630472358,12.42674481682006],[108.09921281578498,12.42639386495854],[108.09932725672569,12.426096318517807],[108.0991212627973,12.42447316464265],[108.09915178135455,12.423478482888335],[108.09935777405362,12.422339794868133],[108.09990709042314,12.42083394317358],[108.10033433646207,12.419426319891135],[108.10047929485255,12.419097302679873],[108.10067765968051,12.41896092673787],[108.10087602348685,12.418896076744018],[108.10113542294562,12.418874142395742],[108.10166185186608,12.419085858099988],[108.10314958240187,12.419955609028266],[108.10347001804061,12.420020459316154],[108.10370652907027,12.420012829654826],[108.10396592913766,12.419940350320271],[108.10423295716372,12.419759152029895],[108.10451524463268,12.419482586753826],[108.10637681671523,12.417405484117872],[108.1066438453314,12.417197583132406],[108.10686509853137,12.417137501202822],[108.10709397982271,12.417151806242492],[108.10726182682203,12.417222378386892],[108.10737626799569,12.417404529865308],[108.10744493260508,12.417832730031797],[108.10742967357774,12.420164463460464],[108.10758989075576,12.420497296511591],[108.10787980826801,12.420714732947385],[108.10823839002916,12.420774815136163],[108.10857408258026,12.420704243509036],[108.10889451804593,12.420482991531623],[108.10932176366376,12.419416782916503],[108.10943620462211,12.418669102374924],[108.1098253034447,12.417009709243478],[108.11048906062501,12.415660259986394],[108.11120622413482,12.414656039601178],[108.11148088193274,12.414347049737021],[108.1117784283234,12.414199230162678],[108.11232011602554,12.414199230147961],[108.11267106769587,12.414319393133809],[108.11336534238048,12.414623615849663],[108.11524980318748,12.415581104234914],[108.11611192463839,12.416069385412737],[108.11820237866685,12.417550441520714],[108.11875932523937,12.417797443943433],[108.11944597042722,12.417756435750245],[108.12061326765496,12.41733872568612],[108.121803453279,12.417237636226522],[108.12229936407176,12.417305347662277],[108.12306230353354,12.417511340184232],[108.12478654629763,12.418371555182528],[108.12533586287675,12.418795940787804],[108.12560289233039,12.419068691552141],[108.1257554796463,12.419381496743757],[108.12579362585764,12.419583675511763],[108.12562577999087,12.420093890383775],[108.1251146105445,12.420918819810062],[108.1249925407359,12.42146432019662],[108.12514512809976,12.422273036568244],[108.12558000329552,12.423484203676471],[108.12601487951989,12.424159404955208],[108.12600724912134,12.424745914383042],[108.12567918651476,12.42536580253509],[108.12515275757389,12.425917980042287],[108.12390916654383,12.426901218472278],[108.12381761341624,12.427096721882476],[108.12384050147053,12.427353259913396],[108.12404649533013,12.42754876375774],[108.1243211536861,12.42762696460422],[108.12485521161139,12.42759358553697],[108.12552659898786,12.427224514005577],[108.12609117333123,12.426560756413128],[108.12686174264748,12.42499196227402],[108.12717454752988,12.424109813227698],[108.12751787052403,12.422941562659778],[108.12792222756553,12.422010776553435],[108.12815110933153,12.421742793011832],[108.12854020866119,12.421519634696757],[108.1289293088344,12.421447153979704],[108.12928788927158,12.421558734025185],[108.12976854113607,12.422189112990118],[108.12999742344104,12.423417445185041],[108.1299058709437,12.424087878363743],[108.12969987668018,12.425013896233835],[108.12938707196125,12.425874110429648],[108.12845628588653,12.427914973522409],[108.12839525091458,12.428408023928109],[108.12821977495499,12.42861783191778],[108.12771623496945,12.428737994704399],[108.1268541124308,12.428542491495225],[108.12656419569453,12.42851960381964],[108.12643449701956,12.428681728667652],[108.12628190880841,12.429049846682252],[108.12636583182352,12.429826137619417],[108.12673204278832,12.430608150873798],[108.1269838128949,12.430987713217718],[108.12735002393389,12.431338665035474],[108.12773149427751,12.4315179560837],[108.12840288010852,12.431584712909125],[108.12890642030136,12.431578990699125],[108.12930314939341,12.431484576588085],[108.12972276580736,12.431266185727214],[108.13039415201148,12.43075310854435],[108.13079088049707,12.430373546301642],[108.13156145000912,12.429362651502776],[108.13204973074005,12.428123828120723],[108.13223283581705,12.427867290629308],[108.1324083121668,12.427793857742522],[108.13260667692431,12.427744266250105],[108.1347657944711,12.427715655884285],[108.13607805091969,12.427531595962156],[108.13629167385905,12.427593585197803],[108.13643663325212,12.427754755775888],[108.13642900290743,12.427961704239465],[108.13632219194787,12.428196307031387],[108.13557451098737,12.429010745453454],[108.13365953320903,12.43086468809178],[108.133026292628,12.431746837311865],[108.13295762881695,12.432259914377719],[108.13311021712829,12.432868358340313],[108.13346879842294,12.433533069675981],[108.1337434571862,12.433806773364434],[108.13439195482994,12.434035655694045],[108.13509385886714,12.434007045125442],[108.13723009024365,12.433136340664907],[108.13888566808986,12.432572719659873],[108.13988511958506,12.432171222150437],[108.1405336182227,12.431534167878144],[108.14083116416055,12.430847522438468],[108.14082353538016,12.430205699321927],[108.1404496941643,12.428709383897813],[108.13975541937566,12.428558703932353],[108.13953416682064,12.428441402362322],[108.13942735469416,12.428218241728356],[108.1394197264599,12.42799508175516],[108.1395952017438,12.427632686078182],[108.13976304870036,12.427486773921775],[108.13998430074268,12.427409525981838],[108.14071672289762,12.427554485179087],[108.14135759231006,12.428246851837322],[108.14170854373629,12.429016466687072],[108.14192979718767,12.429988261047207],[108.14225023145815,12.432220812998857],[108.14243333767205,12.432879802568452],[108.14259355450598,12.433069582800067],[108.14280717688047,12.433130618224286],[108.14302843067372,12.43306958353113],[108.1432954579237,12.43279015731507],[108.14361589287918,12.432277080007317],[108.14381425760976,12.432171222211508],[108.14402788063055,12.432210323238433],[108.14456193807669,12.432478304658188],[108.14534013592541,12.432711954778481],[108.14566057158731,12.432695742615428],[108.14597337656406,12.432578441322894],[108.14730089093322,12.431702013536636],[108.14792650106016,12.431484575941436],[108.14905565113145,12.431244250569405],[108.14974992677479,12.430853243395436],[108.15016191434567,12.430434580281862],[108.15061204791704,12.429479952727249],[108.15097062945622,12.428943987417115],[108.15154283456872,12.428509112733899],[108.15234392056679,12.428358431232894],[108.15309160147436,12.42843091034054],[108.15496080323678,12.428843850998616],[108.15606706559672,12.42923962671743],[108.15699022230596,12.429513331621319],[108.15875261245773,12.4305690482817],[108.1598130982234,12.430954333381308],[108.1604387089331,12.431377764560748],[108.16087358380513,12.43189370206172],[108.16098802515788,12.432416315638298],[108.1609346195943,12.432829256138787],[108.16078966062938,12.433203096927546],[108.16049974365916,12.433577891303292],[108.15895860609727,12.434984560392147],[108.15845506624419,12.435562487776721],[108.15834062527946,12.436290140698206],[108.15848558393694,12.437521334577804],[108.15897386509891,12.438640948528363],[108.15937822273355,12.439277048438994],[108.1597520627112,12.439533587444584],[108.16025560375739,12.439533588062647],[108.16111772509505,12.439339037841158],[108.16168993049627,12.439294214869788],[108.16206377005143,12.439321871782644],[108.16246049912858,12.43940007275081],[108.16283433892127,12.439578409357136],[108.16352098423108,12.44010293063421],[108.16383378970139,12.440605517642362],[108.16403978327446,12.441450472461433],[108.16407793011815,12.442131396197327],[108.16390245413282,12.443557139390178],[108.16355150243513,12.445540781812486],[108.16355913098575,12.44590317746294],[108.16364305586559,12.446143503649147],[108.16387193723948,12.446450587814368],[108.1643144411405,12.446869250682743],[108.1662294200483,12.448549624976325],[108.16776292897235,12.450140353134968],[108.16877763789786,12.451936121596896],[108.16977708885375,12.453830118955615],[108.17029588807485,12.454997416551057],[108.17042558688256,12.4553931918119],[108.17041795836047,12.455723162497991],[108.17028825825538,12.456130381713931],[108.16995256474566,12.45673882623368],[108.16924303140364,12.457626696811344],[108.16820543400165,12.45999371626748],[108.16780107617289,12.461690303584918],[108.16773241172066,12.462566730172005],[108.16778581743752,12.46321999719527],[108.16793077568238,12.463515636526576],[108.16905992641753,12.4647887910113],[108.17123430351785,12.46678101765601],[108.17212694270594,12.467512484825923],[108.17266100068196,12.467864391116096],[108.17321031630831,12.468048450578905],[108.17382066855684,12.468081828562143],[108.17604845200106,12.467797633167693],[108.17639940394542,12.467803354802625],[108.17712419668217,12.467998859066864],[108.17756670133718,12.46821057381382],[108.17776506582284,12.468366976625603],[108.17812364827158,12.468785639950202],[108.1784974877528,12.469343539463958],[108.17858904049254,12.469617243662784],[108.17860429864406,12.469879504105046],[108.17855852280354,12.470136043181878],[108.17847460014363,12.470315334205383],[108.17769640077398,12.470867511172886],[108.17638414551487,12.471616145241017],[108.17497270812058,12.472213145518142],[108.17466753238506,12.472424861187687],[108.17453020282296,12.472648975401507],[108.1744996847994,12.47290551380845],[108.1745759793124,12.473189708768803],[108.17509477820744,12.474155780859286],[108.1767045805803,12.47607075822185],[108.1772538975787,12.476918575657391],[108.1774141145467,12.477298137128624],[108.1775361841155,12.477742549852467],[108.17763536627427,12.478797313886563],[108.17758959020324,12.479821559663849],[108.17768114381923,12.480265971237701],[108.17814653664941,12.481516238811714],[108.17861955887138,12.482205745663189],[108.1788255527648,12.482592937598794],[108.17989366719992,12.482387897720157],[108.18013017832229,12.482055064954768],[108.18017595544964,12.481658336089643],[108.18038194855217,12.481373187790714],[108.18055742436891,12.481277820382445],[108.18151109936633,12.481547710345556],[108.1827928379859,12.48145234248425],[108.18288439078495,12.481214876917454],[108.18260210277,12.4807237352484],[108.1825258082235,12.480327007769764],[108.18233507346353,12.479978915285862],[108.18231981585195,12.479631777961519],[108.18262499000922,12.479085323365545],[108.18256395554064,12.478577968116959],[108.18232744428337,12.477955219017023],[108.18231218503881,12.477575656095448],[108.18251817899593,12.477280017110147],[108.18296831342376,12.477174159021772],[108.18309038351818,12.47701584943416],[108.18308275466856,12.47625577137769],[108.18331163653421,12.476097461097897],[108.18387621168422,12.476024028286519],[108.18452471063408,12.476603862347423],[108.18500536155815,12.476540920271079],[108.18551653132975,12.476203318658078],[108.18598192450854,12.475695964003712],[108.18623369412072,12.475622531388495],[108.18682115711717,12.47593915122505],[108.18737810309351,12.476097460826683],[108.1877900908474,12.476128932273754],[108.18836992398099,12.476498958251504],[108.18976610487444,12.476509447834612],[108.1904680089077,12.476857538968549],[108.19110124838508,12.47678410562178],[108.19173448774077,12.47658288084107],[108.1923143213827,12.476593371356376],[108.19262712796075,12.47669922839585],[108.19290178526362,12.476889010884973],[108.19368761281488,12.478022928402567],[108.19393175363061,12.478292818472577],[108.1939775294562,12.478857394176467],[108.19396227185281,12.479287501510647],[108.19416063605848,12.479620334214374],[108.19487016962206,12.480136272049853],[108.1951448281254,12.480439540123887],[108.19526689739607,12.480833407495222],[108.19550340868601,12.48110615749342],[108.19596117241815,12.481318827743742],[108.19671648329816,12.481470461829913],[108.19740312767993,12.48151528485022],[108.19794481593766,12.482137079937658],[108.1981126616196,12.482425089951873],[108.19847887316386,12.482455607395362],[108.19952409962482,12.481743212207302],[108.19960039383524,12.481515284543086],[108.19960039397483,12.481121416916212],[108.19978350022588,12.480756159127436],[108.20006578712055,12.480677958543655],[108.2002336336084,12.480666514274562],[108.20071428553197,12.480857248449626],[108.20112627252966,12.480711336549534],[108.20153063094855,12.480677958406368],[108.20177477181404,12.48080098204585],[108.2018739539665,12.48091351513458],[108.20179003035778,12.481183405761017],[108.20196550553808,12.481352205908626],[108.20277422156688,12.481701250060768],[108.20304888019969,12.481780405872467],[108.2032930212101,12.482184763691109],[108.20368974966499,12.482353563141318],[108.20409410747094,12.482365008757036],[108.20442980085424,12.48215138533676],[108.2048951944561,12.481701249941134],[108.20551317473475,12.481543894476042],[108.20651262628556,12.481352205226727],[108.20743578178563,12.481442805014309],[108.2078935461871,12.481172915601618],[108.2080613927599,12.479743356906658],[108.20817583359924,12.479248400257758],[108.20843523340264,12.478922242720675],[108.20979326485337,12.478123063809099],[108.21118944379936,12.477040644168717],[108.21271532256735,12.475984925453265],[108.21391313826994,12.475059861535707],[108.21457689565105,12.474954957501946],[108.21510332374865,12.475111360521959],[108.21550768197153,12.474772805724212],[108.21598833366038,12.473729486547745],[108.21692674866716,12.473001832324567],[108.21729295988402,12.472608918824323],[108.21759813563864,12.47192131959571],[108.21787279388018,12.471570367260815],[108.21983354790535,12.470474595433856],[108.22019975863559,12.469744080853468],[108.22032182989595,12.468876236775058],[108.22035234683109,12.46825062733777],[108.22043627099336,12.467787141300798],[108.22027605287411,12.46706425574453],[108.22035234668036,12.46663796312651],[108.22088640466097,12.466104858723247],[108.22145860879637,12.465191238540754],[108.22175615586237,12.464787834991494],[108.22407549179115,12.466592186668498],[108.2244569619941,12.46711480109069],[108.22466295519561,12.467587822930927],[108.22494524246993,12.469375961832421],[108.22523515990615,12.470086449840784],[108.2260896518907,12.471637123702381],[108.2264787513794,12.47258412268791],[108.22677629682207,12.47347390098644],[108.22704332630026,12.473858232426045],[108.22801988877866,12.474975938440833],[108.2285844643459,12.475856178933135],[108.22889726903324,12.476403587844672],[108.22916429794034,12.477259987684807],[108.22924059229038,12.476785057659237],[108.22945421559656,12.47600018427229],[108.22958391502627,12.47509800764432],[108.22982805523004,12.474429483351111],[108.23030870676949,12.473764772200846],[108.23097246407681,12.47304188562624],[108.2313615639759,12.472318047747207],[108.23172014523341,12.472000474076571],[108.2326433025589,12.471427315407945],[108.23335283605387,12.471433992043046],[108.23416155099767,12.471122139457993],[108.23487871414116,12.470400208814825],[108.2354509187033,12.469560974211523],[108.23581712978884,12.468864792038477],[108.23641222274576,12.468229645235214],[108.24143999417679,12.465525977610683],[108.2432176428226,12.46712910484121],[108.24452226944983,12.468185775636057],[108.24567430795824,12.469009750032978],[108.24667375882012,12.469657294571629],[108.24716966904667,12.469923370267608],[108.24771898582632,12.47010266082919],[108.24797838510197,12.4701055218267],[108.24839037245935,12.469993942015826],[108.24958055837295,12.469349259241383],[108.25060289729062,12.46885716318346],[108.25128191374088,12.468632094350317],[108.25178545346215,12.468618743562402],[108.25303667351622,12.46788059920472],[108.25375383701729,12.467559211645138],[108.25831621418254,12.466501586351958],[108.25922411220671,12.46639382153079],[108.26257341741115,12.466497771388326],[108.26552599223561,12.466269843129345],[108.26664751401351,12.466350905279779],[108.26748674733496,12.466336599572672],[108.2683717564956,12.466181150912652],[108.26940935433821,12.465650909029188],[108.27072923979618,12.464748732843784],[108.2737886277617,12.461993567367703],[108.27423876128181,12.46156632058172],[108.27565019983483,12.45925556820091],[108.27641313881743,12.457103124662131],[108.27680223732985,12.45656620581879],[108.27940386149844,12.454690328797415],[108.28129595159932,12.454521527753007],[108.28283708877937,12.45425545230653],[108.28396623984457,12.453515402034528],[108.2855989289707,12.452874532298566],[108.2863008341716,12.452041974724755],[108.28657549268144,12.45131050654162],[108.28694170326384,12.45070301513691],[108.28723162016412,12.450424542320206],[108.28799455896574,12.450221410126183],[108.2947542033386,12.449231496176607],[108.29808824809251,12.448561063140506],[108.29852312427786,12.448259701944902],[108.29906481185438,12.44727837048086],[108.29919451024526,12.446222652973614],[108.29917925253288,12.44511925122519],[108.2989656279163,12.444741596861798],[108.29773729660255,12.443812717141629],[108.2963334871983,12.443000187876896],[108.29597490596058,12.442621578383456],[108.2956926183386,12.442077984881918],[108.29546373622108,12.441136707457403],[108.2955324010768,12.43904720727394],[108.29620378772154,12.434497227347732],[108.29656999852337,12.433468211939003],[108.29691332100946,12.432836880518279],[108.29753893205798,12.432279933691103],[108.29830950090525,12.431817402270616],[108.29898851713189,12.431565631662288],[108.29998796716423,12.431529392136209],[108.30065935405607,12.43162952820068],[108.30127733498989,12.431964267632026],[108.30208605070364,12.432771076146649],[108.30253618509849,12.433127749966784],[108.30554216734545,12.434378970572984],[108.30632036522697,12.434810031799485],[108.30776995030904,12.436022152056994],[108.3082734903628,12.436190951685068],[108.3089906530761,12.436151851971594],[108.31043260785457,12.43560253498808],[108.3109819248179,12.435560572423327],[108.31184404582388,12.43561588632882],[108.31251543292035,12.4358810073572],[108.31372087784044,12.436879504941574],[108.31469744061091,12.437218058265808],[108.31620043157741,12.437631953243477],[108.31737535710937,12.438020099322975],[108.31935137150573,12.43897854118117],[108.32073229174485,12.439320910476557],[108.32188433058882,12.439285624469179],[108.32274645190998,12.439153064263971],[108.323150809811,12.4390166877777],[108.32438677141118,12.438019145551456],[108.32493608760103,12.437906610909002],[108.32605760903229,12.438011515372697],[108.32825487508312,12.438902247362538],[108.3291169970649,12.439075815726513],[108.32992571259096,12.439012873851603],[108.3307725748757,12.438668596431684],[108.336830314891,12.435722696324524],[108.33989733042732,12.434931146131559],[108.33979052019875,12.434596407014629],[108.3397828899249,12.434405672473325],[108.33991258993423,12.434020387002674],[108.340187247258,12.433635102895753],[108.34121721615438,12.4330819722787],[108.3422090381656,12.432767259235805],[108.34260576544673,12.432381020786652],[108.34301012351068,12.432242738830604],[108.34321611780155,12.432250368328795],[108.34365862270626,12.432585107651892],[108.34402483339795,12.432697641157846],[108.34445207978138,12.432676660358926],[108.34478014363,12.432529794576833],[108.34516924246527,12.431984293006657],[108.34534471844611,12.431394921813562],[108.34601610521233,12.42848240066705],[108.34639757459502,12.427607880978291],[108.34663408680895,12.426879273458551],[108.34664934408785,12.426654206776263],[108.34660356879043,12.426081048809072],[108.34664934458773,12.425787316777186],[108.34690874438716,12.425282822177827],[108.34722154945175,12.424814568786338],[108.34871691070616,12.424002038670192],[108.34915941523701,12.423568116617783],[108.34954088520801,12.423295365685084],[108.35072344150673,12.423350678444091],[108.3513871986249,12.423463212384487],[108.35185259103291,12.423405037787244],[108.35311907113952,12.423126565577135],[108.35363024076148,12.423140870531872],[108.35389726926545,12.423385964135182],[108.35421007426241,12.42389713434564],[108.35472887320032,12.42445694042317],[108.35498064401453,12.424653397218318],[108.35658281681066,12.425360070283814],[108.35697191577755,12.425441131852118],[108.35726183242946,12.425329551949027],[108.35749071457886,12.424973832405854],[108.35774248485716,12.424406396016083],[108.35802477246885,12.424274788654335],[108.35852068294652,12.424253807933475],[108.36032884978702,12.424700126655488],[108.3614198526282,12.42443691251771],[108.36222094009277,12.424010620445962],[108.36252611498817,12.423645364112197],[108.36468523367905,12.422479019572327],[108.36508196250674,12.42180954026486],[108.36532610265668,12.421089515735781],[108.36542528421836,12.420491562492536],[108.36574571948805,12.42017684952643],[108.3664399942955,12.419872627192051],[108.36748522170085,12.419953689711775],[108.3681794966427,12.419629439914614],[108.36866014879094,12.419213637909069],[108.36888903001892,12.418523178251842],[108.36923235232871,12.418218956384159],[108.37071245536123,12.417874679058693],[108.37446611751838,12.418625221137278],[108.37545793903362,12.418463096103595],[108.37652605334796,12.418533667549447],[108.37790697518561,12.419294700161164],[108.37938707707588,12.419376715858775],[108.3803712691929,12.41966186471286],[108.38084429225792,12.419947013662547],[108.38119524374197,12.419852599828179],[108.38166826603337,12.419186934615517],[108.38179796619964,12.417760237774745],[108.38193529441148,12.416806563741774],[108.38211077075746,12.416211470564003],[108.38246172319262,12.415309294329846],[108.38380449656749,12.414295539336178],[108.38486498256685,12.412886962664407],[108.38640611922972,12.411081655872191],[108.38702410017834,12.410178527285215],[108.38794725715896,12.409694059637825],[108.38919847891196,12.409143789572033],[108.38986223530958,12.408570631779366],[108.39045732831282,12.408174856833936],[108.3913347088408,12.408109052590746],[108.39217394142305,12.408130987697643],[108.3932115397338,12.408548696531664],[108.39421861947432,12.408460959074636],[108.39521044155146,12.408460958236999],[108.3963319628402,12.408989294865817],[108.39833849303255,12.409848554232283],[108.39895647394117,12.40998016180752],[108.39978807791348,12.409407957500918],[108.4015504679876,12.408482892939794],[108.40402239212095,12.407360418407938],[108.40531938889882,12.407315595201172],[108.40686052651066,12.406016690837335],[108.40991991388532,12.40330825581326],[108.41163652745246,12.402471882896249],[108.41575640059702,12.403264386238536],[108.41861742443302,12.403770787022765],[108.42156237046687,12.404588086692694],[108.42299669664379,12.405134540950977],[108.42344683125239,12.405437809827765],[108.42400377628017,12.406061513268956],[108.42443865261272,12.406194073058472],[108.42567461408616,12.406312328756428],[108.43064897933897,12.407711368751022],[108.43357866742491,12.409651143009164],[108.43418901884603,12.409379344878745],[108.43540209246198,12.408089977674884],[108.44408434310179,12.402044635225343],[108.44558733486768,12.40158401085217],[108.44631212667913,12.40066180780601],[108.44665544945086,12.39981303696658],[108.44690721975819,12.398730616992589],[108.44761675320106,12.397808413641034],[108.45074480477913,12.395634989900389],[108.4521409832679,12.394494395405111],[108.45451372513922,12.392788271213009],[108.4556962815248,12.391823152836487],[108.45648973850709,12.390441278912427],[108.45664232645035,12.388257365134685],[108.45664995604282,12.387280801520292],[108.4567643974708,12.386147836999065],[108.45751207702503,12.384832719493756],[108.45814531660035,12.38418803545092],[108.45932787260874,12.383460382825437],[108.4604417652406,12.382702211547766],[108.46087663974575,12.381937364384077],[108.46099108063493,12.380681375335936],[108.46076219920877,12.379437784264713],[108.4611589275546,12.3784946001983],[108.46118944456073,12.37742648570192],[108.46127336852341,12.377227167027335],[108.46163194961031,12.376902917081722],[108.46254747813683,12.376554826109532],[108.46337908189003,12.375964501965148],[108.46390551012588,12.375651696863073],[108.46434038466599,12.375519135682792],[108.46546953584998,12.375700333955898],[108.46750658367911,12.376588204838274],[108.46794146018566,12.376550057624629],[108.4681703409897,12.376298288012658],[108.46852892263763,12.375316956664394],[108.46861284598222,12.374201157689152],[108.46893328096347,12.373630860399825],[108.46989458465863,12.372917511551186],[108.4707490768503,12.370941498465408],[108.47096269922386,12.37005267414982],[108.47126787537303,12.367287018720203],[108.4715196455712,12.366386750709058],[108.47190874475059,12.365772583250394],[108.47335069909686,12.364505149900912],[108.47374742853117,12.364035942572311],[108.4743806678822,12.361957886280653],[108.47491472483024,12.359627105691846],[108.47521227213046,12.359007217741391],[108.47579973506,12.357990600710792],[108.47582262307021,12.357107499204734],[108.47532671213932,12.356061317557563],[108.47547930039116,12.355182029290468],[108.47572344129784,12.354741432950465],[108.47609728131226,12.353245117659226],[108.4766618569306,12.352753974977258],[108.47666948574557,12.352369644356237],[108.47636431007882,12.352147437629759],[108.47624986920034,12.352011062778718],[108.47612017022092,12.351671554196287],[108.47624223993282,12.351461746668955],[108.47649400980177,12.351273872598492],[108.47676866801929,12.35121665136489],[108.4768602207654,12.35121855920821],[108.47706621406807,12.351337768811897],[108.47745531402211,12.351400710538915],[108.47779100727786,12.351315833143707],[108.47821062406571,12.35128913154406],[108.47873705157328,12.351442672094304],[108.47898882148608,12.351651526954214],[108.47928636779729,12.351743079322818],[108.47964494952303,12.351835586165901],[108.47983568458187,12.351765968361986],[108.48001116131516,12.351513244010858],[108.47998827286803,12.350981094422107],[108.47985094290853,12.350734092634742],[108.47988908990985,12.350586273277868],[108.48014085970313,12.350246763867464],[108.48020189607077,12.349802352152073],[108.48010271257611,12.349399902491541],[108.48026293068929,12.348982191811187],[108.48071306517195,12.34890303750394],[108.4815522978277,12.348674156311933],[108.48173540362671,12.348469115789309],[108.4817659204564,12.348351813986921],[108.48175829205746,12.347629882239863],[108.48220079655451,12.346847868991691],[108.48258989543949,12.34640059568941],[108.48262804253991,12.346201277633961],[108.48212450251967,12.34557662107446],[108.48210161508513,12.345199920306259],[108.4821779087714,12.344909049198801],[108.48274248379278,12.344309188117418],[108.48389452252964,12.342605925535754],[108.48428362116435,12.341282226078842],[108.48481767834419,12.340603209706098],[108.48530596061619,12.339721060138649],[108.48561113509352,12.339249945272895],[108.48574846468077,12.339114523189348],[108.48589342365416,12.339076376359762],[108.48603838116918,12.339111662660942],[108.48626726370411,12.339250899515894],[108.48669450945455,12.339331961709613],[108.48721330856357,12.339225149345133],[108.4876558139133,12.33907828421734],[108.48761003777578,12.338768339582808],[108.4876787014867,12.338414526564016],[108.48815172446568,12.337859487954091],[108.48822801867179,12.337616301503886],[108.48819750056435,12.337438917331285],[108.48818431493767,12.337432384928434],[108.48799150637007,12.33733687477606],[108.48786943620448,12.337224341013028],[108.4877855131717,12.3370984562738],[108.48780077217363,12.337038373973861],[108.48842638207302,12.33652815867934],[108.4885179352745,12.336355543583833],[108.48845689933444,12.336088515292552],[108.49234789126055,12.334925032344703],[108.49477403840447,12.333509778760169],[108.49540727876028,12.333243704096496],[108.4960405183332,12.333094930625066],[108.49774187294848,12.333071088732744],[108.49849718368242,12.33288416895812],[108.4990541280318,12.332423543680003],[108.49932115705172,12.3319123747663],[108.49882524715014,12.330433225755243],[108.4985811065978,12.329975461391042],[108.49778002043871,12.329184865459457],[108.4965135399104,12.328914975631525],[108.50288408476987,12.323612546348654],[108.50223558645419,12.323391293749403],[108.50155656958368,12.323089933009252],[108.50117509980365,12.322848653547812],[108.50084703640519,12.322895383517292],[108.50052660198986,12.323129987362991],[108.5001832789873,12.323493337525681],[108.50004595037518,12.32344470047125],[108.4999620260832,12.323253964826401],[108.50004595006087,12.32303843414199],[108.50030534925729,12.322768544506674],[108.50047319614214,12.322205876902903],[108.5002900901247,12.321964597084733],[108.49966448015942,12.322003698117678],[108.499321156941,12.322182988151905],[108.4989625754973,12.32266173290133],[108.49880235801704,12.322697972904846],[108.49862688153955,12.32255396861321],[108.49839800116027,12.321621274640552],[108.49837511209051,12.32138190203495],[108.49824541320532,12.321346615960788],[108.49808519493448,12.321453427885409],[108.49782579632355,12.321908330313992],[108.49759691384682,12.322195386424648],[108.49742143805419,12.322207783981272],[108.49729936809186,12.322123861160609],[108.49716966809169,12.3215735898324],[108.49696367356867,12.32133421819295],[108.49662798039954,12.32123885134554],[108.49603288752347,12.321381901929884],[108.49574297105822,12.321274136948754],[108.49534624260207,12.320772504303685],[108.49501817851973,12.320676183337655],[108.49441545680732,12.320855474368122],[108.4942094623527,12.321131086006272],[108.49399583950803,12.321286535649971],[108.4938203638452,12.321297979829671],[108.49371355191239,12.321215009736346],[108.4936754043612,12.320963239831944],[108.49388902764784,12.320533132625688],[108.49378221716204,12.320473050637043],[108.4936601468697,12.320485448577903],[108.49351518735905,12.320596074674002],[108.49333208290606,12.320646619004139],[108.49309557068469,12.320479726152422],[108.49301164744773,12.320178365484812],[108.49299638890922,12.319760656277086],[108.49293535381392,12.319393491324531],[108.49254625422182,12.319145536594645],[108.49211900864569,12.319106435343581],[108.49159258026484,12.319236135097572],[108.49105852299559,12.319222783438533],[108.49090593499211,12.319067334508565],[108.49099748783499,12.318600987997707],[108.49103563448217,12.31809649447834],[108.49082964088788,12.317811345464055],[108.49047868834701,12.317591047799562],[108.49007433087915,12.31726965875195],[108.4894868674439,12.317041730256086],[108.48915117338427,12.316521024466406],[108.48906725075068,12.316178655051838],[108.48876207450652,12.315464353648684],[108.48870866879412,12.315122937572262],[108.48876970449942,12.313041065844537],[108.4886018571927,12.31257090514038],[108.48830431100147,12.31235918936681],[108.48773210636251,12.312383985066162],[108.48745744823414,12.312310552293262],[108.48730486006014,12.312050199055845],[108.48734300675396,12.311716413042726],[108.48757951768346,12.311024044840702],[108.48747270674075,12.310242032102154],[108.48725908391656,12.309542988758487],[108.48721503967451,12.30944756117003],[108.48705308964767,12.309096669225621],[108.4867860607078,12.308936452370244],[108.48654955019762,12.308907842327232],[108.48577135230856,12.309136723961748],[108.48482530702478,12.309078550704188],[108.48480241834055,12.309366559248325],[108.4845964248139,12.309736585569013],[108.48432176736533,12.309897756102353],[108.48397081442279,12.309902524431955],[108.48335283404293,12.309757566833769],[108.48284929282384,12.309484815171656],[108.48262804064885,12.309200620358553],[108.48155229593524,12.308454847645919],[108.48127763743346,12.308174466404907],[108.48107164451986,12.307729100049832],[108.48086565044083,12.306863164526163],[108.4807037258974,12.306338065738421],[108.48051469913398,12.305623388676892],[108.48049181080563,12.30524954773256],[108.4805528457824,12.304430341206087],[108.4806672865359,12.303934430664253],[108.48085802139121,12.303415632284473],[108.48111742086638,12.30290827719888],[108.48166673639587,12.30233893330834],[108.48191850665974,12.302133893073654],[108.48230760578186,12.301983212998733],[108.4826661875775,12.301914548171958],[108.48314683938034,12.301620815805052],[108.48330705620947,12.301476812068165],[108.48343675691201,12.301271771758135],[108.48367326786114,12.30071387184636],[108.48382585574893,12.300245617646613],[108.48384111417734,12.29999003281478],[108.48374956191387,12.29969725450934],[108.48361986128339,12.299579953112433],[108.483261280566,12.299445485171491],[108.48304002772389,12.299435949362485],[108.48254411775125,12.299548481990676],[108.4820024300735,12.29982886172702],[108.48183458361153,12.299977636183415],[108.48157518414065,12.300389622874935],[108.48144548435734,12.300506925461203],[108.48131578479229,12.300558422960567],[108.47998827002823,12.300435399011103],[108.4793474002596,12.300138807009464],[108.47915666605293,12.299998616469177],[108.47863023760654,12.299434040888286],[108.47798173970504,12.298932409049748],[108.4778138922658,12.298862790035477],[108.4776384158805,12.298873280799512],[108.47744768161715,12.298918102891777],[108.47727983439354,12.299049710409534],[108.47602098424126,12.300366735711519],[108.47577684455169,12.300495481282724],[108.47527330412896,12.300561284788909],[108.47505205102362,12.300519323560087],[108.47486894656971,12.300424909123697],[108.47474687519704,12.300284719479112],[108.47463243499357,12.299998616153932],[108.47454851106937,12.299701070391652],[108.4745332518052,12.299450254412303],[108.4748765755528,12.297955845981056],[108.47567003203157,12.296267843295496],[108.47579210322436,12.295820569480076],[108.47588365495469,12.295179699805663],[108.47586839579843,12.294846867818345],[108.47574632619799,12.294288014715427],[108.47559373820867,12.293932294100557],[108.47486131570086,12.293341969849928],[108.47380083061542,12.2921422471826],[108.47339647262075,12.291568134819025],[108.47248094428805,12.289289808127535],[108.47224443338992,12.288445806266854],[108.47209947585272,12.288201664575743],[108.47194688730964,12.288080548021705],[108.47177904065894,12.28806624302063],[108.47119920642447,12.288166378749914],[108.47084825448088,12.288300847219553],[108.47055070856024,12.28860983801817],[108.47048204339687,12.288774823284253],[108.47033708514229,12.289497709415734],[108.47031419675737,12.289857244063512],[108.47034471466704,12.291218136752882],[108.47045915544497,12.291700696046574],[108.47044389685968,12.292023992147206],[108.47035234399965,12.292450284646211],[108.46967332833819,12.29470572391757],[108.46945207594771,12.295055722615649],[108.46870439454118,12.296091413098729],[108.46781175554499,12.296711301398195],[108.46712510983397,12.296958303956506],[108.46614854791508,12.297234868723821],[108.46586625971067,12.297252988753689],[108.4654771605502,12.297123288465993],[108.4654008667573,12.296993589767162],[108.46537797873124,12.296861982352992],[108.46543901346188,12.29658827790971],[108.46557634305209,12.296290731813066],[108.46569841396668,12.295579290151462],[108.46579759565414,12.294814443229294],[108.46585100067908,12.293521260727452],[108.46592729480753,12.293071126611206],[108.4661256601373,12.292312001206867],[108.4662095825199,12.290421818983573],[108.46629350524167,12.289635990877914],[108.46643083459546,12.28914198857734],[108.46668260473008,12.288842534031062],[108.46673601088837,12.288451528016267],[108.46669023408616,12.288254117272219],[108.4665300172888,12.288045263514341],[108.46609514140867,12.287634228956678],[108.46553819533676,12.287354802322207],[108.46502702628601,12.287175512295056],[108.46487443826625,12.287037228991032],[108.4647981448294,12.286866521382642],[108.46479051528091,12.28660712226383],[108.46489732656018,12.286157940797732],[108.4650499141593,12.285881376467485],[108.46562211938547,12.285127972858076],[108.46618669428113,12.284551954028641],[108.46652238772901,12.283892965091997],[108.46654527520374,12.2836488240866],[108.46651475828023,12.283293102650507],[108.4661866946499,12.282543514594252],[108.4655381954551,12.281517362094743],[108.46400468678334,12.279444074090824],[108.46385209900937,12.279338215752967],[108.4636384755951,12.27925619976085],[108.46193712089072,12.2788003444543],[108.46163957457851,12.278638219288027],[108.4614335808973,12.278461789026549],[108.46119706951907,12.278147077333767],[108.46097581728043,12.277694082257],[108.46086900608934,12.277044628597537],[108.46080034079698,12.276852941234063],[108.46003740150306,12.275856350748757],[108.45985429562988,12.27575907586216],[108.45902269159473,12.275494909244067],[108.45819871743593,12.27532133996745],[108.45791642973423,12.275194500836156],[108.45772569439475,12.275162076478344],[108.45755784905246,12.27519164021655],[108.45731370752826,12.275345181808666],[108.45707719705226,12.275685642939857],[108.45699327315799,12.275885914774326],[108.45694749660726,12.276441907011614],[108.45698564373428,12.276744221874843],[108.4570543086426,12.276947355186476],[108.45748155449476,12.277735089998709],[108.45791643001881,12.278664921869822],[108.45821397711809,12.279041623450292],[108.45839708194517,12.2793792245113],[108.45870988723065,12.280111646401473],[108.45879381134732,12.280443525472947],[108.45899217487857,12.282490110612326],[108.45896928752187,12.282899236212685],[108.45886247465661,12.283034658803928],[108.45874040519125,12.283096647544642],[108.45858781683111,12.283108091463898],[108.4578248769832,12.282776212368026],[108.4576722897954,12.282652234667234],[108.45747392475656,12.282337522445102],[108.45719163816564,12.28211722307308],[108.45655076907587,12.281661367102528],[108.45611589271543,12.281511640209965],[108.45582597630046,12.281311368156471],[108.45561998196676,12.280885076575908],[108.4554368765262,12.280029630502996],[108.45514695939032,12.279229497797731],[108.45502489022894,12.279009198440638],[108.45391099762941,12.278338765279228],[108.45368211544874,12.2782586570462],[108.45320146333107,12.278220510751627],[108.45286577052353,12.27810893029386],[108.45262163008516,12.277830457447546],[108.45209520182308,12.277395581407887],[108.45126519476484,12.276309301795681],[108.45120256232228,12.276227330238116],[108.4510423451687,12.27594790441875],[108.45088212730514,12.27544436462387],[108.4508058331136,12.275047635597913],[108.45078294566643,12.274600362499996],[108.45083635166972,12.274483059942394],[108.45104234530623,12.274362897555196],[108.451080492171,12.274254178035477],[108.45081346383954,12.273538923706868],[108.45063798755324,12.273342466660417],[108.45041673402753,12.27327761635282],[108.44949357829526,12.273256635802367],[108.44811265783672,12.273551320115143],[108.44779222377126,12.273513173259298],[108.44702165454814,12.273266172914582],[108.4463426383367,12.272874212413267],[108.44619767912036,12.27286276726862],[108.44602220331373,12.272933339906311],[108.44567888040946,12.273277616955824],[108.44536607544458,12.273701047568148],[108.44525163419112,12.273950910958284],[108.44479387137314,12.276673650499886],[108.44439714254897,12.278005933996921],[108.44429033183701,12.278165197479092],[108.4439851559011,12.278347348814297],[108.44370286743542,12.278376912920722],[108.44351976285019,12.278329230066964],[108.44313066365038,12.278132772605801],[108.44274919340502,12.277791356445777],[108.44245164616618,12.277424193003636],[108.44209306499167,12.276817655789939],[108.44155900724962,12.275656081219871],[108.44148271308642,12.275389051831416],[108.44133775507885,12.274474477434259],[108.441360643231,12.27410063792871],[108.44149034366885,12.27370677006367],[108.44169633628506,12.273301459164346],[108.44173448287087,12.272924756721837],[108.4416734486086,12.272778845134388],[108.44133012492021,12.272510862602635],[108.44123094362092,12.27232680238063],[108.44113176090454,12.271951055578802],[108.44111650248207,12.271620130459391],[108.44116990775704,12.271397925050742],[108.4414216785488,12.270771360192501],[108.44144456570845,12.27042899144166],[108.4413224957962,12.269257879850496],[108.44105546743376,12.268914556162867],[108.4410325790508,12.268660878141862],[108.44138353057386,12.267235135144475],[108.44175737185496,12.26657614648226],[108.4417497419184,12.266429280006404],[108.44163530128525,12.266132688471647],[108.4416353010634,12.266038274429539],[108.4421769874962,12.265150403740703],[108.44250505146096,12.264814710141836],[108.44297044443474,12.264488553174246],[108.44340532095838,12.264252996618552],[108.44355790883891,12.264065121904562],[108.4436723497433,12.26377425089266],[108.44367997873951,12.263465261602807],[108.44355027907388,12.263000821269694],[108.44345109671089,12.262914991050321],[108.44324510295849,12.262885427349032],[108.44274919264285,12.262838696836914],[108.44259660448817,12.26286826102148],[108.44245927608485,12.26295027755653],[108.44213121223433,12.263521527984953],[108.44184892359421,12.263665532738054],[108.4415513773847,12.263688420948446],[108.44116227872051,12.263655996587284],[108.44076554992122,12.263527250061854],[108.44036119173941,12.263332700113647],[108.44010942180545,12.26315054829859],[108.439743210864,12.26257166839767],[108.43960588143963,12.262200689632708],[108.43950669981551,12.261659955252425],[108.43947618287453,12.260409687995937],[108.43956010570646,12.25987181616651],[108.43977372850605,12.259074544569604],[108.43975084040981,12.258927678401362],[108.43967454660154,12.258780812375434],[108.43956010556664,12.258701657754795],[108.43783586205015,12.258087491195916],[108.4375612043422,12.258107518643376],[108.43720262196952,12.258007383605348],[108.43659227025226,12.257975911060075],[108.43638627770011,12.25772509495224],[108.43634049997569,12.257513379177816],[108.43637101828595,12.256928777090472],[108.43649308804737,12.256677961672851],[108.43666856430882,12.25594553916059],[108.43734758138314,12.25513682351201],[108.43789689753234,12.254281377174436],[108.43945329335124,12.252941464597525],[108.43971269361263,12.252696369951583],[108.43992631600771,12.252396917068365],[108.44020860308865,12.251555775672477],[108.44020097405763,12.251091335941922],[108.44006364536777,12.2508090489499],[108.43990342794022,12.250605916182469],[108.43964402838299,12.250399922807794],[108.43886583043647,12.25007948762585],[108.43802659684374,12.249805783063593],[108.43756883317636,12.249708509222204],[108.43733995081337,12.249791477805987],[108.43722550990185,12.250008915730326],[108.4371949928293,12.250202512293336],[108.43724076882826,12.25042376351476],[108.43746202089298,12.250861500980431],[108.43750779799957,12.25116858393356],[108.4374849104423,12.251347874949664],[108.43723314016225,12.251700734339167],[108.4369203341293,12.253083561922308],[108.4366838230451,12.253447866290733],[108.4361802833566,12.253908489858723],[108.43579881355056,12.254084920354716],[108.43537156715378,12.2541421412698],[108.4348756570637,12.254111623294879],[108.43457811056226,12.25413546556578],[108.4341737522299,12.254298542972943],[108.43367021233908,12.254755353622697],[108.43327348387594,12.255664205214838],[108.43280046098194,12.256310796718923],[108.43273179723064,12.256568288499729],[108.43272416744111,12.256744718369198],[108.43277757367437,12.256866788657948],[108.43291490188963,12.25693831424497],[108.43327348447212,12.257026052645612],[108.43337266588946,12.257124280634496],[108.43340318434191,12.257253026783717],[108.43336503709105,12.257425641435157],[108.43241136235964,12.258448934775032],[108.43202989362288,12.258628225622244],[108.42991655004506,12.259302473116403],[108.4296876686471,12.25929961135423],[108.42942826924416,12.259249068021637],[108.42929094004472,12.259140348268067],[108.4289705053271,12.25860152302299],[108.42865007123831,12.25824580208235],[108.42851274181973,12.25815234134349],[108.42836015417774,12.258118009615842],[108.4278947608728,12.258221959799833],[108.42781083732059,12.258200025614872],[108.42768113805457,12.258027411147976],[108.4272615215491,12.257141446659734],[108.42716996788575,12.256822919667547],[108.42718522715471,12.256581640935629],[108.42737596204454,12.256178235305962],[108.4274598853946,12.255907392635898],[108.42745988464783,12.255694722941882],[108.42729203908354,12.255306577432165],[108.42713945071131,12.25476584487108],[108.42739122117753,12.25344119054129],[108.42743699679411,12.252607679717427],[108.4272767802678,12.251723623560565],[108.42712419164083,12.251503324865691],[108.42702500950338,12.251451825327276],[108.4264833227561,12.25139460527645],[108.42630021643899,12.251316404447115],[108.42533128339689,12.250707006282354],[108.42498033166088,12.250541066453527],[108.42446916246715,12.250395154846318],[108.42290513640103,12.25034079529926],[108.42227189673335,12.250421857505412],[108.42189805672771,12.250381803516413],[108.42147843959745,12.250269269747184],[108.42067735244525,12.249927854825522],[108.41975419676868,12.249693250691777],[108.41925828520279,12.24950347002198],[108.41699998419601,12.24816546507466],[108.41635148651847,12.247836446873594],[108.41612260474292,12.24767050782677],[108.41535966462324,12.24641737975249],[108.41512315350839,12.246125554817798],[108.41447465543165,12.245834684569811],[108.4142686616512,12.245688771750883],[108.41415422040905,12.245464658762959],[108.41409318567501,12.245112752464367],[108.41387193302539,12.244591093030408],[108.41333024649661,12.24382529247193],[108.41299455242616,12.243574476818722],[108.4125520475555,12.243500090195472],[108.4093858490889,12.244597768537783],[108.40863816837285,12.244790410707918],[108.40810410989381,12.244885778917308],[108.40776078841736,12.244902944872152],[108.40721910052045,12.244820929312812],[108.4067689656394,12.244665479821865],[108.40419023095612,12.243540144504882],[108.40372483760888,12.243415212903635],[108.40284745717777,12.243293143591513],[108.40106217898632,12.242867804005495],[108.40003221094061,12.242454863383575],[108.39974229407032,12.24243006766376],[108.39821641486392,12.242717123444208],[108.39611070168647,12.243228293591427],[108.39482133387138,12.24371276005012],[108.3945314163589,12.243733740718142],[108.39411942985296,12.243635512496418],[108.39377610690178,12.24342188966209],[108.39323441975812,12.243243552397258],[108.39278428530635,12.242927885733323],[108.39244096234381,12.242540694599022],[108.39218156396211,12.24208579163915],[108.39189164627038,12.24177298639484],[108.39169328257087,12.241616583626895],[108.39108293049772,12.241473533116332],[108.38835160770482,12.241026259647843],[108.38780992064605,12.24101958372665],[108.3874665973967,12.24108443376224],[108.38710801644932,12.241270399537843],[108.38641374135679,12.241751052197507],[108.38586442455772,12.242296554265028],[108.38563554206848,12.242632247306204],[108.38546769611689,12.243387557272676],[108.38530747845093,12.24365554002037],[108.38414018181213,12.244855261966983],[108.38342301857914,12.24536643203511],[108.38253037940679,12.245854713138552],[108.38226335047537,12.245854713152822],[108.38205735621067,12.245800353149628],[108.38173692246875,12.245505667938565],[108.38156144685111,12.245411254158235],[108.38137071162383,12.24538359874929],[108.38114945865664,12.245434142255608],[108.38085954193186,12.24558005489715],[108.38029496623251,12.246156074185961],[108.37992112660719,12.247054435231531],[108.37947862197124,12.247670509444747],[108.37831132435447,12.248767234999073],[108.37770860160408,12.249281265538679],[108.37710587927226,12.249727584527703],[108.37627427551169,12.250603058004465],[108.37531297289344,12.251035072799723],[108.3750001666014,12.251084664204777],[108.37484757970815,12.25105796122368],[108.37466447351336,12.250930168698783],[108.37413804568234,12.25036177886143],[108.37319200084802,12.250235893537834],[108.37293260016332,12.250255920865152],[108.37255113142544,12.250408509367764],[108.37215440277426,12.250831939662135],[108.37171189791114,12.25169310789062],[108.37143723974891,12.252498962979113],[108.3710405112748,12.253136016802365],[108.37079637039021,12.253434517114833],[108.37033860688541,12.253831245903386],[108.36990373181928,12.254128792471887],[108.36947648534652,12.25429187055597],[108.36920182754055,12.254298546370864],[108.36891954000389,12.25424800108719],[108.36719529621647,12.25355277286783],[108.36534135341319,12.253098824809058],[108.36436479050124,12.25301394756965],[108.36300675836769,12.253112175173008],[108.36172502029781,12.253013947118605],[108.36123673933892,12.253136017483504],[108.3605119467435,12.25347838616524],[108.35952012582942,12.254213669665155],[108.35897843883055,12.254538872683876],[108.35739915335321,12.254830697018301],[108.35661332637592,12.254884102864509],[108.3560029746212,12.254820206556508],[108.3548051594346,12.25440345118969],[108.35310380425555,12.253627160263312],[108.3520204302923,12.253027299261715],[108.35095994375932,12.252262452574076],[108.34979264741774,12.251170494757066],[108.34858720323011,12.249842980731374],[108.3477708565236,12.248745301659527],[108.34756486433305,12.248053887535393],[108.34735887010224,12.247799256911629],[108.34668748270627,12.24747786817886],[108.34570329088578,12.247549394438888],[108.34527604479695,12.247633316802345],[108.34510056926945,12.247748712293086],[108.34501664620667,12.247962335013055],[108.34474198808049,12.248341897056902],[108.34433762943546,12.24877200482334],[108.34405534144662,12.248957970969418],[108.34352891414935,12.24912104904142],[108.3432771434219,12.249107697769064],[108.34307877944235,12.248964647133276],[108.34284226823593,12.248494485498538],[108.34262864454354,12.248169282054146],[108.34252183410837,12.247888902292212],[108.34249894581465,12.247597078060233],[108.34253709319161,12.24722323697286],[108.34263627434817,12.246941904456841],[108.34259812787747,12.24620566689731],[108.34236924582768,12.245634415799271],[108.34214799350255,12.245356896802955],[108.34196488743207,12.245289185956432],[108.34171311768094,12.245305398050974],[108.34150712389702,12.245394089859342],[108.34130113042906,12.245556214881757],[108.34075944350792,12.246159891011224],[108.34036271510291,12.246827462999743],[108.34008805627269,12.24750457111353],[108.339904951814,12.247783044631404],[108.33975999249427,12.24790130041407],[108.33869187752545,12.248260835819774],[108.33823411407563,12.248373369369993],[108.3378221263702,12.24839434945379],[108.3371507398459,12.2483857661396],[108.33633439504034,12.24831805607699],[108.33578507907725,12.248091081500359],[108.33511369173799,12.247508386703],[108.33483903333844,12.247203210735462],[108.3346788154484,12.24682078786733],[108.33444993372152,12.246085504904919],[108.33424394072541,12.245047906431761],[108.3341981637389,12.244560579390654],[108.33423631045986,12.244255403824074],[108.33454148632924,12.243618349268107],[108.33470933309852,12.242720941311376],[108.33499925005681,12.242016175849225],[108.33560960125997,12.240787842961641],[108.3356935250128,12.240367273169856],[108.33570115421635,12.23999438612111],[108.33563249009867,12.2397302179639],[108.33546464279833,12.239441254892373],[108.33425919878094,12.238493303058018],[108.33394639309238,12.237967828609285],[108.33381669409282,12.237288811802436],[108.33361069989759,12.23685584371545],[108.33312241902819,12.236068108955672],[108.33299271868694,12.235689500263625],[108.3330384945232,12.235418657178696],[108.3332978949977,12.235220291906737],[108.33364884703681,12.235148766730479],[108.33509843216096,12.235094406713111],[108.33573930097818,12.234956125207958],[108.336349653268,12.234968522220026],[108.3369905222789,12.234872201067164],[108.33718125745092,12.234872201004139],[108.33776109080175,12.235003807854934],[108.33820359567298,12.2349504026893],[108.33856980699909,12.234799721403887],[108.33918778677025,12.234379151712286],[108.33966080967079,12.233951905492592],[108.33986680388598,12.233645775737028],[108.34001176163024,12.232839920407056],[108.34034745532895,12.231751778484632],[108.34044663782522,12.231120446261812],[108.34047715455769,12.22955737345587],[108.34037034409354,12.229117730843313],[108.34004227937575,12.228529312648217],[108.33956925629805,12.228005745337533],[108.33912675208397,12.227879860914841],[108.33881394629618,12.227921822810547],[108.33856217641541,12.228065827490319],[108.33833329510352,12.228306153159911],[108.33796708406527,12.228913643944905],[108.3376237618153,12.229106285500613],[108.3372194036162,12.229220726199939],[108.33593766482855,12.229382851627204],[108.33384721033617,12.229917863080525],[108.33200089742124,12.230771401607399],[108.33152024611911,12.23086772341919],[108.33110062844626,12.230837204578549],[108.33039109571308,12.230440476827848],[108.33042924232049,12.229883531163965],[108.33038346585414,12.229489663973132],[108.33024613648524,12.229258873653558],[108.32919328015068,12.227893212734074],[108.32896439886389,12.227770188723305],[108.32852952293344,12.227736810362465],[108.32798020648096,12.22794757187022],[108.3276368835189,12.227996209624933],[108.32713334302592,12.227803566861482],[108.32664506228004,12.22773299506538],[108.32629411058346,12.227625230322797],[108.3259126400896,12.227404931220377],[108.32543198857182,12.226973871195744],[108.32487504192399,12.226399758763826],[108.32287614151475,12.225698807759093],[108.32260148319827,12.225496628778465],[108.32185380251993,12.22472892070981],[108.32112900997161,12.223858217348939],[108.32096116278642,12.223494867225407],[108.32090775721151,12.223162034129738],[108.32093827473041,12.22281680439353],[108.32122819205424,12.222017625426826],[108.32227341913712,12.220943788139454],[108.32234208289029,12.22080073696716],[108.32238785956649,12.220486023562886],[108.32238023043014,12.220091202855553],[108.32233445426353,12.21991572726864],[108.32222764168206,12.21979461023549],[108.32202164892213,12.219709733093826],[108.32170884375779,12.219668725140492],[108.32129685638887,12.219741205349797],[108.32087723995981,12.219736436117369],[108.32062546992714,12.219646791383289],[108.32012955845471,12.219242432956744],[108.31861893892253,12.21857772247879],[108.31776444706854,12.218277314864357],[108.31549088628263,12.218182901437814],[108.31438462446394,12.218088487221422],[108.3139802665462,12.218119958281854],[108.31307999795638,12.218407013937655],[108.3123628349433,12.218551019671967],[108.31201188274817,12.218528131022184],[108.31157700725555,12.218420366123024],[108.31134049600114,12.218263963244933],[108.31124894337903,12.218115190045209],[108.31116501963791,12.217738489607756],[108.31114976180645,12.217136720373475],[108.31127946097865,12.216324189975484],[108.31134049529126,12.215601303881614],[108.31130234887019,12.215246538250927],[108.31120316674726,12.214999535844504],[108.3109285087482,12.21463523182887],[108.31060807477932,12.214374879586298],[108.30997483398555,12.214069704028399],[108.3096543989714,12.214011528935588],[108.30876176006136,12.214124063511708],[108.30846421432,12.214092592123095],[108.30829636769626,12.214006761109015],[108.30802170928119,12.213769296389293],[108.30765549810415,12.213607171762844],[108.30700699957761,12.213454584539813],[108.30677811690221,12.2133248843925],[108.30573288989486,12.21237216299745],[108.30525223902139,12.211869577707075],[108.3050080977497,12.21138511071815],[108.30480210390857,12.210693696665507],[108.30464951645112,12.210347513664475],[108.30443589312428,12.210186342374437],[108.30282609138239,12.209341386761599],[108.3013002121571,12.208896974725207],[108.30039231375373,12.20852885644461],[108.3001329147787,12.208322862177532],[108.29983536827017,12.207971910404028],[108.29916398213398,12.206899026201604],[108.29840867172994,12.205287317741426],[108.29731766734606,12.203630784695502],[108.29693619873052,12.20316443819794],[108.2964936940061,12.202916482759885],[108.29605881796701,12.202840188437245],[108.29582230674328,12.202925065784239],[108.29561631259756,12.203150133245696],[108.29549424287579,12.203441957118466],[108.2954789835892,12.203846315141028],[108.29588334152847,12.205700258484853],[108.2958833421349,12.206630090739125],[108.29580704809732,12.206998208923794],[108.2954637249488,12.207716325446457],[108.2953340258918,12.208246568298517],[108.29508225591638,12.208528856877948],[108.29471604489929,12.208672861861977],[108.29444901577267,12.208654741366535],[108.29370133460127,12.208452562860069],[108.29339615852128,12.20842585990592],[108.29312913070343,12.208462099488234],[108.29285447169114,12.20855174469894],[108.29254166700179,12.208771089551801],[108.29093949419398,12.210567812062976],[108.29065720680022,12.210765223023383],[108.29003922621618,12.210846285344017],[108.28958146198966,12.210814814271075],[108.28925339739376,12.21073851997317],[108.28884141078365,12.21052298984823],[108.28864304671619,12.210329394480723],[108.2883226115416,12.210118632438327],[108.28816239497449,12.210109095151774],[108.28777329576518,12.210262637182677],[108.28660599754556,12.210922579112443],[108.28462235608752,12.211779932417711],[108.28350846389512,12.212426524101877],[108.28251664234429,12.212907176154662],[108.27996842458536,12.213665348006403],[108.27840439830176,12.214298586572738],[108.27802292948492,12.214411120637555],[108.27743546614377,12.21437488042883],[108.27706162549902,12.214248995643455],[108.27677933806886,12.214069705738222],[108.27586381071708,12.213099818446056],[108.27516190658734,12.212507587128954],[108.2738191326074,12.210831980997813],[108.27348343945762,12.210262637546036],[108.27333085093098,12.209876399988968],[108.2729341222056,12.208344799097711],[108.2729112345998,12.207946162652094],[108.27297226959162,12.207381587403505],[108.27275864622725,12.205445628809898],[108.27254502347952,12.204956393203506],[108.27211777684435,12.204651217274318],[108.27069870992705,12.20409331762417],[108.27005784104229,12.203756670375041],[108.26982132895098,12.203536372565265],[108.2697374059477,12.203316073651095],[108.26962296499262,12.203181605676226],[108.26940934193583,12.203096728767676],[108.26908890831928,12.203044276585837],[108.26889817327493,12.203079562976521],[108.26863877314118,12.203178744932945],[108.26790635124215,12.203605991170441],[108.26744095754506,12.203829150753139],[108.26708237695283,12.203878741784967],[108.26670090694789,12.203845362552295],[108.2654267979867,12.203362804143449],[108.2642366127632,12.203001360951417],[108.26256577503783,12.20204864062635],[108.26156632500226,12.201328617311221],[108.26023117977473,12.200773577731663],[108.25978867541696,12.200517992910928],[108.25957505226847,12.20026145528089],[108.25936905874963,12.199945789073789],[108.25931565275101,12.199620585943304],[108.2593690584866,12.199308733563276],[108.25973526965015,12.199029307954083],[108.25985733943862,12.198858600305787],[108.2598802273589,12.198717455977384],[108.25974289839321,12.198171954527364],[108.25932328226502,12.197098116537934],[108.25933091143776,12.19669375909815],[108.25971238141562,12.19540248417496],[108.25997178051227,12.194022517328863],[108.26023117952046,12.193342547924267],[108.26052872621594,12.192784648060762],[108.26054398564429,12.192475658046982],[108.26042954465036,12.192223887886216],[108.25993363304342,12.191396098793797],[108.25945298102826,12.191148142546346],[108.25830094267312,12.190901141514566],[108.2570268345377,12.190925936390355],[108.25593583043927,12.190844874552909],[108.25524918464235,12.190634113204267],[108.25417343999183,12.189792017688365],[108.2536546411045,12.18960891291472],[108.25312821316767,12.18933711602423],[108.25268570799703,12.189051967152789],[108.25225083313062,12.188303332890836],[108.25123612312288,12.186171870928252],[108.25045029535148,12.184295992647543],[108.25018326668321,12.183530192942381],[108.25006119694544,12.18295226529819],[108.25002304929795,12.181857447709062],[108.2498552028064,12.181269030387867],[108.24942795685928,12.180452685217695],[108.24853531710629,12.17918906654411],[108.2482835475055,12.17861018619857],[108.24828354761684,12.178307871968057],[108.24833695194965,12.178138117522357],[108.24852005799524,12.177831988971295],[108.24872605244917,12.176912646938625],[108.2489015282081,12.176665644071035],[108.24952713787711,12.176240305178354],[108.25033585420205,12.175371508662442],[108.250778359467,12.175123553142017],[108.25094620485672,12.175087313061193],[108.25106827661514,12.175134043709859],[108.25131241650693,12.175361018606456],[108.25143448719437,12.175423007056882],[108.25157944556275,12.175438265171067],[108.25254074922903,12.175182681208454],[108.2531358423512,12.17490897648459],[108.25328080026709,12.17473350006508],[108.25412003275409,12.174043993300506],[108.25444809682662,12.17369876353174],[108.25475327358181,12.173523286848303],[108.2547990499404,12.173430780776823],[108.2547990502652,12.173249583055544],[108.25454728021603,12.172549586356844],[108.25444046835109,12.172016481799773],[108.25422684470827,12.171420434725679],[108.25408188616866,12.171303132977341],[108.2539674461637,12.171268801070447],[108.25325028197355,12.171457629358622],[108.25222794392566,12.17129550425682],[108.25163285124668,12.171078065858966],[108.25107590480762,12.170791010561604],[108.24994675513672,12.1698669001072],[108.24929062725116,12.169589380995593],[108.24718491395839,12.168999056480402],[108.24658219150832,12.168695787835619],[108.24636093884932,12.168459277163207],[108.24617020331175,12.16804538237592],[108.24608628088009,12.167303422879941],[108.24615494535219,12.16708121710009],[108.24640671539346,12.166693072613723],[108.24646775049808,12.166405062064428],[108.24642197398553,12.165562014183676],[108.24636093885441,12.165345529801963],[108.24570481017993,12.164522509173864],[108.24536148828578,12.163896899208574],[108.24514023529849,12.163640360109515],[108.24471298980787,12.163259843905868],[108.2442781132014,12.162571291293343],[108.24392716113398,12.16215072153333],[108.24343125168518,12.161821702935914],[108.24261490498532,12.161451678508572],[108.24118057933352,12.160661082603525],[108.24080673951681,12.16058001905964],[108.24042526964473,12.16059527853942],[108.24015061132128,12.160769801274396],[108.23994461718222,12.161011080204029],[108.23957077734006,12.161686282402668],[108.23931900775462,12.162509303749813],[108.23892227943925,12.16490874742637],[108.2386552500532,12.16612182175083],[108.23815933970042,12.166974406409235],[108.23805252836704,12.167321543145908],[108.23802201068257,12.16768393973593],[108.23826615145622,12.168961864072967],[108.23826615167833,12.169642786851192],[108.23815933977704,12.170238834074498],[108.23780838740241,12.171261172616218],[108.23770920532938,12.171836237596473],[108.23772446519033,12.172333102427336],[108.23812882273651,12.174349169436447],[108.23818985799718,12.175279002963299],[108.23815933969169,12.175769191360706],[108.23803727004437,12.175975184812431],[108.23771683510661,12.176138262758876],[108.23748795338568,12.176165919687838],[108.23677078971672,12.175988535758995],[108.23479477648705,12.17576919093474],[108.23417679568196,12.17576156197709],[108.23327652798419,12.175683360873176],[108.2326280288456,12.17585406825363],[108.23188797763132,12.176208835241601],[108.23133866069628,12.176655155323372],[108.23051468672,12.177003246399579],[108.22993485265667,12.177481037167812],[108.22960678889734,12.178019863539037],[108.22952286485804,12.178303104474498],[108.22938553598921,12.179828983903683],[108.22943894175332,12.179978710443256],[108.22964493557116,12.18022571169738],[108.22972885874621,12.18065486554757],[108.22965256539923,12.18082461937445],[108.229049842992,12.181354862442245],[108.22845475032639,12.18262992430702],[108.22824875667341,12.182844501869841],[108.22800461627823,12.182961803564574],[108.22758499947427,12.18296657183676],[108.22685257663048,12.18287311151333],[108.22653214300207,12.182784420763086],[108.22628037276239,12.18263850796317],[108.22589890307904,12.182164531627048],[108.2254869163376,12.18151698702916],[108.22529618098399,12.180732112483238],[108.2248307878006,12.179270130817603],[108.22438828226483,12.177181584023625],[108.22435013549423,12.176615100847997],[108.22450272393485,12.175987583983956],[108.22456375866784,12.175008159340862],[108.22451035252593,12.17425094267746],[108.22439591110022,12.173567157361692],[108.2241212539069,12.172591548690246],[108.22396103628692,12.172328334203918],[108.22372452574366,12.1721948204195],[108.223335426744,12.17215858007051],[108.2228013681198,12.17222343016321],[108.22213761186465,12.172555309607517],[108.22173325320712,12.173684459876812],[108.22158066510376,12.173797946849305],[108.22113816020365,12.173951488302759],[108.2205201795087,12.174348217547081],[108.22045914440275,12.174461704603116],[108.22046677387155,12.17458663583234],[108.22067276706086,12.175129276537273],[108.22084824339416,12.1758016166759],[108.22123734234499,12.17674480048776],[108.22126023100722,12.17703567221003],[108.22119919609425,12.177448612372324],[108.2207490616508,12.179253917913766],[108.22010819243123,12.180384022382073],[108.21937577120977,12.180844647349872],[108.2191545181423,12.181059223950205],[108.21852127879153,12.182545047943252],[108.21818558528622,12.183192593416202],[108.21794907374971,12.18348441709057],[108.21723953947468,12.183800084471546],[108.21679703524936,12.183856349926653],[108.21630875420522,12.183848721698059],[108.21570603209625,12.18367419893914],[108.21509567957558,12.183342320314743],[108.21469895217156,12.183079106763856],[108.21430985274488,12.18275581063758],[108.21413437657297,12.18248019853485],[108.21403519508219,12.182196957417348],[108.21393601137278,12.181513172872194],[108.2136689832676,12.181084019251172],[108.21332566103652,12.180715900849053],[108.21249405675248,12.180335385295807],[108.21204392233139,12.180173260104032],[108.21141068282869,12.180011136675992],[108.21098343627612,12.179751736590536],[108.21025101403966,12.179089886503991],[108.20973221498338,12.17835460371739],[108.20925919336581,12.177455288754249],[108.20880905848533,12.17629943526313],[108.20870224760297,12.175885541165815],[108.2087251353821,12.175635678506133],[108.20890061155454,12.17525039291801],[108.20922104654666,12.174086911520366],[108.20955673883654,12.173265796958988],[108.20957962728546,12.17292342807359],[108.20949570382615,12.17269454606562],[108.20930496959214,12.172565800118695],[108.20889298206421,12.17255149525936],[108.20820633622169,12.172616344815511],[108.20750443235629,12.172458988856802],[108.20701615102529,12.172244412477426],[108.20603958759041,12.171316487414922],[108.20539871851278,12.170895917123971],[108.2050782835074,12.170760495140929],[108.20439163885858,12.170695645449287],[108.20415512838994,12.170717579231441],[108.20349900011387,12.170996052244742],[108.20298020091398,12.17140994724364],[108.20275894775142,12.171759945023283],[108.20263687827565,12.17230926203463],[108.2022096316907,12.17294440949949],[108.20182816170464,12.173144681511587],[108.20138565670426,12.173200947573477],[108.20116440515935,12.173179967985456],[108.20028702507749,12.17270694440261],[108.19989029559339,12.172599179706532],[108.1996461553344,12.172452313946907],[108.1993486092954,12.172337872480968],[108.1991349856077,12.172364575466338],[108.19863144609502,12.172700268940043],[108.19783798912441,12.17307506268937],[108.19770065981653,12.173229559087543],[108.19765488375495,12.173369749083003],[108.19770828896762,12.173747403532818],[108.19742600182047,12.174254757508082],[108.19743363078892,12.174440724703183],[108.19813553467857,12.17558227322712],[108.19841019361955,12.17564616837177],[108.19870774051353,12.175834996993203],[108.19884506913945,12.176111562019504],[108.19886795704309,12.176310879809732],[108.19879929327205,12.176418644985135],[108.19858567020549,12.176558836070097],[108.19785324808562,12.176807744607146],[108.19763199466067,12.176956518208453],[108.19729630222551,12.177332264806603],[108.1971208263154,12.17740665170696],[108.19660202708849,12.177458150349107],[108.19619766876937,12.177379949052419],[108.19606796926537,12.177320820735629],[108.19554917117927,12.176874502195819],[108.19538132435179,12.176811559117192],[108.19522110739078,12.176811559058907],[108.19470993721649,12.177003247594397],[108.19394699773454,12.177023275220535],[108.19357315666403,12.17690120516582],[108.19282547697738,12.176506384120053],[108.19244400725808,12.176432951401305],[108.1921312022585,12.17645583944881],[108.19190994921186,12.176576955217323],[108.19145218623272,12.177100522765478],[108.19127671035601,12.177191122334238],[108.19117752809416,12.177191121890374],[108.19097916276714,12.177085264408706],[108.19052902896526,12.176710469765561],[108.19036881179575,12.176511152558463],[108.19022385311352,12.17606864697994],[108.19023911170733,12.175162656576898],[108.1903382940052,12.174282415273524],[108.190490881781,12.17375884793249],[108.19054428738627,12.173328741052098],[108.19048325315465,12.173165662348602],[108.19042984676733,12.173128469467354],[108.18968216532379,12.173106535268126],[108.18891922630905,12.173372610358273],[108.1884767221434,12.173479421518334],[108.18807236335928,12.173908575232973],[108.18779007529332,12.174082143528755],[108.1874009768023,12.174252851160027],[108.18705002460983,12.174328190808085],[108.18639389706568,12.174420698186868],[108.18614212654535,12.174393041234019],[108.18531052293203,12.174160344935977],[108.18492142347795,12.174209936447332],[108.18464676525635,12.174620016654623],[108.18454758406827,12.174908979469665],[108.18453232429567,12.17545638834769],[108.18445603037563,12.175775868996443],[108.18394486176771,12.1772397593234],[108.18388382609062,12.177656515551604],[108.18389908446015,12.177805288761087],[108.18398300898585,12.177995069828762],[108.18418137294336,12.17824683973278],[108.18453995422395,12.17856059884881],[108.18475357646099,12.178957327456336],[108.18476883582551,12.179195745745483],[108.18473068931436,12.179434164766484],[108.18463913594024,12.179719312688798],[108.18442551339801,12.180156096017534],[108.18426529622285,12.180389745234681],[108.18398300891411,12.180613859515992],[108.18307511127749,12.180908544606808],[108.18249527676163,12.18115745392049],[108.1821901010205,12.18141113162258],[108.18208328882069,12.181558950808121],[108.18175522526276,12.18239723111655],[108.18174759622998,12.182589872393212],[108.18177811320814,12.182747229147536],[108.18225113586179,12.183469160970864],[108.18232742987641,12.183722837544936],[108.18232743013694,12.183895452830505],[108.18223587699094,12.184073789643861],[108.18196884777103,12.184324606490103],[108.18120590902048,12.184699400524048],[108.18064133434694,12.184854849385065],[108.17899338371497,12.185202941340169],[108.17866532099322,12.185309751704416],[108.17816941000329,12.185657843110722],[108.17794052820058,12.185684546168556],[108.17764298246112,12.185657842736616],[108.1773225466201,12.185572013604185],[108.17604843794162,12.184806211938906],[108.17581192704759,12.184586866987155],[108.17574326169905,12.184474332780873],[108.17542282760797,12.183693274395372],[108.17509476355532,12.182724341481082],[108.17497269375838,12.181733473498426],[108.17488114038865,12.180228574980523],[108.17465988754863,12.179758414157714],[108.17446152403242,12.179602965484113],[108.174186865409,12.179496154029748],[108.1737138430475,12.179416044657778],[108.17323319202984,12.179399832427654],[108.17279068690657,12.179496154558677],[108.17238632884161,12.179688795887907],[108.17214218724374,12.179956778439292],[108.17202774683196,12.180250510173037],[108.17202011730824,12.180561408322196],[108.17208115256557,12.180919989397522],[108.17279831545592,12.182971343219883],[108.17306534472603,12.184100492988806],[108.17312638036053,12.184979781415883],[108.17301193915827,12.185946807087278],[108.17282883399835,12.186706885028823],[108.17253891743226,12.187000617297809],[108.17198197106492,12.187264784825302],[108.17133347239964,12.187350615234703],[108.17064682725226,12.187493666408812],[108.16912094781135,12.188030585821727],[108.16847244920909,12.188296660784983],[108.16796890864175,12.188798294125286],[108.16750351587028,12.189560280133035],[108.16727463402044,12.190368994400174],[108.16709915800124,12.191995964195813],[108.16703812319756,12.193830832711717],[108.16712204702523,12.19519935592325],[108.1669694592989,12.195861206496296],[108.16669480142221,12.196161613464424],[108.16635910721126,12.196428642304642],[108.16576401392517,12.196661339479471],[108.16520706952193,12.196755752451702],[108.16310135671259,12.196558342707362],[108.1619264294045,12.195968971267858],[108.16149918318075,12.195577964928837],[108.16085831385878,12.19435821569672],[108.1592027349243,12.193547592267063],[108.15814987862859,12.192755089614616],[108.15783707302725,12.192251548421156],[108.1573793096961,12.191142425683042],[108.15705887450794,12.190705642073464],[108.15655533503302,12.190292701021527],[108.15445725201981,12.189426764969463],[108.15403763490082,12.189203604947965],[108.15380112360299,12.188983307234851],[108.15333573085354,12.188328132228715],[108.1522905034391,12.187896118605103],[108.1506196655103,12.187432632302718],[108.14878861148838,12.187117920677442],[108.14750687233202,12.186735496559965],[108.14588181095168,12.186191902199269],[108.14322678190722,12.18491684016282],[108.14221970183426,12.18448196489903],[108.14160935022528,12.183912620808684],[108.14044968231556,12.183222160667997],[108.13829056426137,12.182323799606811],[108.1364671384037,12.1817029577546],[108.13566605190294,12.18154083260484],[108.13428513211139,12.181404458421232],[108.13217178906294,12.181268081992094],[108.13157669580421,12.181063996267982],[108.13108841437742,12.180741653910593],[108.13076798075114,12.18029247446636],[108.13014999975638,12.179097520006907],[108.12961594152011,12.178737031507948],[108.12825790935985,12.178008424288782],[108.12650314842585,12.177142487218912],[108.12578598510247,12.176637994513602],[108.12507645129838,12.175993310508252],[108.12428299419095,12.175563203238303],[108.12313858514412,12.175192222838369],[108.12245194039468,12.175081596972877],[108.12144485996329,12.175081597210413],[108.12022415652552,12.175164567367649],[108.1197816523355,12.175303803090792],[108.11936203544163,12.175600396484498],[108.11905685924549,12.176007615637332],[108.11788956283893,12.17833171935402],[108.1174928331204,12.178731309641929],[108.11687485228218,12.179698334564948],[108.11669174761033,12.180078851743977],[108.11650864157373,12.18024669774242],[108.11573044390715,12.180390702782752],[108.11541763874929,12.180576669693583],[108.11487595140774,12.180999146529173],[108.11473862205301,12.181192743057109],[108.11436478172641,12.18231140303942],[108.11286179112957,12.184357033871523],[108.11289230837782,12.186585771269524],[108.11305252727476,12.189239847069052],[108.11371628433093,12.192704546361245],[108.11362473143413,12.193977701392537],[108.1132966671819,12.194680559869258],[108.11238876877297,12.19617878136292],[108.11133591319692,12.198303568759027],[108.10910050045048,12.201069223836084],[108.10635391881235,12.20507274967286],[108.10601059540927,12.205430377387419],[108.10508743961823,12.20581566138318],[108.10468308111187,12.206127513034634],[108.10382095915945,12.206991542504877],[108.10213486316646,12.208334315413206],[108.10147110620456,12.208624232461984],[108.09633652341496,12.21058117311693],[108.09611527111748,12.210979808899246],[108.09574143095281,12.211868633206628],[108.09526840851483,12.214405406734471],[108.09475723902666,12.216380466275591],[108.0945283573416,12.216778149740366],[108.09347550051025,12.217326511295289],[108.09227768598181,12.21761166003222],[108.09087387784211,12.218446125289832],[108.08993546173417,12.219361652990163],[108.0861283940111,12.22501789599204],[108.08576981260919,12.225764623407356],[108.08544174948007,12.22702347325368],[108.08527390205049,12.230312695684242],[108.08357254735006,12.233942380651555],[108.0833818120969,12.235104909989804],[108.08354965899846,12.235517850251348],[108.08462540490304,12.2365392356418],[108.08547226659883,12.237515798155588],[108.0858003308406,12.238725057574044],[108.0857621832945,12.239827504465193],[108.0856095954237,12.24066196958531],[108.08501450383602,12.241984715652],[108.08426682316001,12.243163457912344],[108.08189408081947,12.245544782932038],[108.08092514786132,12.24580990369491],[108.08016220925292,12.24581753273895],[108.07955185733233,12.246052137664629],[108.07921616342931,12.246364943245325],[108.0787278831644,12.247147909699615],[108.07685105184588,12.24972950623322],[108.0760347062056,12.25028454483453],[108.07533280155201,12.250526777216525],[108.07456223259037,12.251168600581307],[108.07368485298812,12.253116003995306],[108.0733262711606,12.254446380305339],[108.07304398409181,12.254876486962168],[108.07166306280682,12.25601898921265],[108.06976334419736,12.258615843919603],[108.06948105642833,12.259268157641785],[108.06778733127646,12.264748923641296],[108.06716935102949,12.26589905603522],[108.06633011634173,12.266375892995379],[108.06583420644927,12.266321532864781],[108.06553665955515,12.266031615529226],[108.06527726017619,12.265625350438768],[108.06469742651709,12.2650769875318],[108.06212632019009,12.264482848827045],[108.06090561730615,12.264365547116046],[108.06031815477924,12.264397019188888],[108.0598909073238,12.264654511218687],[108.05912033964371,12.265929572744003],[108.05878464562997,12.26715027647119],[108.05803696539772,12.268288963177762]]]]}}]}