{"type":"FeatureCollection","name":"gis.vn","features":[{"type":"Feature","properties":{"ma_tinh":"54","ten_tinh":"Phú Yên","loai":"Tỉnh","cap":1,"stt":36},"geometry":{"type":"MultiPolygon","coordinates":[[[[109.19505331413663,12.8306697278668],[109.19441244528956,12.830143299252166],[109.19318411187568,12.829337444351264],[109.19169637983308,12.82866319619864],[109.19113943480056,12.82846578686725],[109.19034597758316,12.82833131885191],[109.18836996411103,12.828220692086349],[109.18603536961506,12.827881184193728],[109.18560812422602,12.827782002055304],[109.18481466702339,12.827355709404175],[109.18360922143286,12.826954212498086],[109.18238088952795,12.826725330580667],[109.18159506203551,12.826623287656881],[109.18073293922656,12.826811161945608],[109.1792146910996,12.827769605097515],[109.17871115028197,12.828217830700448],[109.17828390444068,12.828667012026935],[109.17767355229189,12.827496854343204],[109.1771471242894,12.82664140810973],[109.1766435844701,12.826088277342146],[109.17600271554913,12.825753536821804],[109.17523214623913,12.825638142324559],[109.17327139218283,12.825734464545363],[109.1722566822704,12.826057759429817],[109.17085287452934,12.826597539673212],[109.1697542417295,12.826919881410603],[109.16828939747982,12.826827374371087],[109.16722128187685,12.826599446438903],[109.16516897542748,12.825659123206076],[109.16414663636473,12.824956265295402],[109.16300985636244,12.823930112833684],[109.16240713361452,12.823156682982015],[109.16178915296575,12.822203008226966],[109.16102621331203,12.820601788475635],[109.16068289067626,12.819244710382952],[109.16076681346678,12.818581906715584],[109.16122457769065,12.818000165302692],[109.16127798316379,12.817579594573429],[109.16078207274195,12.81645330508026],[109.15972921552776,12.814387646947594],[109.15939352264289,12.814197865634501],[109.15746328544148,12.813927975388076],[109.15646383432033,12.813313809303695],[109.15571615424015,12.81226095334963],[109.15550253128538,12.81148847737848],[109.15573141362539,12.810184804749616],[109.15573904237841,12.80971750357901],[109.15560171364419,12.809166280669512],[109.15498373259203,12.80764993747077],[109.15434286273619,12.806243268359923],[109.15351888757122,12.803900090088574],[109.15312216029356,12.803319302464649],[109.15253469631041,12.802572575391494],[109.15119955186196,12.801078168204835],[109.15004751343196,12.799695339931588],[109.14933035041477,12.798260060304242],[109.14820882946448,12.795777645701232],[109.14710256673516,12.793707218570203],[109.14615652094663,12.791335431296709],[109.14540884136707,12.789983121248975],[109.14463064282465,12.789180126485768],[109.14361593289856,12.787880268687747],[109.14166280767238,12.78431924903542],[109.14067098657982,12.782635059631232],[109.13967153521706,12.781527844011745],[109.1389696317534,12.781165448096393],[109.13838216769253,12.781106319947623],[109.13798543981838,12.781185474524298],[109.13768026329136,12.78134855352251],[109.13733694042679,12.781675664236456],[109.13556692187734,12.784358349988423],[109.1350252346321,12.785455074929626],[109.13409444902287,12.78660329954722],[109.13253042246221,12.788076726373925],[109.12992879843394,12.790285436905869],[109.12780019819289,12.792360631780994],[109.12444326505333,12.795443861194624],[109.12276479809884,12.79639467416955],[109.12054464343808,12.797258703742994],[109.11804220287699,12.798038809721245],[109.11714956299083,12.79811510327686],[109.11658498796663,12.798055975559764],[109.11624929516596,12.797860472930774],[109.11602041267075,12.797171919827854],[109.11613485369851,12.791122763634206],[109.11569997784368,12.789956419447925],[109.11444875757742,12.789350836334764],[109.11243459749147,12.788615552876331],[109.11183950413228,12.787755339294465],[109.11144277478307,12.786540357330628],[109.11086294115383,12.783966390054987],[109.1097261615472,12.78211053969954],[109.10863515826901,12.780750601215892],[109.10757467174356,12.778678266036078],[109.10758230179889,12.77764066886956],[109.10762807792632,12.777055112855653],[109.10804769449044,12.776111929094707],[109.10819265225055,12.775616971999519],[109.10810110076993,12.775300351599881],[109.10780355341244,12.774661389525372],[109.10755941251001,12.774017659702833],[109.1073839366172,12.773295728660365],[109.10709401958835,12.772696821039125],[109.10681173262061,12.772157994374577],[109.10634633942522,12.77186998486442],[109.10441610216813,12.77122148688056],[109.10354635140474,12.77084955400406],[109.10246297759187,12.770055142882148],[109.10222646629133,12.76968607110623],[109.10230276054762,12.768871632570047],[109.1026384533828,12.768231717631057],[109.10282155843485,12.767516462082812],[109.10266897141896,12.767050115069106],[109.10228750136827,12.766843168051803],[109.09976980135116,12.76613840293872],[109.09793111719074,12.765460340133444],[109.09687825992904,12.764845220136358],[109.09574147935302,12.763823835048456],[109.09532949311001,12.763662664041435],[109.0946123297561,12.763484326575918],[109.0926057988828,12.762482014828082],[109.09132406085557,12.76171430838687],[109.09055349179577,12.760710088595314],[109.09014150483068,12.760031073368646],[109.09010335781144,12.759239523011484],[109.09043142159302,12.75843080689433],[109.09039327407123,12.756988850736619],[109.09063741414595,12.755052892737385],[109.09083577897728,12.753972379535039],[109.09134694801892,12.753164616208515],[109.09225484586763,12.751232472820874],[109.09223958682561,12.750803319316649],[109.09188100628656,12.750305501003611],[109.09151479520136,12.750055638560438],[109.09026357436866,12.749578801603047],[109.0898973628623,12.749136296457166],[109.08979055210331,12.748475400546216],[109.08979818056352,12.747403470406933],[109.08970662735187,12.747017232211906],[109.08945485732737,12.74652036779458],[109.08865377166417,12.745580045147952],[109.08737203385571,12.744305936090198],[109.08584615455578,12.74352487633916],[109.08545705572512,12.74339326946721],[109.08395406482451,12.742744771493703],[109.0824358141644,12.742402402132553],[109.0813600700115,12.742394772375519],[109.08032247226059,12.742659894270583],[109.07925435780638,12.743147221802891],[109.07425710325921,12.74582418565423],[109.07296773619233,12.746126501071068],[109.07260915477562,12.746445982465275],[109.07247182494545,12.747170774351058],[109.07246419682211,12.74812444930105],[109.0721895372643,12.748890249428845],[109.07081624640264,12.750399916249695],[109.06971761440445,12.751217214100095],[109.06867238789383,12.752171842801115],[109.06816121786333,12.752525656990965],[109.06698629015824,12.752799360557974],[109.0664522333079,12.752787917125403],[109.06578084609751,12.75264581954813],[109.06517049435185,12.752229063641133],[109.06401845601577,12.750405638820613],[109.06340810410168,12.749796240448502],[109.06273671803844,12.749323218057746],[109.06226369548796,12.748853056358254],[109.06197377778925,12.7480252672632],[109.06184407825683,12.747254699040104],[109.0616457143549,12.74686846023226],[109.06087514489596,12.745630590498207],[109.0598604362164,12.744152395962942],[109.05961629489282,12.743934958001903],[109.05961318553726,12.74393514317067],[109.05928060157527,12.743954985246162],[109.0587541740863,12.744152396039768],[109.05809041603058,12.74453195865254],[109.05730458893174,12.74504884990865],[109.05592366786195,12.746331541542093],[109.05561086282086,12.746493666570695],[109.05544301617729,12.74649271269016],[109.05522176375777,12.746353475976331],[109.0546343007239,12.745827047844347],[109.05387899130295,12.745354025999005],[109.05326863849248,12.745294897943143],[109.05265065792301,12.745482771507893],[109.051223960638,12.746296256245127],[109.04973622896274,12.746780723410561],[109.0483324212283,12.74685224816027],[109.04660054818203,12.746702521632269],[109.04542562074917,12.746391623398784],[109.04462453459486,12.745890944026689],[109.04379293070437,12.744894355343108],[109.04301473235762,12.744091360958896],[109.04245778611646,12.743729918694966],[109.04212209307973,12.743727057092835],[109.04181691788033,12.743807166045798],[109.04097005438601,12.74454340315679],[109.03997823359518,12.745251029911941],[109.03939076936142,12.745494216197022],[109.03908559412686,12.745492309111448],[109.03868886539935,12.745269149322658],[109.03809377278992,12.744852393220672],[109.03745290362157,12.744022696299668],[109.03729268650382,12.743416160229595],[109.03729268651195,12.74289354621475],[109.03801747836071,12.741249412647182],[109.03863545947571,12.7392390662383],[109.03881093559846,12.73877748821259],[109.03879567684363,12.738237708127949],[109.03868123606442,12.737867682390897],[109.03849813030028,12.73755392437707],[109.03838368936898,12.737069457270122],[109.0384294660112,12.736771911344157],[109.0383302843596,12.736316053919083],[109.03814717763929,12.736158697779466],[109.03794118444594,12.736015647165567],[109.03752156790665,12.735984176284335],[109.03585835977785,12.736056655513522],[109.03519460230137,12.736023275968526],[109.0345232163088,12.736060469973417],[109.0334245831727,12.735963195398794],[109.03300496578025,12.735850661765419],[109.0326997897898,12.735545485611246],[109.03205892067943,12.734660476057783],[109.03183766909642,12.734494536625247],[109.03153249237162,12.734409659365717],[109.02984639709545,12.734451621255522],[109.02758809556458,12.734599441783471],[109.02708455604453,12.734733909809467],[109.0255052704953,12.735657065559023],[109.02481374384492,12.735760605558104],[109.02438374941735,12.735731452426748],[109.02371999252212,12.73523077410991],[109.02066823461448,12.732238143504022],[109.01894399100277,12.730878203639184],[109.01766225331174,12.730208724852279],[109.01333638615004,12.729214043235457],[109.01272603419407,12.728796333281519],[109.01235982448159,12.728464454810263],[109.01219960631762,12.72799524732287],[109.01259633504367,12.726564734709203],[109.012909139843,12.725828498575186],[109.013168538772,12.725560515394868],[109.01383992617276,12.725239127793545],[109.01436635432725,12.724773734759156],[109.01444264765078,12.724561065664135],[109.01464101220216,12.72440656930513],[109.01487752401164,12.724294990831519],[109.01535817614747,12.7242129745386],[109.01567098068013,12.724273055962719],[109.01628133208148,12.724276870941958],[109.01671620772748,12.724322646236178],[109.01700612523514,12.724240630606744],[109.01708241897367,12.724169105156985],[109.0172426358907,12.723716109733061],[109.01737233558025,12.723560660407603],[109.01764699358398,12.723362296072107],[109.01808949912576,12.723125785191305],[109.01915761393843,12.722774833313231],[109.01926442564742,12.722604125507765],[109.01924916697385,12.722544043587956],[109.01908894978786,12.722431510614983],[109.01657887863227,12.721769660158635],[109.01496144658276,12.72143682809958],[109.01406880780091,12.720937102512577],[109.01361104356819,12.719756453142946],[109.01336690327929,12.718324988397638],[109.013099874924,12.718180030753132],[109.01275655133492,12.718257277356289],[109.01213094167979,12.7186377937673],[109.01100942017449,12.718903869495602],[109.00876637869845,12.718942017060144],[109.00776692739448,12.71865972879581],[109.00698109977186,12.717994064069183],[109.00570699127417,12.716774314677876],[109.00481435105324,12.715504020377606],[109.00399037750427,12.71390280094584],[109.00292989121526,12.713070243586088],[109.00181599914487,12.712566704167617],[109.00048085533987,12.711481422127429],[108.9984666945898,12.709695189529498],[108.99675771041075,12.708415359153806],[108.99111958705313,12.704948752634724],[108.9916689045286,12.706317276069012],[108.99201222679041,12.70692571980825],[108.99196645050172,12.708016724029317],[108.99197407970104,12.70904669189328],[108.99281331356075,12.711023659241071],[108.9927827959373,12.712053627291459],[108.9929048660411,12.712296814016321],[108.99368306486727,12.712767928710921],[108.9953996781837,12.714427322159889],[108.9953157550869,12.714870780804256],[108.99424001100078,12.71639856707647],[108.99378987647708,12.717172951692948],[108.99384328231206,12.718021721692736],[108.99395772355123,12.718992561219244],[108.99451466897416,12.720320075953301],[108.9945528163834,12.721027702863664],[108.99043294330897,12.723835320468131],[108.98938008647532,12.724696487549258],[108.98737355505752,12.727085442947782],[108.9868166109676,12.72907099235312],[108.98650380425404,12.730716081085246],[108.98616048228317,12.734174104101768],[108.9860078948725,12.735182138129257],[108.98577138349143,12.736209245311898],[108.98541280189728,12.737155290757931],[108.98485585596025,12.7383416618852],[108.98480244973071,12.738524766712066],[108.9847261573853,12.739197106739141],[108.98459645681002,12.739614816313138],[108.98442098091941,12.74047026264636],[108.9842989104178,12.740750642474376],[108.98407002939742,12.741657586686374],[108.98402425178853,12.74226317010699],[108.98404713970942,12.743759485218115],[108.98432942835313,12.744325014084584],[108.98679372252737,12.7458861791967],[108.98789235550827,12.746694894570188],[108.98819753144663,12.74702486602144],[108.9885255957925,12.747886987704769],[108.98847218919735,12.749932618642303],[108.98840352564001,12.750787111088396],[108.98857900181392,12.751306863609601],[108.9892427589688,12.751943918100459],[108.9900438459761,12.752586694918586],[108.99073049099381,12.753224702639246],[108.9911882549774,12.75383696159445],[108.99154683576171,12.754476876909424],[108.99137899025935,12.757022233823674],[108.99104329587915,12.757761332589798],[108.99089070825379,12.758406015634083],[108.99088307879475,12.760265680738938],[108.99107381437345,12.760757776547509],[108.99125691927874,12.761055323662115],[108.99131795437333,12.761592241272563],[108.9911043309249,12.761908861339084],[108.99048634973074,12.762527796397528],[108.98946401219692,12.763310762804448],[108.98935720010898,12.76366076123991],[108.98951741764088,12.764780375980331],[108.9894258657381,12.765585276462673],[108.98843404372316,12.766972872479096],[108.98809835006762,12.767152163774483],[108.98753377545037,12.767312380909187],[108.98735066974497,12.767420146111682],[108.98709126999385,12.767891260994547],[108.98699971763959,12.768759104714816],[108.98686238826886,12.769485804950447],[108.98629018374503,12.770077082641123],[108.98574849634888,12.770490976784545],[108.9854585798609,12.771007869279428],[108.9855653918683,12.771431299791754],[108.98623677872055,12.771736475997132],[108.98675557695877,12.771904323414697],[108.98677846577421,12.772313449375304],[108.98645803050454,12.772779795721284],[108.9863130722144,12.773206088403503],[108.9863664775285,12.773497913141368],[108.98687764781607,12.77372870228737],[108.9872972636156,12.774031970463412],[108.98748799881811,12.77521071188804],[108.98786184013234,12.776020381170149],[108.98801442777533,12.777174327403259],[108.98817464527438,12.778989169001777],[108.98806020350533,12.779939029402955],[108.98793813394838,12.780198428532996],[108.9879991689161,12.781257007408993],[108.98786946936241,12.78151068424824],[108.98733541089098,12.782085750414327],[108.98701497684596,12.78230891047574],[108.9868071329064,12.78241016793993],[108.98671743111711,12.782453868375665],[108.98584767978407,12.782999370724088],[108.9852754751549,12.783243510405597],[108.98423787718379,12.783519122747231],[108.98390981327326,12.783528659893292],[108.9835817491203,12.783427570451769],[108.98299428600811,12.782840106932829],[108.98266622220764,12.782749507355401],[108.98204061232707,12.782699917036823],[108.98151418299314,12.78271040677983],[108.98094197881599,12.782788608507223],[108.98075887267942,12.782858227199343],[108.98069783799842,12.782953594103065],[108.98067495024495,12.783151004456366],[108.98090383225362,12.783455227075734],[108.9811708612916,12.78397211909516],[108.98139974305909,12.78499159542191],[108.98136159633464,12.785327289672466],[108.98124715541344,12.785737369610512],[108.98105642026538,12.786199902051667],[108.98082753850748,12.786531779772718],[108.98060628501383,12.786649082205455],[108.98046132723378,12.786621425793324],[108.98025533283814,12.786499354608072],[108.97939321225806,12.78568491835952],[108.977943627014,12.78474459526067],[108.97740956864843,12.784450863368084],[108.97718831678013,12.784461352722028],[108.97705098816988,12.784513805948167],[108.97692891707892,12.784993504274215],[108.97661611172319,12.785892819449016],[108.97648641224689,12.786090229271327],[108.97586080191677,12.786371563279289],[108.97509023334077,12.786535595039066],[108.97474690960438,12.786859843893838],[108.97471639306166,12.787196491156347],[108.97480031610401,12.78768191269026],[108.97491475670081,12.7878306850534],[108.9752275624136,12.787996624158584],[108.97563192022535,12.788407658511494],[108.9757387323418,12.788621280961904],[108.97573873171403,12.788786265842628],[108.97564717871397,12.789100025447347],[108.97573110181445,12.78942046031901],[108.97571584379952,12.789548252376187],[108.97557851454043,12.789777134137033],[108.97536489110236,12.789888714155305],[108.97489186928873,12.789823864646047],[108.97457906363448,12.789855335335057],[108.9740526361285,12.790003155608943],[108.97375508935062,12.790007923098939],[108.97342702491342,12.789985989409276],[108.97271749179889,12.789756153400504],[108.9725572739134,12.789798115729246],[108.97230550427925,12.789968823414089],[108.97190114580256,12.790644978279753],[108.9719164053709,12.790868138716082],[108.97203084584132,12.7910016528147],[108.97218343451685,12.791070316436775],[108.9727251210625,12.791146610870554],[108.9729463733622,12.7912581903563],[108.97325154876184,12.791791294822318],[108.97365590679703,12.791967724263593],[108.97375508937544,12.792085980355312],[108.97361776062483,12.79315600213104],[108.97367879479886,12.793316219430656],[108.97380086629883,12.793476437830225],[108.974029747395,12.793626164230043],[108.9745714342832,12.793847416219498],[108.97490712813766,12.794178341248202],[108.97526570969154,12.79470095598632],[108.97602864923415,12.795982693170018],[108.97610494331397,12.796526287921933],[108.9758455437027,12.797882412932108],[108.9754030381362,12.798910473759765],[108.97485372265413,12.799515103578328],[108.9743807007942,12.799738262593566],[108.97398397199066,12.799785947076172],[108.9735414661223,12.799704884606118],[108.97302266706761,12.799443578291568],[108.97267934561579,12.799325321863458],[108.9719774401347,12.799382542948832],[108.97139760687811,12.799461698366253],[108.970916954055,12.799583768405798],[108.97063466751516,12.799764012874803],[108.97051259730371,12.799971914197803],[108.97047445025177,12.800184583240785],[108.9705660021598,12.800408696084652],[108.9709322136365,12.800761556275834],[108.97152730613527,12.801194524451104],[108.97186299991276,12.801488256344985],[108.97261830995016,12.80281863121854],[108.97316762699319,12.803292607925822],[108.97376271964156,12.803885792864003],[108.97391530670424,12.804511402688213],[108.97387716097677,12.805265760338795],[108.97369405483455,12.806845997879751],[108.97354146703105,12.80713114735527],[108.97315999718252,12.807371472946764],[108.97232839288233,12.807660436012867],[108.97193929406072,12.808105802306967],[108.9718248533256,12.808800077149382],[108.97203847642183,12.81035647335794],[108.97306844523148,12.812797879078225],[108.9731828861486,12.813697194615514],[108.97287771005246,12.814989423857584],[108.97264119960354,12.815607404536902],[108.97234365231341,12.81586012841586],[108.97129842520559,12.816141462466469],[108.97042867412061,12.816301679477782],[108.96788045590047,12.81605753841872],[108.96551534407415,12.816196776126544],[108.96424123464601,12.816148137546865],[108.96336385533974,12.815960264329581],[108.96194478693955,12.81517348298856],[108.96099111266271,12.814505911129435],[108.96018239700867,12.813508367643415],[108.95964070966295,12.813033438010711],[108.95836660116765,12.812461233035915],[108.95690175793632,12.811463689871658],[108.95567342432439,12.811172818866622],[108.95469686279031,12.810707426049577],[108.95330831244063,12.810197211335073],[108.95233937925406,12.810203886231058],[108.95127889355767,12.8105329045441],[108.94938680365047,12.811395979197483],[108.94882222822044,12.811434126513495],[108.94824239479081,12.811259604569095],[108.94764730150162,12.810842848294815],[108.94714376119192,12.81032977190625],[108.94684621493357,12.809535361786075],[108.94680806803986,12.808052397276096],[108.94672414398775,12.806802130648755],[108.9465562980516,12.806269026691016],[108.94619771587239,12.805930472384759],[108.94579335778113,12.80564913831271],[108.94534322412068,12.805406904500831],[108.94491597802927,12.805425978736382],[108.94235250142079,12.80678305745993],[108.94151326775727,12.807093001518307],[108.94084951105576,12.807053900825512],[108.9403993759169,12.806889869028689],[108.94017049374258,12.806627608966526],[108.93995687106529,12.806201315584126],[108.93991872360215,12.805658674784532],[108.94004079521412,12.805203772765262],[108.94023153023676,12.80470881588273],[108.9400179070723,12.804642058852975],[108.93975850726295,12.804725027773769],[108.93816396386828,12.810036040830523],[108.93779775274226,12.810199118896255],[108.9170763164894,12.81121287550581],[108.91147634121211,12.80859408609303],[108.91088124840219,12.808782913739147],[108.91003438529604,12.809579231714636],[108.90904256468596,12.809986451041208],[108.90840932417012,12.810355523223244],[108.90769979021887,12.811346390604303],[108.90634175843576,12.812193253081933],[108.90359517679349,12.81435809472511],[108.9025041732442,12.813492157757317],[108.90168782776696,12.813457825413305],[108.89998647270012,12.814205506332096],[108.89781209535712,12.814796785122454],[108.89474507824143,12.815270760549485],[108.89322682959133,12.815313676265188],[108.89177724419349,12.815121988482495],[108.89122029804433,12.814978937125147],[108.88989278423361,12.815162042574968],[108.88856526891605,12.81578860635991],[108.88706227838853,12.817216257751973],[108.88692494966647,12.817215303614262],[108.88623067389163,12.816351274698926],[108.88494130634564,12.815371850556232],[108.88237782990774,12.814755777140201],[108.88145467320537,12.814139703273545],[108.88043996393296,12.813854555817327],[108.87846395058914,12.81435141922072],[108.87537404574601,12.816266397566862],[108.87443562979641,12.816583018112908],[108.87300893278305,12.816570620097751],[108.87157460734396,12.816315988662142],[108.86972066397166,12.816439013285935],[108.86774465041444,12.816893916581998],[108.86674520111805,12.817730288666285],[108.86601277895508,12.820880274761883],[108.86553975642367,12.82235751669538],[108.86461659900186,12.82439837939789],[108.86405202451097,12.824725489970962],[108.862594809766,12.824769358922524],[108.8622209700642,12.825374941782993],[108.86209889898244,12.826814037328173],[108.8618852761745,12.827097277592383],[108.85969564026841,12.826415400777805],[108.85540792003108,12.828177791275465],[108.8533022070896,12.830926281223269],[108.85008260295626,12.835652690437511],[108.84948751074214,12.838490826184305],[108.84927388768237,12.839242321619503],[108.84958669218754,12.84112201446677],[108.85047170293295,12.854222638502932],[108.84884664186326,12.854852063703762],[108.84827443748668,12.854833943660287],[108.84737416920545,12.85560641941767],[108.84666463505235,12.85604415715349],[108.84570333123143,12.857331617158755],[108.83972188597434,12.85818134119345],[108.8394395986097,12.85893951268882],[108.83889028177104,12.859562261078745],[108.83777639053132,12.860327108581183],[108.83761617361394,12.861396177968185],[108.8353960195852,12.861576421862218],[108.83307668357669,12.8620856833846],[108.83287068994429,12.863333089812775],[108.83161946941618,12.865372046389934],[108.82988759743654,12.867089614522408],[108.82703420371364,12.86805091767481],[108.82603475219045,12.868009909493816],[108.82392903958312,12.867005690738138],[108.82215902045766,12.866789206512353],[108.82076284134254,12.867720946201676],[108.81742879564563,12.87034450442378],[108.81702443760759,12.870796546922776],[108.81684896102601,12.871284828286813],[108.8168337019547,12.87180648824357],[108.81733724320735,12.872207030455545],[108.81856557513126,12.872852668161764],[108.81850454030214,12.87297092355979],[108.8174593137282,12.873451576017489],[108.8155672233938,12.874698028154473],[108.81412526742747,12.874579772763678],[108.8131105584071,12.874637947416371],[108.81222554817157,12.874894485587777],[108.81132528042275,12.87492691039591],[108.80905172045546,12.873275146439868],[108.80825063411382,12.872944221547414],[108.80622884448361,12.87413059274915],[108.80521413500674,12.87424789472347],[108.80384847297012,12.873363838676692],[108.80210897075827,12.871280060289164],[108.80149861898452,12.871030197839533],[108.80017110525912,12.871310577610215],[108.79837056814644,12.871414528902712],[108.7974321521501,12.871168481029255],[108.79695149933008,12.87043701148922],[108.79689809436178,12.869623527440682],[108.79727956406204,12.868007049241365],[108.7970964581929,12.86764942163734],[108.79587575559452,12.867215500766488],[108.79358693608593,12.867556916194332],[108.79344960732908,12.869145736828372],[108.79283925665611,12.86973701518075],[108.7904741438743,12.87066017184185],[108.78961202241832,12.871716843022819],[108.78964253932698,12.873726235133873],[108.78927632833424,12.875429497281036],[108.78731557472885,12.87707840060207],[108.78671285263303,12.877912865659816],[108.78633901262856,12.879958497697272],[108.78518697366701,12.882565842629345],[108.78500386926359,12.883880006904754],[108.78472921011016,12.88522659514663],[108.78374501799357,12.887002336022388],[108.7838823482681,12.887618410478574],[108.78466817555274,12.889495241360097],[108.78459951147758,12.890255319338403],[108.78330251463716,12.891764032502444],[108.78292104419275,12.892455446384187],[108.78278371532217,12.892982827935251],[108.78264638631747,12.894078600721192],[108.78236409842351,12.894579279560288],[108.78176900521949,12.894990312174224],[108.78101369516004,12.89573036463344],[108.7806551143641,12.896870958399097],[108.77957174095596,12.897073137885025],[108.77841207227888,12.898250925439898],[108.77795430852869,12.898497927651547],[108.77645894761734,12.89865051520169],[108.77446767570002,12.899030077670556],[108.77419301676058,12.89921413730931],[108.77413961114115,12.899331439201118],[108.77437612235688,12.901566850914586],[108.7739107301074,12.903541910885135],[108.77359029515893,12.905749667356133],[108.77327748961335,12.906346667073914],[108.77333852502947,12.90804611552318],[108.77258321509545,12.909003604220585],[108.77227803863953,12.909725535929258],[108.771888939609,12.910136569715577],[108.77177449947966,12.910656321373198],[108.77156087567494,12.91097484980432],[108.77115651846377,12.911142695694162],[108.77102681900793,12.911569941676277],[108.77101155977311,12.91187225631916],[108.77146932419366,12.912082064867972],[108.77148458207303,12.912248957953114],[108.77108785404226,12.912610400362924],[108.77072927185594,12.91323028906788],[108.77061483095044,12.913641322763802],[108.770706384039,12.915168155709543],[108.77067586733182,12.91571270360857],[108.77048513259759,12.916241039024234],[108.77030965610193,12.91633354600172],[108.76962301070216,12.91624103920179],[108.76940938708337,12.91624962177731],[108.76920339338977,12.91640030273215],[108.76900502958904,12.916811335669808],[108.76878377681474,12.91685329763928],[108.76850148930599,12.916802752812359],[108.76820394291012,12.916844715341506],[108.76770040360898,12.91725574876231],[108.76754018521541,12.917532314270593],[108.76756307429378,12.917876591009001],[108.76748677993648,12.918111195007413],[108.76735707984957,12.918203701241724],[108.76715108625103,12.918212284404932],[108.76680013467903,12.918102610779055],[108.76652547610126,12.918135989953322],[108.76636525938486,12.918261875550138],[108.76622792993541,12.91856419062266],[108.76613637689681,12.919017185325979],[108.76575490734061,12.919243206491435],[108.76551076675187,12.919276585256128],[108.7652055908492,12.919167865959688],[108.76506826219655,12.919218409931462],[108.76499959698253,12.919302334392725],[108.7649004157337,12.91981350367892],[108.76466390469815,12.920081486718898],[108.764061182634,12.920442927926365],[108.76299306672459,12.921797146157482],[108.76261922624731,12.922566761474032],[108.76248189733577,12.923391689158283],[108.76169606979177,12.926330913585888],[108.76110097646621,12.927357067853947],[108.7609407592735,12.928181043259746],[108.76110860641545,12.92979465991764],[108.76087972498435,12.930889477756402],[108.76024648518029,12.932072987802652],[108.75946828641715,12.93272720848859],[108.75817891866387,12.933587421904004],[108.75672933368827,12.933575025570821],[108.75603505837368,12.934435238914926],[108.75574514160374,12.935813298583826],[108.75505086800736,12.936712613106591],[108.75372335326209,12.938279500563942],[108.75349447086478,12.93929516410101],[108.75416585833221,12.940635076442437],[108.75388357037937,12.943914762133838],[108.75379201763623,12.944094052767477],[108.75372335365799,12.944630018150109],[108.75354024700971,12.944840779754639],[108.7533266240081,12.94490372307492],[108.75276967932254,12.944755903251975],[108.75240346824683,12.944734922029957],[108.75205251585272,12.94476734689001],[108.75122091215425,12.944966665187037],[108.75089284770709,12.945240369590465],[108.75066396606685,12.945566526389484],[108.75044271359438,12.945744863639124],[108.75025197776073,12.945713392032722],[108.75012990816661,12.945597998233453],[108.75009939140891,12.945387235632118],[108.75002309704887,12.94528233062969],[108.74979421551518,12.945303312142592],[108.74932119230553,12.94559799785106],[108.74854299381448,12.945545546303391],[108.74822255882476,12.94560848828178],[108.74752828556754,12.945882193050432],[108.7472154790424,12.946081511010203],[108.74719259092377,12.946250311548585],[108.7473375498615,12.946513524931865],[108.74768850236454,12.946670881500562],[108.74794027191444,12.946871152884253],[108.7479631602797,12.947080961032668],[108.74783345994894,12.94721829024271],[108.74700185643842,12.94712387684576],[108.74646016958829,12.947491995011505],[108.74596425924483,12.947764746590392],[108.74588796523582,12.948038450362368],[108.74575063598802,12.948238721983868],[108.7455217545314,12.948228231134014],[108.7454073127296,12.94808041210489],[108.74511739581935,12.94801460860697],[108.74431630952316,12.94833027527279],[108.74404165118627,12.948624960097634],[108.74373647547267,12.9486144708217],[108.74360677633287,12.948520056888494],[108.74349996449371,12.948078505404313],[108.7433397469262,12.947800032445281],[108.74287435378777,12.947667471671815],[108.7423402963642,12.94778381915718],[108.74176046174493,12.947783819626796],[108.74092885806071,12.947972647773355],[108.73997518364139,12.948099485664594],[108.73970052570785,12.94803558993511],[108.73947164419974,12.947783819380382],[108.73839589896104,12.94790970506179],[108.73722097305864,12.94777332937654],[108.73652669798008,12.94777332959928],[108.73550435913306,12.948269240177815],[108.73490163733788,12.949308745149432],[108.73448201993592,12.950266234165774],[108.73358938129228,12.951886527414036],[108.73265096495703,12.952391973895248],[108.73238393570881,12.952473037566545],[108.73059865837668,12.95220982304985],[108.72869893929528,12.952028625700766],[108.72774526474345,12.952189796451202],[108.72713491290011,12.952350013579615],[108.72567006848186,12.952246062643773],[108.7249757936661,12.95248066622649],[108.72478505923318,12.952421538446504],[108.72437307195914,12.951979987448011],[108.72415944907142,12.951858871740727],[108.7238161255351,12.951819770682857],[108.72353383855162,12.9519027407623],[108.72318288673038,12.952158324386865],[108.72266408746673,12.952716224660174],[108.72206136625584,12.95257221933708],[108.72149678989352,12.952815406724781],[108.72116109642468,12.953224532786267],[108.72090932730228,12.95332276165518],[108.71997091173395,12.954083793797187],[108.71919271298256,12.954526298371592],[108.718910426005,12.954653136568238],[108.71882650151652,12.954628341877923],[108.71879598449613,12.954437606890952],[108.71904775463858,12.954148643414248],[108.71917745406651,12.953549735514065],[108.71953603586168,12.952659003783916],[108.71958944171087,12.952412002450973],[108.71958181151163,12.952245109645006],[108.7195512945653,12.952074402138855],[108.71929952446925,12.951540343958513],[108.71919271254671,12.951385848537225],[108.7191011607733,12.951311461870215],[108.71897146090072,12.951298110503656],[108.71882650159675,12.951120727737099],[108.71877309669107,12.950825088414005],[108.71882650200727,12.950397842591714],[108.71881124389789,12.950048797510076],[108.71843740262578,12.948500983647268],[108.71828481490877,12.948305480864592],[108.717903345177,12.948083274230873],[108.71719381178272,12.947841994355606],[108.7170183355802,12.947615020386191],[108.71683522927981,12.947456710833643],[108.71561452615337,12.94707714821209],[108.71501180442876,12.94669758531021],[108.71455404064156,12.94655644204904],[108.71440908228121,12.946358077336479],[108.71434804743697,12.94605767033642],[108.7143785646815,12.945756309942896],[108.71421071822314,12.945396773200116],[108.7139970956692,12.945196502290374],[108.7136690311327,12.945035331656106],[108.7134859257466,12.945017212057097],[108.71296712600426,12.945238463951293],[108.71281453808659,12.945528380759917],[108.71266195104536,12.946127289191265],[108.71257039880547,12.946266524666465],[108.71241781029715,12.946372382919211],[108.71222707526084,12.946424835192122],[108.71202871107212,12.946433417634232],[108.71172353557644,12.946288459784139],[108.71137258366521,12.946019523839087],[108.7111360719695,12.945750587502872],[108.71094533725784,12.945447319154079],[108.71082326595914,12.945083016086398],[108.71083852556309,12.944745415082952],[108.71113607204208,12.944263809102713],[108.71173879436442,12.94383751622628],[108.71228811013209,12.943375938842761],[108.71252462080496,12.943040244976423],[108.71257039795444,12.94266831173937],[108.71239492204302,12.942109458690824],[108.71205159925637,12.941419951436988],[108.71158620577181,12.94201218316573],[108.71128103023385,12.94233643391882],[108.71102926007148,12.942733162028382],[108.71054860797595,12.943126075721718],[108.7101518805355,12.943212859590659],[108.7096559692544,12.943203322645978],[108.70912954148798,12.943107955400473],[108.70861074193178,12.942934386531341],[108.7068636106667,12.94218575269577],[108.70583364166272,12.942020766840917],[108.70496389116941,12.942136162025083],[108.7034303834509,12.943441742227336],[108.70304128387706,12.944393509411912],[108.7004472905318,12.948001259238033],[108.70037862528328,12.948668831150107],[108.7005083254907,12.94922005558413],[108.7009966065024,12.949563377187605],[108.7018129518911,12.949937217932868],[108.70275899629215,12.950457924585624],[108.70359059994482,12.951543204956801],[108.70451375723204,12.953436249212057],[108.70468160499253,12.957436913525097],[108.7052843263781,12.9590095223223],[108.70535299232859,12.961299294558621],[108.70552846832283,12.962537163966406],[108.70561239092166,12.963974350543863],[108.7054521736572,12.964955681825366],[108.70502492843178,12.965834015618453],[108.70465871756522,12.96624886438767],[108.70316335498556,12.966990822892283],[108.70220968073889,12.96771656885075],[108.70130178345269,12.968284005169743],[108.69980642240978,12.968803758198566],[108.69870778924272,12.9693559352165],[108.69623586542244,12.970784539830584],[108.69261190330708,12.972205514711993],[108.69219991527477,12.972763414699063],[108.69203969788123,12.973673220222889],[108.69189473980278,12.975157137113332],[108.69219991574496,12.978062028933195],[108.6920549571871,12.979258889784695],[108.69145986460025,12.980040903231986],[108.69055196607604,12.980886812211466],[108.68940755706242,12.981413241511051],[108.68815633621622,12.98174798034619],[108.68401357563398,12.981716509208804],[108.68215963209029,12.981604929579232],[108.68121358719057,12.982051249962511],[108.67941305037083,12.982785578847839],[108.67842122902333,12.983392115423062],[108.67793294817174,12.98379075223596],[108.67752859072958,12.984669086002846],[108.67723867377528,12.985639926084593],[108.677192896207,12.986153003212268],[108.6767046151957,12.986918803523283],[108.67603322829511,12.987732288207086],[108.67401906834601,12.989679691401719],[108.67359182217626,12.990266200624946],[108.6730043597476,12.991840717647047],[108.67262288981942,12.993032809398512],[108.67255422571691,12.99408375939485],[108.6727525894607,12.994613048904176],[108.67381307576171,12.995525714588481],[108.67462942098457,12.996028301749545],[108.67565176000699,12.996427890953656],[108.67710134465253,12.996924754128365],[108.67951223296804,12.997391101352969],[108.68013021358986,12.997684833410005],[108.68111440569206,12.998319026503077],[108.68193075126547,12.99926888616994],[108.68157979877198,13.000110027579792],[108.68154165202827,13.000346538130836],[108.68173238675853,13.00103795281537],[108.68202230417153,13.00149285486843],[108.68245718057726,13.00186764881261],[108.68420431159115,13.002708789775],[108.68565389604237,13.003768321563802],[108.68685171187255,13.005560275790076],[108.6875002092571,13.006412860193988],[108.68914052940846,13.008879062915705],[108.69183370577913,13.014517184822028],[108.69274923416066,13.016780254570335],[108.69289419179195,13.016723033769372],[108.69508382907661,13.016728755384856],[108.69711324820949,13.0169109076148],[108.69997427058225,13.017347690372453],[108.70243093499484,13.017542238922553],[108.70474264266035,13.017614719588778],[108.71163961562137,13.017403956678777],[108.71438619772424,13.017423983472693],[108.72044393659185,13.019392367979766],[108.72625753654009,13.021401758405105],[108.74538442850782,13.028140420543371],[108.74602529750662,13.028321618938634],[108.75046560540112,13.030101174646251],[108.75297567595958,13.031059617672891],[108.75321981704005,13.03114449488819],[108.7541200852582,13.031295175835533],[108.75453207292827,13.031451577353032],[108.75668356227392,13.033125276884032],[108.75675222720709,13.033295030489763],[108.75675222722268,13.033686990796351],[108.75657675024136,13.03409611703268],[108.75663015682335,13.034540528878768],[108.75605795231655,13.036825533200872],[108.7546922914607,13.049579020822536],[108.75277731399854,13.068123218718624],[108.75187704542483,13.075286266441472],[108.75046560796861,13.082461712482633],[108.74923727636288,13.091821072446356],[108.7534410724533,13.097776768947012],[108.75424978830229,13.099129078732279],[108.75531790367087,13.100631116017201],[108.75614950774653,13.101649639629805],[108.75715658804175,13.102288601447855],[108.75725577101191,13.105899213117075],[108.75780508670407,13.108858465256695],[108.75894949586045,13.11294877410083],[108.76004050003623,13.114865658845325],[108.76140616166856,13.116014836943876],[108.76441977257163,13.116968511355411],[108.76772330088619,13.117956517616614],[108.76885245054139,13.118745206114092],[108.76908133279846,13.119634983924259],[108.76868460428082,13.120764135386073],[108.76806662388402,13.121725438004276],[108.76702902562766,13.122463582117428],[108.76259634738544,13.123892186765595],[108.76136038539981,13.12415730812664],[108.76049063489856,13.124727605280622],[108.75983450633262,13.125684141542528],[108.75951407176527,13.12775361469124],[108.75949118341859,13.128708242418096],[108.75973532508638,13.129723905585719],[108.76020834699312,13.131121991495535],[108.76153586244394,13.133615851138114],[108.76168844990839,13.134544729823483],[108.76180289087237,13.134980558893107],[108.76197836733034,13.135197997075139],[108.76315329410781,13.135835051311075],[108.76380179205587,13.136396764741495],[108.76413748541475,13.13656937973848],[108.76432822045022,13.13657414864711],[108.76456473242271,13.136437772981886],[108.76549551840533,13.135445951480325],[108.76580832299146,13.13518273771086],[108.76666281495308,13.134726880240988],[108.76690695649478,13.13451516536961],[108.76722739003164,13.134135602997835],[108.76747916038437,13.134044050321533],[108.76791403676046,13.134044050864956],[108.7683870580101,13.134125112946617],[108.77155325705499,13.135228513407396],[108.77426932128574,13.136052488161495],[108.7767641334428,13.13733804126117],[108.77717612155969,13.137656568491616],[108.77742789195386,13.13798081707903],[108.7775423326462,13.138420461100488],[108.77747366749448,13.139422773055653],[108.77731345080376,13.140096067132612],[108.77574179602192,13.144148229976151],[108.77561209629098,13.144714712896597],[108.77560446633923,13.145388006366119],[108.77573416558734,13.146040320035723],[108.77606985968244,13.14664304181],[108.77640555322105,13.1469005340449],[108.7772447859451,13.147179006479512],[108.77841971350941,13.14724480973329],[108.77925894585809,13.147133230268395],[108.77989218613257,13.146966337984356],[108.78092215402079,13.1464503992966],[108.78135703056743,13.146030782799931],[108.78159354113069,13.145635961559886],[108.78189871741823,13.144581197737617],[108.78242514550605,13.143065809016129],[108.78265402705836,13.142716764622149],[108.78352377817669,13.142033933167202],[108.78398154196518,13.141800283004873],[108.78574393215601,13.141391157118566],[108.78619406568687,13.141355870730035],[108.78646872392187,13.14140641493784],[108.78672812444793,13.141542791333114],[108.78998587566423,13.146973966579914],[108.79038260435917,13.14744508135987],[108.79066489162503,13.147546171407575],[108.79088614400867,13.147500394406606],[108.79116080209184,13.147293447522193],[108.79140494371957,13.14696919803451],[108.79157278896619,13.146543858969855],[108.79181693067669,13.1449655279402],[108.7924501706547,13.142805455647858],[108.79267905092168,13.14229905347569],[108.79313681532238,13.14173734024077],[108.79367087300712,13.141393063940095],[108.79405997260338,13.14128243811406],[108.7952501574326,13.14118611703543],[108.79559348027799,13.14120137479267],[108.79588339703685,13.141327260072952],[108.79603598567749,13.141616223686293],[108.79660819009777,13.145934460820998],[108.79681570848531,13.147290877207961],[108.79702780627437,13.148677228082466],[108.79706595399512,13.149112104058819],[108.79656241331081,13.151328443366886],[108.79658530172385,13.151717542457426],[108.79673026083954,13.152026531924355],[108.79705832522941,13.152268765816169],[108.79744742426448,13.1523097741079],[108.79973624229784,13.151910184195595],[108.80048392266589,13.151874898123477],[108.80206320755104,13.152142881260119],[108.80271170626585,13.152127621768358],[108.80324576369158,13.151980756278943],[108.8036043451014,13.151694654201101],[108.8038484855982,13.15117585476607],[108.8039018919782,13.150685665478033],[108.80377219144589,13.150139210437922],[108.80315421099763,13.14884888932846],[108.80302451105419,13.148271916620915],[108.80316183930778,13.147229550266854],[108.80344412763687,13.146359799307172],[108.80381033841799,13.145873425369414],[108.8041841790499,13.145726559265418],[108.8045809074152,13.145792362572166],[108.80506918825301,13.146055577256764],[108.80551932264596,13.146557209523976],[108.80589316384967,13.14724957796652],[108.8062212278858,13.14841401380382],[108.80628226260896,13.148763058524198],[108.80630515077748,13.14946114854764],[108.80637381621726,13.149774906335617],[108.8066484740181,13.15046059826463],[108.80702231381755,13.152210591962367],[108.80733511904482,13.153055546555729],[108.80782340156729,13.153794644686089],[108.80878470398338,13.154731152828571],[108.80918906224078,13.154918073045776],[108.81003592505961,13.155120252123677],[108.81037161781812,13.155291912259852],[108.81064627756345,13.155510304274147],[108.81190512728305,13.157341358841995],[108.81298087156354,13.15858590366812],[108.81341574785876,13.15890538463589],[108.81429312785201,13.159173367666156],[108.81501792028556,13.159263966975468],[108.81537650123046,13.159208653323784],[108.81562064219807,13.15907227801241],[108.81756613715497,13.157626507908263],[108.81813834236655,13.157329914567095],[108.81855032961019,13.157249806288583],[108.81971762774404,13.157235501540185],[108.82021353775649,13.157184956173662],[108.82064078397575,13.157002804186853],[108.82098410648062,13.156704303947805],[108.82134268890854,13.156182644239491],[108.82209799827511,13.154298184306064],[108.82242606283116,13.153814670684078],[108.822662573671,13.153541919947514],[108.82292197267164,13.153419849895275],[108.82337210754359,13.153384564115344],[108.82358573081208,13.153468486861259],[108.82373831837413,13.153561947374394],[108.82410452885158,13.153931018898852],[108.82436392827904,13.154351589323525],[108.82447836941161,13.154751179282854],[108.82474539862606,13.158317921627706],[108.82511160941038,13.160440799943117],[108.8253862675855,13.161465046531562],[108.82588217807465,13.16265713941454],[108.826561195186,13.163871167818412],[108.82723258109921,13.164622662521841],[108.8279497440493,13.165110943162865],[108.8287660904397,13.16542660962883],[108.82952140034145,13.165487644582393],[108.83011649195475,13.165409443411638],[108.83083365484976,13.16516625624312],[108.83202384120465,13.164518711537575],[108.83319113785451,13.163770077467884],[108.8332674325097,13.163648006774407],[108.83330557935794,13.163177845074083],[108.83337424457821,13.163058635934302],[108.83365653128202,13.1628669467367],[108.83519003979245,13.16213547848617],[108.83661673727092,13.161763545670839],[108.83736441755488,13.161702510444718],[108.83831046230846,13.16185509838229],[108.83862326720437,13.161960956952754],[108.84013388753844,13.16292512212958],[108.84046958127905,13.163228390193138],[108.8411638566445,13.163982745437442],[108.84151480862937,13.16428601450696],[108.84211753025505,13.164670346147775],[108.8422014533418,13.16478192459796],[108.84220534163649,13.164827672394935],[108.84223197160257,13.165141050943822],[108.84230826587803,13.166038867599504],[108.84229300656511,13.166230556868586],[108.84220908358716,13.16637646879418],[108.8402788465705,13.167670604845839],[108.8394548712867,13.168291446653154],[108.83913443772762,13.168585178615094],[108.83894370224803,13.168883679044908],[108.83861563822491,13.169693348493567],[108.83852408575831,13.17012822430557],[108.83860037947568,13.170584080437182],[108.838897925688,13.17107903688125],[108.83943961232676,13.171574948539423],[108.84203360792829,13.17341744634485],[108.84264395857318,13.173913357192692],[108.8430559459382,13.174383518126687],[108.84401725032238,13.17618977793455],[108.84421561441012,13.176731465541941],[108.84429190771006,13.177642224039568],[108.84379599786632,13.179604885079753],[108.84372733353248,13.18025815240148],[108.8438112567997,13.180743573428835],[108.84405539721656,13.18112313500323],[108.84483359510364,13.182041523565754],[108.84549735365741,13.18263280171652],[108.84593985798126,13.182954190716181],[108.8462221456308,13.182965634727353],[108.8465349498902,13.182801602615681],[108.84667990914386,13.182663319745352],[108.84726737193435,13.181168911204528],[108.84767173027828,13.180350659194698],[108.84799216488786,13.17994439360262],[108.84841178094047,13.179635402705824],[108.84870932835774,13.179584858284597],[108.84895346838027,13.179736491903832],[108.84920523795385,13.179993030905358],[108.84960196769691,13.180644389706403],[108.84977744312461,13.181256649055802],[108.84986136662042,13.18192135992635],[108.84967063214044,13.185622570078872],[108.84954856138422,13.18683564455991],[108.84928916249036,13.18763768448058],[108.84898398622857,13.188287136283195],[108.84839652367388,13.189102528850741],[108.84829734125672,13.189567921308843],[108.84834311772265,13.190099118346637],[108.84852622260091,13.190529225316403],[108.84921286912616,13.191326496948323],[108.84943412039321,13.191519139703356],[108.8498689969422,13.191756604518377],[108.85044883114065,13.191914913180831],[108.85101340551059,13.191988346623589],[108.85186789798928,13.191988346700654],[108.85282920226162,13.192056057722342],[108.8538591695297,13.192502377917837],[108.8547975855814,13.19341313646251],[108.85492728526978,13.193814633318981],[108.85494254400125,13.194238064264525],[108.85477469699747,13.194673893966527],[108.85416434622128,13.195831654352244],[108.85375235872688,13.196378109874317],[108.85137961700137,13.198764202630844],[108.85074637706046,13.199335453490132],[108.8501818026007,13.19969689671986],[108.84914420407539,13.200262426210267],[108.84867118209154,13.200787899981739],[108.84823630650617,13.20147263851281],[108.84792350086158,13.202201245768855],[108.84777854333603,13.202727674502338],[108.8477022497395,13.203543064886874],[108.84777854332545,13.204919217303436],[108.84808371813298,13.205807088660691],[108.84870169960202,13.206541417155423],[108.84954856215064,13.207160352278608],[108.85018943169244,13.20752942426595],[108.85057853025187,13.207636236256734],[108.85085318931782,13.208043454554357],[108.85096763023611,13.208524106213725],[108.85107444168052,13.210213063936084],[108.85137961745744,13.211865781192085],[108.85137329490598,13.2123218472249],[108.85128806491748,13.21269929310382],[108.85002158556051,13.214402555906013],[108.84951041600034,13.215403913405467],[108.84952567520024,13.215764402987842],[108.84997580875451,13.216946958625162],[108.85025809706771,13.217309354785163],[108.85071586137455,13.21754205160576],[108.85122702988059,13.217712758884398],[108.85148642949531,13.217752813254759],[108.85180686428426,13.217680333487479],[108.85298179069729,13.217567800335008],[108.85359977242427,13.217591642704265],[108.85417197603645,13.217767118236386],[108.85453055781115,13.218036055017448],[108.85476706909989,13.218454717382011],[108.85507987463042,13.219367383418025],[108.85527060893742,13.220128415674793],[108.85549949091207,13.220698713506533],[108.85723136404631,13.222696660440212],[108.85761283365463,13.223060964351545],[108.85804770911768,13.223328946363354],[108.86029838089303,13.223575948906507],[108.86093162073244,13.223733304915404],[108.86125205480775,13.223905919369656],[108.86146567738999,13.224106191540342],[108.86203788217182,13.224870084560502],[108.8622896523539,13.225042699842719],[108.86253379405794,13.225063680426874],[108.86335013839563,13.225014089339583],[108.86360953775586,13.225091337519808],[108.86438010721106,13.22755467742796],[108.86479209499196,13.228677152827256],[108.86611198048145,13.232812285161168],[108.86878989780718,13.24062955296473],[108.86968253710195,13.243516325372275],[108.87035392377402,13.24584329144841],[108.87061332421716,13.247869849522255],[108.87101768096846,13.253322958637728],[108.87084220500635,13.253893256401044],[108.87003349049346,13.255506873733156],[108.86920188660496,13.25770032334167],[108.86783622435512,13.26044309232444],[108.86777518922545,13.260821700965323],[108.86776755960459,13.261333824163048],[108.86786674261386,13.2618659743077],[108.86809562312395,13.262493492167243],[108.87082694812128,13.26745259829563],[108.87105582885998,13.268120170368274],[108.87103294115896,13.2684978247222],[108.87068198885461,13.270125746831466],[108.87063621330576,13.271005034825233],[108.8706667297207,13.27180230734083],[108.87075828296706,13.27261865269847],[108.87125419404647,13.275496841590593],[108.87154411087327,13.27648484710551],[108.87178062245312,13.276979804861824],[108.87235282642133,13.277780891850668],[108.87311576672592,13.27859342151427],[108.87311576664341,13.278799415478746],[108.87303947245086,13.279115081533835],[108.8728182202303,13.279690147152866],[108.87155936922866,13.281913162558906],[108.86962150371473,13.284676910811509],[108.86838554131324,13.286810279995656],[108.86769889697008,13.288208367318372],[108.86745475554255,13.28845250745608],[108.86679862760701,13.288826348033638],[108.86643241651738,13.288975121403121],[108.86623405291964,13.289030434183532],[108.86601280052605,13.289028527613732],[108.86575340106893,13.288969399026223],[108.86557792447445,13.288892151141667],[108.86402152810072,13.287696243890851],[108.86305259571881,13.287042976949232],[108.86253379660191,13.286773087393332],[108.86197685083825,13.286635758444298],[108.8616411570139,13.286613823428107],[108.8611833938112,13.286629082170768],[108.86067985309768,13.286719681259253],[108.86021446044532,13.286968590659594],[108.85958122063262,13.287563683448893],[108.85899375778946,13.288482071174267],[108.85848258726286,13.289577843482661],[108.85804008222406,13.290749909982992],[108.85773490737715,13.29112661055777],[108.85751365457588,13.291295411774435],[108.85678886255556,13.291668297512166],[108.85566734176965,13.29215276511218],[108.85514854256708,13.29231870392047],[108.85327934078114,13.292579057102914],[108.85289787024641,13.292804124085649],[108.85263847181935,13.293010117704739],[108.85245536625942,13.29327428630404],[108.85201286165211,13.29408586305937],[108.85087608136281,13.296552064044409],[108.84973167283606,13.29943692904812],[108.84841178687383,13.302923563397881],[108.84741233715759,13.305319192320592],[108.84648918013797,13.307157877750246],[108.8460161580228,13.307916049167565],[108.84576438832829,13.308616045756372],[108.84535240060588,13.31035077895099],[108.84515403616703,13.311031702994851],[108.84464286754691,13.31176698489125],[108.84438346674838,13.312049273312308],[108.8435976404962,13.312706354869986],[108.84307884124237,13.313081149234309],[108.84267448366325,13.313561801275158],[108.8426134481912,13.314016703439483],[108.84270500012293,13.314624194485923],[108.8426973713547,13.315307025394322],[108.84259818942279,13.31564748655281],[108.84217094322109,13.31640279627046],[108.84073661783988,13.318542842869938],[108.84061454666622,13.318959597451117],[108.84049247616737,13.319660548806315],[108.8404238110817,13.32056177059066],[108.84043144183481,13.321510676635587],[108.8403704064528,13.322040919514349],[108.8402864829828,13.322400455223221],[108.84000419562958,13.32311857193724],[108.83973716645376,13.323496226836092],[108.83914207356815,13.32414567924193],[108.83704399109779,13.32662332518088],[108.83617423998066,13.327544573941877],[108.83541129935956,13.328503971710314],[108.835190047375,13.328634624453183],[108.83490776011331,13.328727131622518],[108.83442710734587,13.328798655911795],[108.8341677084708,13.328967456750375],[108.83330558710134,13.329698925322353],[108.83261894142035,13.330127124901287],[108.8314440143788,13.330940609748636],[108.83068870449165,13.33161581030807],[108.82995628254575,13.332991962665735],[108.82987235995856,13.333610897699964],[108.82941459554524,13.334271794195896],[108.82892631505369,13.334740047792533],[108.82798789924655,13.33537996435801],[108.82676719633365,13.335841542377237],[108.82666038512976,13.33605134961334],[108.82677482579841,13.337714557795778],[108.82679008397068,13.339219455955472],[108.82672904933922,13.340024357320456],[108.82658409103645,13.340478306401563],[108.82618736215943,13.340876942188538],[108.82544731130393,13.341483479105305],[108.8242342375331,13.343554860773802],[108.82405113217456,13.343641644846919],[108.8236009971468,13.343637829072449],[108.82333396939761,13.34351289878775],[108.82281517033707,13.34345567853902],[108.82218955933025,13.343450909649125],[108.82149528490865,13.343619710165184],[108.82112907417473,13.34391344138836],[108.82057212848729,13.344713574607292],[108.81996940582245,13.34575880217416],[108.81967948958166,13.346070653911884],[108.81800865143292,13.347035771480252],[108.81716178804793,13.347991354221255],[108.81642173728508,13.349001294752236],[108.81597160323443,13.349202519841208],[108.81505607648032,13.34943998469265],[108.81427024806851,13.349801428496054],[108.81361412041983,13.350285893764989],[108.81352256698172,13.350716955038504],[108.81369041453857,13.352487928571167],[108.81372093208518,13.353376753736052],[108.81365989609324,13.353568441639915],[108.81343101494271,13.353671438233158],[108.81314109827467,13.35366953131127],[108.81272911032615,13.353455908541983],[108.81208824106292,13.353450186759755],[108.8115694421765,13.353533155560115],[108.81063865659226,13.353787786834138],[108.8101351167721,13.353989012697873],[108.809868087397,13.354232198685045],[108.80926536545249,13.355085737794909],[108.8080522912894,13.356997854507382],[108.80805229117219,13.357242948313296],[108.80817436238459,13.35757673488395],[108.80927299579638,13.358550436385254],[108.81006645273868,13.35901773708013],[108.80996726915032,13.359345801036154],[108.80973838848656,13.360926993096944],[108.80961631783985,13.361523992750735],[108.80837272717828,13.363401778405748],[108.80647300813386,13.36518514906385],[108.80629753146476,13.36554659237231],[108.80617546096218,13.366930373257189],[108.80625175503216,13.369141944790087],[108.80669425971132,13.370580085638348],[108.80668663089179,13.371834166514935],[108.8068163297168,13.373747237297062],[108.8066561132115,13.37517965659041],[108.80643486117069,13.376214392790587],[108.80626701439164,13.376770385919487],[108.80550407565455,13.378024466511057],[108.80471061830275,13.378974327035133],[108.80446647773846,13.379708655907312],[108.8043138892669,13.38070619863727],[108.8042910013966,13.38172186284894],[108.80431388933944,13.382800467993741],[108.80448936537445,13.38495672588609],[108.80442833032916,13.385910400405793],[108.80413841335977,13.388589271207103],[108.80371116750858,13.389906296816987],[108.80371116783782,13.39009893805725],[108.80435203656987,13.390402206798468],[108.80590080381927,13.391678222792917],[108.80689262501566,13.392572769771858],[108.80728172552092,13.393137344448393],[108.8073656484717,13.393576034601018],[108.80736564767646,13.394171127146969],[108.80688499649992,13.395315536099224],[108.80670189130218,13.396085152451413],[108.80672477941398,13.39699591018142],[108.80689262549981,13.39831198154363],[108.80685447879195,13.399287590311006],[108.8067705555256,13.3999179698667],[108.80690788401265,13.400549301435476],[108.80722831913437,13.40121019736803],[108.8072588363786,13.401561150021852],[108.80701469603659,13.402890571391417],[108.80677055583833,13.403967270731806],[108.80649589740541,13.404455551860487],[108.80568718166202,13.405149827338912],[108.80514549413192,13.405704864605749],[108.80485557770623,13.406333337231068],[108.80484794869535,13.406765351062605],[108.80495476006446,13.4070991375079],[108.80522178822982,13.407364258842433],[108.80557274039042,13.407594094475959],[108.80628227519595,13.408494363093403],[108.80649589777684,13.408946403745574],[108.80642723266064,13.410207162011803],[108.80615257523667,13.411388764237945],[108.80540489349444,13.413472542953546],[108.80478691375548,13.415905366562466],[108.80437492601274,13.416918168427186],[108.80406212098443,13.418162713537024],[108.80401634543978,13.418886553084251],[108.80416893287395,13.42037333040163],[108.80436729765985,13.421139130528436],[108.80460380846016,13.421684633080718],[108.8055422242609,13.422882447529423],[108.80563377597652,13.423148523155131],[108.80500053735278,13.425511727933493],[108.80444359140837,13.427350411873885],[108.8044741082752,13.42839373242377],[108.80439018559952,13.431634316942722],[108.80525230806467,13.433022867413786],[108.80558800102666,13.433962236652109],[108.80569481216112,13.434449564481763],[108.80565666449763,13.434897791614267],[108.80526756627282,13.43568075690687],[108.8041307871287,13.436664949798516],[108.80377983369925,13.437298189198083],[108.80369591099787,13.43785895070575],[108.80338310580603,13.438790689223035],[108.80287956617728,13.439461122733459],[108.80096458848313,13.440231691701822],[108.80085014751799,13.440637957564489],[108.8009798473108,13.440841090172894],[108.8009722172023,13.442784678015563],[108.80074333524887,13.444050203947322],[108.80013298454514,13.445796381828746],[108.799980396328,13.446031939411009],[108.7997820319142,13.44617308345533],[108.79866051142184,13.446317088472917],[108.7981798589896,13.446585071153043],[108.79766105982344,13.44660032874731],[108.79740166123698,13.446433436498104],[108.79694389746128,13.44661177289301],[108.7963716923401,13.447015178592808],[108.79638695159564,13.447286021393301],[108.79684471568802,13.448030841449063],[108.7968523446986,13.448753726244059],[108.79638695117283,13.449274432584913],[108.79576897012558,13.449475657512814],[108.79562401216917,13.44964731960399],[108.79556297723241,13.449874293148065],[108.79587578227844,13.450238597654142],[108.79599022356327,13.450896632722525],[108.79646324549138,13.451861751223856],[108.79641746952021,13.452228915467591],[108.79616569948327,13.45248926857321],[108.79578422914977,13.452551257391956],[108.79492210770768,13.452428233955727],[108.79263328922745,13.452979457895555],[108.7911074099882,13.452918422327173],[108.79054283535282,13.45305670483051],[108.79021477129662,13.453393352475574],[108.79019188359356,13.453806293922886],[108.7911074109536,13.454903019042295],[108.79147362146784,13.455623042984447],[108.79151939770391,13.456082714010622],[108.79172539140536,13.456495654724788],[108.79246544247415,13.457521808786161],[108.79260277196497,13.458165539254443],[108.7924959604382,13.459773433989264],[108.79255699580573,13.461244000354819],[108.7925569954278,13.462483776070812],[108.79268669595872,13.462637317741345],[108.79292320699491,13.462652576115515],[108.79347252297075,13.462590587939419],[108.79387688071199,13.462422741191228],[108.79428886851169,13.462305439050594],[108.7947618913618,13.462499035153302],[108.79525017166034,13.463080775895703],[108.79592918850253,13.464732540363782],[108.7959444475161,13.46517599895709],[108.79566216003397,13.465559376456493],[108.79528069029375,13.465650928883734],[108.79515862036693,13.465911281981226],[108.79515862038038,13.466141117399502],[108.79534172481813,13.466707600008295],[108.79552483165638,13.468541515184361],[108.79566216039046,13.471144093083645],[108.79539513140911,13.471929920369849],[108.79502129111896,13.472465885150928],[108.79444145739335,13.472884548869137],[108.79396843397026,13.473094357113357],[108.793472523107,13.473146809876932],[108.79239677906186,13.472998989820445],[108.79231285548182,13.473050488471868],[108.79140495843181,13.472220791578412],[108.79049705987521,13.471107853467789],[108.79013084957037,13.470335377695953],[108.78994011380941,13.469390286434473],[108.78986381994703,13.468781841360185],[108.7897493794156,13.46858919926606],[108.78950523848927,13.468381298427232],[108.78891014616852,13.468182934544268],[108.7864916274362,13.467737568812506],[108.78352379264955,13.467352283676933],[108.78288292387366,13.467223538073146],[108.7826311538777,13.467213047965013],[108.78188347298573,13.467316998390272],[108.78157066778311,13.467277897526115],[108.7811891976473,13.4670995603339],[108.78004478870291,13.466070545783799],[108.77971672461766,13.465946568406945],[108.77944969538771,13.465961827184175],[108.77918266704003,13.466084850837756],[108.77900719050157,13.466303242554277],[108.77893089686016,13.466575039660055],[108.77876305065273,13.468035115045996],[108.77861809164483,13.468381298985001],[108.77842735641711,13.468499555218989],[108.77821373390945,13.468494786126712],[108.77803825802654,13.468361271913993],[108.77792381685533,13.468099011081371],[108.77796959349146,13.46738661680229],[108.7779314471475,13.467198743279726],[108.7777864875854,13.467015637148373],[108.77749657061273,13.466857327927569],[108.77722191256747,13.46677340417806],[108.77479576593528,13.466871632817039],[108.77343773291464,13.466762914493906],[108.77246117077402,13.466530216825916],[108.77205681302289,13.46631277931709],[108.7712099498413,13.465664280822539],[108.77014183422361,13.464917553756267],[108.76947807792118,13.464571369944094],[108.76903557267632,13.46446265118663],[108.76843285050865,13.464417829131094],[108.76561760316756,13.464472188403585],[108.76504539842658,13.464383496135223],[108.76470207658856,13.464209927946728],[108.76409935333469,13.463646306667663],[108.76397772056151,13.463566328486998],[108.76385521332674,13.463457479545008],[108.76354240835478,13.463280095192033],[108.7632753794573,13.46327437309283],[108.76289390964492,13.463388814711971],[108.76121544256333,13.464655294281386],[108.76095604321159,13.464714421377218],[108.76062035014064,13.464670552901813],[108.76045250299816,13.464591397688721],[108.75944542363922,13.463280095393083],[108.75840782510545,13.462116613153517],[108.75789665592517,13.460632695795272],[108.75762962675267,13.459092511429056],[108.75732445069319,13.458709134055752],[108.75704216390379,13.458596601571081],[108.75666069376712,13.458539380662769],[108.75643944116533,13.458571805030637],[108.7557222782657,13.458808316524836],[108.75466179209918,13.459597959485638],[108.75405144122486,13.46022356964357],[108.753158802318,13.461383237347038],[108.75215011298084,13.46249431195889],[108.75046562506051,13.461806669090157],[108.74855064665192,13.460181607426886],[108.74801658956126,13.458515538921043],[108.74761223138474,13.457933797890387],[108.74687980932464,13.457507505401155],[108.74514030731618,13.456829442603135],[108.74388908698603,13.456489934456675],[108.74168419113519,13.456437483264125],[108.7396318849001,13.456850423835093],[108.73826622361456,13.457414999271727],[108.73731254814852,13.457589522377326],[108.73715996025378,13.45758952242301],[108.73653434999711,13.457401648315262],[108.73577141155891,13.456997290124036],[108.73506950614305,13.456773176075297],[108.7346651479567,13.456878079943],[108.73414635038957,13.457309141375331],[108.7331850467333,13.457985295965768],[108.73220085394055,13.458155050091538],[108.73161339094588,13.458767309045763],[108.73086571001174,13.45977248282511],[108.73071312276063,13.459912672636825],[108.72956871375166,13.460083380892554],[108.7290499141711,13.460550680690838],[108.72838615708932,13.460688009669024],[108.72820305153229,13.460869207504892],[108.72805046362942,13.461263075677206],[108.72782921180679,13.461656942462069],[108.7272722658865,13.462340728187128],[108.72595238087045,13.46325244065842],[108.72572349828344,13.46324862619657],[108.72550987514938,13.463190451916097],[108.72384666723673,13.461993590840384],[108.72355675010763,13.461903945063074],[108.72249626471863,13.462409392601623],[108.72170280700622,13.462982550945794],[108.7210085318781,13.463009254267211],[108.7200243404896,13.462531463325572],[108.71828483798768,13.462290183482914],[108.71587395061009,13.462139503265204],[108.71428703577688,13.462576285955377],[108.71322654994131,13.463470832779263],[108.7126314569639,13.464208022472736],[108.71238731649873,13.465093032438087],[108.71237968736664,13.465673820172173],[108.71247124048844,13.466417686284494],[108.71292900320834,13.467390433318851],[108.713905566747,13.468561546236941],[108.71455406456,13.469809905327223],[108.71502708744156,13.472009078487142],[108.71501945736587,13.472558395805],[108.7148821282762,13.47291220890911],[108.71445488276801,13.47339190669109],[108.7132570672892,13.474236861721279],[108.71183800032135,13.474546807057845],[108.71104454399732,13.474893944463153],[108.71044182192304,13.475469963525052],[108.70957207091584,13.477108376405292],[108.7086718019333,13.478569404991207],[108.70782493885892,13.480918305568293],[108.70705437121138,13.482008354418518],[108.70562767379477,13.48307647108558],[108.70339989094322,13.484606164057126],[108.70310234437733,13.485184091004895],[108.70312523158609,13.485990899338852],[108.7035143320168,13.486963646794415],[108.70413231176107,13.487824814648627],[108.70576500334742,13.489260094609545],[108.70755791157534,13.491084473566158],[108.70830559148399,13.492424385544789],[108.70862602684727,13.493587869096629],[108.70888542591429,13.497589486160189],[108.70903801345958,13.498236078421431],[108.70939659568955,13.498659509270867],[108.70992302362663,13.499082940402149],[108.7117998545946,13.499375718443707],[108.71218132473122,13.499470131782992],[108.71239494761736,13.499661821026304],[108.71295189364686,13.504454988410826],[108.71296715213289,13.505352395083847],[108.71232628362523,13.508537668300338],[108.71231865464242,13.509009736940818],[108.71292137616987,13.511355775647376],[108.71393608515125,13.515784639880913],[108.71413445041647,13.517652887971586],[108.71427940859137,13.517796891490853],[108.71463036101824,13.517753022862966],[108.71522545391231,13.517498391951762],[108.7159502471264,13.517362970328639],[108.71657585705744,13.517416375979469],[108.71781181899262,13.518112558281981],[108.7198946437466,13.518627542574432],[108.72234367894177,13.518886941205379],[108.7233889058768,13.519203561848073],[108.72415947499837,13.519493478577534],[108.72473168030683,13.519522088403258],[108.72550224874318,13.519198793761305],[108.72666191717258,13.519374269657009],[108.72705864534899,13.51961459561931],[108.7271578272355,13.519852060744538],[108.72722649166722,13.520325082367584],[108.72726463902647,13.521459955653187],[108.72725700936483,13.522027391755149],[108.72715019795659,13.52283038540422],[108.72721123275761,13.523114579918898],[108.7281267604525,13.523926156074758],[108.72948479217034,13.52455272025548],[108.72993492716806,13.524911302916912],[108.73035454369838,13.52538813931694],[108.73165154192839,13.52714862258104],[108.73259758584442,13.528717416112311],[108.73284172637864,13.52919234632674],[108.7329103918066,13.529689210820441],[108.73254418053992,13.531410592653927],[108.73262810398342,13.532357591652975],[108.73281883887991,13.53271331170117],[108.73383354806593,13.533856767285922],[108.73414635353133,13.534427064426414],[108.73439049433514,13.535020250325925],[108.73437523521272,13.535894769939864],[108.73426842370844,13.536531824037775],[108.73400902392099,13.537001986118517],[108.73261284503006,13.537745852125722],[108.73223137593271,13.53826274341208],[108.73217796980082,13.538592714903476],[108.73228478111649,13.538972276620981],[108.73361992493562,13.540259736762884],[108.73398613594583,13.540972132218071],[108.73405480135473,13.54154052172082],[108.73449730630905,13.542773622877903],[108.7346193758541,13.543554681921593],[108.7346346349321,13.544712443354781],[108.73608422047171,13.548200030432037],[108.73657250128822,13.54893817416948],[108.73751091765318,13.549938578558736],[108.7381288985057,13.550393481033534],[108.7388231723445,13.550588984538269],[108.73952507770522,13.550618548032299],[108.73972344164886,13.550833124064495],[108.73957848237018,13.551635165291971],[108.73924278960176,13.552908320646972],[108.73932671307071,13.55390204795089],[108.73959374176886,13.554707903485246],[108.74027275764489,13.55584849804186],[108.74095940417553,13.556470293553689],[108.74134850296005,13.55689277138217],[108.74195885517166,13.55626334619295],[108.74210381318073,13.556169886230917],[108.74265312947293,13.556080241317028],[108.74379753907957,13.555996317685274],[108.74490380081565,13.555533785095964],[108.74589562218151,13.555400270992028],[108.74709343713015,13.555600541857153],[108.74768853025482,13.555889505831304],[108.74787926556732,13.55612792413374],[108.74787926504993,13.556742090714827],[108.74816918191887,13.559494395583215],[108.74828362305763,13.561873812355381],[108.74812340544219,13.563031573681952],[108.74777245329604,13.563979525196025],[108.74771904770807,13.564559359476588],[108.74783348833645,13.565372843176423],[108.74794792957563,13.565759081827755],[108.7481386645694,13.566062350175342],[108.74838280538997,13.566203493743986],[108.74911522783813,13.566836733908474],[108.74943566141225,13.566561121149656],[108.750000236259,13.566332239513974],[108.75046562928746,13.566078562223705],[108.75170159161823,13.565240282395939],[108.7524721607696,13.564904589302262],[108.7534639829009,13.56471957583427],[108.75381493509614,13.564551730271775],[108.75515007822011,13.56375731934197],[108.75665306836132,13.563319582338952],[108.75894951704878,13.562420267333142],[108.76011681513664,13.562151330651757],[108.76171135744416,13.562158006555611],[108.76232933904701,13.562064546577107],[108.76277947316599,13.561835665034613],[108.76316857206753,13.56184901589943],[108.76389336437917,13.56215800699642],[108.76428246351729,13.56217135780365],[108.76561760764032,13.561377900286345],[108.76625847663277,13.561203378383265],[108.7671740042298,13.561230081281654],[108.76794457259709,13.561472314716966],[108.7684557430236,13.561822313737677],[108.76876091909118,13.562185663265831],[108.76912712923202,13.563476938333947],[108.76935601137842,13.564109224453269],[108.77020287406097,13.565063852291525],[108.77114128970257,13.565870660550452],[108.7713549126471,13.56618060425472],[108.77158379559978,13.567135232422364],[108.77175927098261,13.567471879411825],[108.77219414620014,13.567794221154026],[108.7729494564798,13.56848086767741],[108.7734606259881,13.569234269949325],[108.77424645357854,13.570263284581813],[108.77467369920514,13.57050551770518],[108.77523064536038,13.570530313454737],[108.77555870966869,13.570463556346107],[108.77645134807524,13.569926637079602],[108.77716088245026,13.569093126143807],[108.77756524050214,13.568944352024573],[108.77977013533058,13.568581956723866],[108.78015160565347,13.56864871318378],[108.78040337526082,13.568864244242869],[108.78056359231444,13.569227594622019],[108.78056359237141,13.56976546597433],[108.7803347106103,13.571325677810869],[108.78044152281348,13.571890252228284],[108.78086113833228,13.57242907808165],[108.78163933809746,13.572885888581386],[108.78327965666955,13.573370355218955],[108.78382134390033,13.573572534391838],[108.7843019955313,13.573881524545227],[108.78443932491659,13.574083702994425],[108.78445458344088,13.57429828062867],[108.78426384856958,13.574460405243256],[108.7834475034402,13.574553865452012],[108.78318810498274,13.574701684554622],[108.7830812929297,13.574943918055448],[108.7830965520519,13.575293916432036],[108.78327202822462,13.575724023106124],[108.78430199629898,13.57689990434743],[108.7852175239171,13.577578920854828],[108.7852938169864,13.577624696675036],[108.78549981116053,13.577429193624136],[108.78566002774875,13.577375787526488],[108.78598046281178,13.577389138310199],[108.7869799142266,13.577671426788237],[108.78945946729488,13.578058618693428],[108.79319024101933,13.577528375328704],[108.79938530893898,13.576966660921514],[108.8033373367064,13.576802628869157],[108.80405449920154,13.576853174039256],[108.80441308071153,13.576922791444465],[108.80515313128535,13.577237504049286],[108.80584740681486,13.577331917330218],[108.80648064636154,13.577139275905418],[108.80776238455519,13.576555626124236],[108.81001305680311,13.576604264461539],[108.81182885233825,13.57646598147976],[108.8146822457652,13.576314347413724],[108.81547570242171,13.575308219937547],[108.81655144714144,13.573376076132435],[108.818405390223,13.571722404522895],[108.81910729431786,13.570626633171765],[108.81958794588023,13.56930674722973],[108.82066369164993,13.56736220517621],[108.82105278986218,13.567208663610051],[108.82144188950684,13.567148582838948],[108.8236010075023,13.567104713792068],[108.82473015853455,13.566956892972852],[108.82523369838009,13.566725150039396],[108.82559227956752,13.566380874672333],[108.82651543641158,13.565316573178313],[108.82669091238692,13.565022842190213],[108.8275911816771,13.5643695751003],[108.8282167909113,13.564353362297181],[108.82955956571872,13.56480540392375],[108.83057427427266,13.564835921284464],[108.83167290713645,13.564956083877458],[108.83664727213369,13.563851730088142],[108.83790612210124,13.563884153394854],[108.84033227024001,13.563861265523657],[108.84205651328301,13.564184561716818],[108.8431551464669,13.564128294572248],[108.844032526877,13.563870802516664],[108.84478783702995,13.563788786281805],[108.8460848335377,13.564307585650397],[108.84798455250125,13.565469160713265],[108.85023522455619,13.567536726021448],[108.8511202354261,13.569010153563134],[108.85156273941442,13.567969694645548],[108.85206627896733,13.567336455103618],[108.85248589565522,13.56665266996174],[108.8525698192727,13.566347493732009],[108.8526842599164,13.564819707938106],[108.8529360295109,13.562885656342266],[108.85328698295177,13.561758412584462],[108.85384392793955,13.56081904402147],[108.85458397978121,13.560009375151731],[108.85610985871114,13.558606519403272],[108.85645318068023,13.558175458282205],[108.85675072736716,13.557183637479405],[108.85683465029726,13.555921926441098],[108.85676598589961,13.554798497423272],[108.85688042689232,13.553957357554962],[108.85754418396316,13.55267466492484],[108.8582003128392,13.55250395708465],[108.85908532150813,13.552461995138254],[108.85986352060095,13.552641286288724],[108.86112237012729,13.553046598575419],[108.86187768040689,13.553078068802325],[108.86241173714693,13.553082837140876],[108.86336541245255,13.552992238109614],[108.86405205781197,13.552775753713242],[108.86455559733999,13.552360906010607],[108.86553978981458,13.551173580960665],[108.86680626955393,13.550222768270022],[108.86759972617665,13.549465549421546],[108.8685686591269,13.547747028895003],[108.86946129836164,13.546793354785699],[108.87004876123135,13.54588545636225],[108.87004113271163,13.545552624550957],[108.8698427684925,13.545206440135097],[108.8691942688992,13.544387234801533],[108.86899590483286,13.54404009682319],[108.86892724011304,13.543718708243699],[108.86892724035295,13.543447865630686],[108.86898064597082,13.54317702154467],[108.86923241660928,13.542611492384298],[108.86920952788456,13.542488468825315],[108.86791253155884,13.541343105501126],[108.86747765507376,13.54048861369175],[108.8667833804473,13.538657557912158],[108.86679863907833,13.537573231113285],[108.86700463303563,13.536835086782256],[108.86803460123042,13.534574878897162],[108.86939263256014,13.5346635701233],[108.87403130466114,13.535212886814309],[108.87978386897824,13.536039721786059],[108.88408684694494,13.536573779707835],[108.88833642069021,13.536902797250178],[108.89271569269846,13.53868902937947],[108.89256310602751,13.539215457147977],[108.89263939948007,13.539464366701592],[108.89282250421783,13.539625537257686],[108.8930056091811,13.539647470918583],[108.89350152075608,13.539515864481766],[108.89369225559842,13.539559733132286],[108.89383721338761,13.539669406323508],[108.89404320810488,13.540092837413908],[108.89411187304457,13.540890109407794],[108.89418053708775,13.541021716672818],[108.894447565625,13.541138064319043],[108.89468407698894,13.541167628620704],[108.89534020442704,13.541050326574025],[108.8957216746116,13.541094195054002],[108.89594292647904,13.541211497367069],[108.89608025574455,13.541219126769798],[108.89637017238788,13.541116129811822],[108.89679742009362,13.540619266088987],[108.89701867164811,13.540531526740073],[108.8983995920144,13.540523898255202],[108.8988420967454,13.540238749162365],[108.89922356721463,13.539815317903738],[108.8994600773463,13.539486300411276],[108.89970421877439,13.539347063536718],[108.90064263419158,13.539259325471878],[108.90306878151732,13.538148294422914],[108.90340447437042,13.538141620045577],[108.90394616224734,13.538223635439266],[108.90431237274021,13.53837431608847],[108.90499138878062,13.538799654495643],[108.90551018811112,13.538930307381728],[108.90609765172343,13.539170633474216],[108.90632653275411,13.539403330822923],[108.90650200877826,13.539704692015993],[108.90674614954976,13.53995932292435],[108.90715050782141,13.540034662666212],[108.90740990730399,13.540322672564825],[108.90747094331732,13.540665042096428],[108.90740227758545,13.540877711128243],[108.9071352493035,13.541262041287872],[108.90674615015386,13.5415843839167],[108.90665459660045,13.541901956416051],[108.90711999027255,13.54190195664043],[108.90753960687712,13.541824709916076],[108.90834069271354,13.54156149586739],[108.90885186290942,13.541493784344436],[108.90955376666577,13.541173349185994],[108.91027093014092,13.54072416950702],[108.91074395260682,13.540580164326881],[108.91110253376836,13.540306459389763],[108.91143059804182,13.540182482615473],[108.91200280268598,13.540094744173466],[108.91222405509828,13.540105234853778],[108.91239190175911,13.540156732584945],[108.91266656014844,13.540332209532314],[108.91327691191096,13.540915857857922],[108.91352868245956,13.541117082999532],[108.91365838096657,13.541173349788142],[108.91429162116135,13.541200052602674],[108.91446709691216,13.541173349794304],[108.91527581284217,13.540864359703601],[108.91595482931977,13.540698419610768],[108.91814446534757,13.53988779647483],[108.91853356560088,13.539955507307313],[108.91912865742009,13.540171990762294],[108.91934228062169,13.540285478798399],[108.91997552043613,13.540894875916972],[108.92011284946972,13.54097212444663],[108.9202425489835,13.540982613966456],[108.921791316309,13.540435205316912],[108.92238640925969,13.540146242301823],[108.92258477321222,13.540007006243028],[108.92267632605675,13.539878260165075],[108.92294335517637,13.539258370643402],[108.92337822990856,13.538751970073184],[108.92345452431059,13.538592707086217],[108.92356030241561,13.5382136713158],[108.92363763055286,13.537936579226757],[108.92372918224571,13.53771437249903],[108.92395043522619,13.537384400831158],[108.92398095206984,13.537115464514798],[108.92411065251754,13.53677977151571],[108.92425561003718,13.53663576709705],[108.924736261843,13.536408791888118],[108.9249575147939,13.536201844387016],[108.92514825058808,13.536098848169843],[108.92584252520273,13.535908113053498],[108.92590356023263,13.5357059334441],[108.92607903620528,13.535525689889605],[108.92628502936527,13.535412202697449],[108.92709374523893,13.535107026860002],[108.92734551504215,13.534869561733379],[108.92769646748897,13.534790406284786],[108.92825341312985,13.534769425450559],[108.92844414815212,13.534696946322184],[108.92937493415845,13.53407705830948],[108.92965722239792,13.534031281618194],[108.93023705651271,13.534057031681202],[108.93039727361237,13.534031281434077],[108.93062615478551,13.533907304822536],[108.93093896063053,13.533633598962814],[108.93133568900073,13.533426652088753],[108.9317400472779,13.532993684147431],[108.93191552348078,13.532698997864927],[108.93202233437465,13.53228605701764],[108.93213677544196,13.532017121268712],[108.93231225128045,13.531738648608096],[108.93245721007203,13.531604180001404],[108.93270135035027,13.531578430887892],[108.93284630892418,13.531650910319604],[108.93290734381026,13.531743417015187],[108.93293023255579,13.531888375042232],[108.93284630919213,13.532322296974716],[108.93283867954592,13.533458123507684],[108.93287682651085,13.533540139531585],[108.9329988972084,13.533582101322915],[108.93319726083674,13.533586869149124],[108.93331933122923,13.533530601945257],[108.93352532566774,13.533370385330043],[108.93407464157639,13.53275049753294],[108.93450951679712,13.532730470112535],[108.93506646291323,13.532579788724583],[108.93605828458794,13.53259027941816],[108.93631768302482,13.532487282999606],[108.93643975459563,13.532394776060551],[108.93650078959426,13.532230744452574],[108.93651604704442,13.531335244220703],[108.93666100612504,13.530996689585784],[108.93682122325102,13.53084219377665],[108.93727135823578,13.530667671890942],[108.93801140935038,13.530451187570414],[108.93915581815172,13.529608140006564],[108.94027733926596,13.52868688942262],[108.94058251507205,13.528415093195452],[108.94086480195135,13.528322586860979],[108.94113183078441,13.528312095541127],[108.94267296916772,13.528713592823056],[108.9431154746166,13.528672584933243],[108.94341302004008,13.52869261276036],[108.94364190206457,13.5287650915597],[108.94391656062166,13.528960594701465],[108.94405388967787,13.528991113049587],[108.94426751242308,13.528929123187305],[108.94435906485214,13.528827080715873],[108.94453454087899,13.528096565863057],[108.94472527587659,13.52750528709871],[108.9447786823273,13.526939758588648],[108.94477105244874,13.526236900456148],[108.94686150630213,13.52675951456204],[108.94751000500965,13.526861557153184],[108.94890618407534,13.526811966348331],[108.94981408183564,13.525774368304518],[108.94991326410472,13.525547394133817],[108.95694756594303,13.517565139735124],[108.95804619890443,13.515731223088856],[108.9584658156564,13.515134223595949],[108.9594042306787,13.515169509454454],[108.95994591813538,13.515397437785474],[108.96020531795752,13.515567191166307],[108.96054101105287,13.51582086826554],[108.96175408506876,13.517589934520243],[108.96794152404745,13.517207511265633],[108.97718835060421,13.516905195638985],[108.9807283893148,13.516794569667779],[108.98660302401514,13.516739255836816],[108.9932558559708,13.516485577874784],[108.9944307814884,13.516522772245333],[108.99465203448804,13.516608602181188],[108.99516320413403,13.516947156605532],[108.99607110220069,13.517735844998946],[108.99689507667588,13.518551237298805],[108.99717736430217,13.519055731296284],[108.99726128848629,13.519307500802443],[108.99731469373118,13.519643194376092],[108.99727654731466,13.521090871902146],[108.99736809920913,13.521506674415482],[108.99760461131123,13.521786099772388],[108.99877953706552,13.52258051071217],[108.999031307184,13.522877104068868],[108.99946618281639,13.52284372506741],[109.00066399850891,13.522891408701277],[109.00170159492048,13.523230917041442],[109.0024263879971,13.523408299579977],[109.00444054806172,13.52336252411749],[109.00604272133643,13.523399716478368],[109.00696587829967,13.523324376588835],[109.00759911715153,13.52346170567124],[109.00908684959661,13.525355702280512],[109.00914788498847,13.525741940581478],[109.00991845360767,13.52650964837122],[109.01038384663477,13.526892071938848],[109.01118493398853,13.52714384159617],[109.01146722106301,13.527159101085125],[109.01246667130611,13.526502019464083],[109.01346612240019,13.526110058805704],[109.01580834691129,13.525914555486443],[109.01779961913297,13.525624638306727],[109.01831078755394,13.525667554161748],[109.0191347625504,13.526098613938832],[109.01976037323554,13.526760464738201],[109.02034783724325,13.527459508256742],[109.02140832185134,13.52808607272174],[109.02188897409188,13.52853334569924],[109.02312493639734,13.528545743550637],[109.02452874490015,13.528924351109778],[109.02649712889449,13.529822713056888],[109.02792382512645,13.530573254160327],[109.02894616472439,13.531646138254402],[109.02973962147013,13.532989865342895],[109.03015160929911,13.53346479542214],[109.03130364787492,13.534173375560322],[109.03164697016828,13.534710293029592],[109.03220391666372,13.536030179530472],[109.03289056166248,13.53703153742466],[109.03305840892077,13.537813549891242],[109.03335595516505,13.54023206871247],[109.03337884250823,13.542333012822402],[109.03425622370588,13.54379976387906],[109.03494286937568,13.544459706395104],[109.03859734963079,13.546431904277174],[109.03965783570214,13.547469501998156],[109.04007745210392,13.54803407785105],[109.04048181002968,13.54891050481509],[109.0405809928717,13.550782567814515],[109.0409929794105,13.552549725278286],[109.04150414980494,13.5542682469498],[109.04203820636532,13.555486088624713],[109.04293084616845,13.556620008115376],[109.04437280187751,13.558270817310925],[109.04900384435204,13.56114709969814],[109.04971337840857,13.562025433874034],[109.0500948482292,13.563146001568942],[109.05058312941094,13.565246945426],[109.0508806759078,13.56569326601152],[109.05157495001687,13.566448575886533],[109.05170465040014,13.56701505746751],[109.05211663722605,13.568365460788339],[109.05233026037982,13.568637258306115],[109.05270410156892,13.568774587122066],[109.0543596793926,13.568616276554168],[109.05808282447109,13.568363553630558],[109.07787347359725,13.567107563542947],[109.08285546881763,13.567206745270227],[109.08329797429009,13.56735361126622],[109.08325219816511,13.568006878353259],[109.08301568657859,13.56971490903047],[109.08295465160913,13.570915584767398],[109.0831759039728,13.571238881061507],[109.08346582147857,13.571419125030982],[109.08511377044324,13.571570758590253],[109.08795190591692,13.571564083162826],[109.09105706858466,13.57132661852656],[109.09197259536393,13.571410541239661],[109.09265161220651,13.57157552762922],[109.09330774064627,13.571824436065574],[109.09364343364223,13.572121028935623],[109.09456659062626,13.573356990623372],[109.09526086528281,13.573924426880286],[109.09564996466864,13.57440317101031],[109.09628320414835,13.575851802511478],[109.09651971570926,13.57665861142484],[109.09725976658899,13.576838855446614],[109.09817529424807,13.577156429681521],[109.09851098776971,13.57743204149587],[109.0988009052027,13.578296070399544],[109.10015893695481,13.581134205024435],[109.10040307740891,13.582404499487728],[109.10089135904487,13.583186512729654],[109.10162378092544,13.58352888152533],[109.10406518784232,13.584896450458997],[109.10587335335256,13.58631361023845],[109.10723901590745,13.58777940741342],[109.10812402594432,13.588268642034517],[109.10880304170502,13.588415507996231],[109.11032129034446,13.58773077033368],[109.11146569930217,13.586928729837803],[109.11207605161744,13.586663608558855],[109.11325860798546,13.585349445495657],[109.11424279977184,13.584475879302868],[109.1158602312176,13.583519344152393],[109.11615777722359,13.583560352021317],[109.11724878138732,13.584596042234695],[109.11782098567794,13.585237865177563],[109.1178972797646,13.585581188096711],[109.11753106849689,13.585982684842984],[109.1165468770759,13.586660746738154],[109.11538720879386,13.587909107201463],[109.11353326565829,13.590558414634273],[109.11306024431401,13.591492061748136],[109.11302209738606,13.59472215634616],[109.11309076191698,13.595366840282159],[109.11328912609622,13.596012478994382],[109.11415124718997,13.597124462914325],[109.1151659571798,13.59766042796481],[109.11538720961958,13.598079090137045],[109.11547876209973,13.599426632427825],[109.11567712683555,13.59984434163755],[109.11613489009692,13.600594883905833],[109.1171572299048,13.601436024044999],[109.11772180425746,13.601988201211409],[109.11790490936872,13.60233915369455],[109.11782098700299,13.602934246801281],[109.11759973448414,13.60335100190501],[109.11716485875131,13.603720073870448],[109.11689020086929,13.604058628946017],[109.11536432128916,13.60738695188335],[109.11509729229824,13.60805833903781],[109.11506677585186,13.60881746421436],[109.11522699294282,13.609955197507825],[109.1158068270219,13.611481075777556],[109.11582208602377,13.611659413284405],[109.11533380449603,13.61283529357181],[109.1152498811025,13.613595372674295],[109.11543298670829,13.614046460481028],[109.11619592565769,13.614705448899747],[109.11965204197136,13.61800420867367],[109.1205828286066,13.618736630129023],[109.12316156318016,13.619571095523298],[109.12396265006393,13.619895343968864],[109.12456537235671,13.619924907932816],[109.12606836306324,13.61986291996608],[109.12688470883472,13.620092754625576],[109.12701440887004,13.620457059243146],[109.12702203747095,13.621960049572202],[109.12686944962314,13.62489832068796],[109.12662530920419,13.625536327999432],[109.12605310442058,13.626510029690994],[109.1246111486406,13.628223782629568],[109.12368799247017,13.629199392060032],[109.12332941051619,13.629955656037707],[109.12312341653723,13.63126600372852],[109.12274957713029,13.63217104043176],[109.12208582012958,13.63267744188002],[109.12107874029398,13.633233434061255],[109.12007928896655,13.633565312715914],[109.11906457904333,13.63374746460176],[109.11863733299545,13.633940107293235],[109.11843896932055,13.634256726609125],[109.11843133992056,13.634795552679867],[109.1191256154703,13.637630827078526],[109.11946130790048,13.639519101848038],[109.11981226014079,13.640635853906444],[109.12100244670691,13.642580396043837],[109.12201715541954,13.643715269237434],[109.12260461909808,13.644098646347574],[109.12323022975535,13.644201643053865],[109.12363458708057,13.644155866486768],[109.12446619172485,13.643917447832346],[109.12524438921828,13.64308965845909],[109.12567163569899,13.642774946099303],[109.12622858198728,13.6427053280704],[109.12690759736054,13.642674810111],[109.12717462624126,13.64257944329061],[109.12854028772368,13.641234761767498],[109.1301577196631,13.640214329552387],[109.13064600063369,13.640164739225233],[109.13157678663202,13.640799885720574],[109.13196588691194,13.640995390106456],[109.13240839042027,13.640849477366139],[109.13367487086609,13.639236813406422],[109.13473535688323,13.636716252169549],[109.13576532465216,13.635725384462676],[109.13671136981465,13.63538873696645],[109.13828302466746,13.634957677075965],[109.13919092258794,13.63455331907689],[109.1402437796884,13.634004956408635],[109.14206720482717,13.631911640542029],[109.14398981101537,13.629984264994194],[109.14472223326031,13.629621868620578],[109.14557672584269,13.62949979766142],[109.14604211895205,13.629573230492795],[109.14630914721731,13.630502109643858],[109.14653040035854,13.631625538659769],[109.14689661164134,13.632382755935422],[109.14721704570442,13.63265169136857],[109.14775110322644,13.63284719446478],[109.14846063788484,13.633042699151341],[109.1523668875336,13.633751278323844],[109.15280939159302,13.63399541852045],[109.15312982684534,13.634606723846218],[109.15335107919569,13.6354860112843],[109.15346552030451,13.636417751392084],[109.15300012662968,13.638471965627678],[109.152878057448,13.639929180782595],[109.1529467217909,13.640689259220347],[109.15331293221895,13.641916637612919],[109.15413690717295,13.643699055059313],[109.15425134852778,13.645010357886923],[109.1541750539589,13.645985966172338],[109.15369440224072,13.647179967167391],[109.15258814037502,13.649627095061383],[109.15142084355091,13.654406911356928],[109.15141321336557,13.655412083890981],[109.15154291387677,13.65601480574999],[109.15252710604034,13.656746274723307],[109.15317560339155,13.657348997008231],[109.15347315066899,13.65799463366766],[109.15356470377306,13.659500485534034],[109.15386224950716,13.660490399539752],[109.15425134862161,13.661264783520119],[109.15472437124994,13.662040120374506],[109.155021918183,13.66277158860371],[109.15494562439694,13.663771992833764],[109.15495325333968,13.66607130233067],[109.15514398864997,13.666613943092488],[109.15613580980181,13.668532736403234],[109.15644098539904,13.669732458335607],[109.15670801410783,13.67124021719554],[109.15677667980287,13.672206289268281],[109.15673853258025,13.672901518212683],[109.15641809770318,13.673439389984333],[109.15566278735382,13.67409074935509],[109.15558649372514,13.674627667970254],[109.15577722844196,13.675053007493643],[109.15631891549046,13.675568944976874],[109.15653253839477,13.67599905237587],[109.15659357330523,13.676536924650721],[109.15642572719263,13.677269346756658],[109.1562502508679,13.678366071235864],[109.16139246281485,13.676795369786953],[109.16328455255581,13.676752453779734],[109.16492487303437,13.677053816447241],[109.16659570969517,13.678217298158742],[109.16838861793005,13.681000119729912],[109.16913629966577,13.681828863521812],[109.16947962187857,13.682075865334884],[109.1702654489691,13.68211973425856],[109.17121912305869,13.682082539859655],[109.17285944294855,13.682160741837224],[109.17429376969118,13.682171231851934],[109.17733026822442,13.6824153731383],[109.17865015414357,13.682469731347023],[109.18138910684242,13.682752020018427],[109.18257166317098,13.683161145674156],[109.18304468538025,13.683474904765552],[109.18327356732227,13.683699017476679],[109.18347193168157,13.684256917276967],[109.18362451940203,13.684924489800872],[109.18414331857589,13.685773259771631],[109.1859133375748,13.688265210722731],[109.18669916593849,13.689817792491125],[109.18698908260428,13.69026220519701],[109.18741632938644,13.690757161463925],[109.19085718615132,13.693473226069683],[109.19216944220203,13.693816549086035],[109.19391657366309,13.693851834518531],[109.19617487480157,13.694092160580224],[109.1971285482296,13.694387799294214],[109.19860102194042,13.695176488093018],[109.19915033857254,13.695180302507637],[109.19965387877788,13.695050603195192],[109.20027185969727,13.694677716765518],[109.20069910556111,13.69426477521308],[109.20243860767708,13.693121319282588],[109.20314814124507,13.692549114881094],[109.20358301683417,13.691929227530842],[109.20402552137158,13.690777188510323],[109.20461298481642,13.688046818322974],[109.20462061399604,13.68630445475457],[109.20471979598811,13.685749416616462],[109.20513178340363,13.684930211078989],[109.20635248606385,13.68307149941316],[109.20654322123441,13.682517414398756],[109.20677210348579,13.68128717486043],[109.20757318932611,13.680260067315928],[109.20864893443816,13.679528598528764],[109.21019770143104,13.678925876643413],[109.21254755544115,13.678661708287885],[109.21345545325138,13.679135684849347],[109.21412683932373,13.67955816190404],[109.21582056489513,13.680858973830135],[109.21640802830208,13.681219462960643],[109.21684290442921,13.681400661260083],[109.2173845911228,13.68140447582175],[109.218155160777,13.68132055249399],[109.21911646335509,13.68094957258524],[109.22044397878652,13.680137043236158],[109.22127558231011,13.679551486703904],[109.2228243493215,13.678742770552615],[109.22428919336573,13.678678874630108],[109.22528101457037,13.678528193872648],[109.22601343643713,13.678355578218435],[109.22685266918211,13.677882556792825],[109.2295000694966,13.675214175591927],[109.23014093831779,13.673738841643875],[109.23014093869848,13.673449877262431],[109.23032404458168,13.672985438336273],[109.2308046960293,13.672588708884396],[109.23236109258221,13.671712282578385],[109.23258997439305,13.671491983960333],[109.2331392905519,13.670451524668309],[109.23364283113165,13.669753435959402],[109.23298670361278,13.670087222232771],[109.23268915630501,13.670162562261298],[109.23254419801819,13.670275095909659],[109.23233057513258,13.670255067881723],[109.23210932227299,13.670127275658166],[109.23170496371792,13.669503572912722],[109.23153711799272,13.668934229158198],[109.23126245869919,13.667585733662829],[109.23136927071516,13.667299632290801],[109.23180414631507,13.666471841618247],[109.23176599917441,13.666349772048543],[109.23170496427952,13.666285875695932],[109.23148371172745,13.666300181074886],[109.23088098978644,13.66619241573965],[109.2303011561019,13.666036012862136],[109.2301638268411,13.665900591200598],[109.23016382664238,13.66545045656128],[109.23024774973639,13.664689425170879],[109.2305224078365,13.664240244163622],[109.2306826246033,13.664186838471256],[109.23121668284988,13.664198283164344],[109.23146082382961,13.664114358428003],[109.2316363002099,13.663891200123354],[109.23171259380534,13.663334253957458],[109.2315294877205,13.663021448295687],[109.23127008868373,13.662873628950642],[109.23079706554235,13.66250360392499],[109.23073603106685,13.66237676469916],[109.23089624764492,13.660801294674135],[109.23121668272087,13.659944894935817],[109.23223902124701,13.658268335184072],[109.23242212699614,13.658062341507357],[109.23258234496532,13.657729509771302],[109.23259760241729,13.657417657045226],[109.23273493259643,13.656671884252823],[109.23311640117554,13.65620935207804],[109.23313928947024,13.656005266216535],[109.2331087722157,13.655955675254996],[109.23283411471766,13.655832651693933],[109.23300959077038,13.655491235360177],[109.2329867027524,13.65537488761029],[109.23303247849054,13.654872301213645],[109.23296381342261,13.654803636671767],[109.23266626751523,13.654847505333985],[109.23260523227074,13.654797914395619],[109.23258234487183,13.654459360411725],[109.23270441403827,13.654245737136378],[109.23264337986384,13.654175164807762],[109.23243738542203,13.654129388346789],[109.23238397952079,13.65404832592103],[109.23240686875103,13.65371835547586],[109.23300196011569,13.653202416990704],[109.23304773736783,13.653146150510127],[109.23307825442961,13.652927759046873],[109.2329561841473,13.652792336979648],[109.23265100840278,13.652686479116278],[109.23218561577161,13.652730348346719],[109.23179651628385,13.652909639108355],[109.23108698215268,13.653565767380131],[109.23083521196192,13.653705956848489],[109.23046137263685,13.653583887548749],[109.23014093763821,13.653531435692242],[109.22953821570448,13.653192880263832],[109.22851587588546,13.652241113611455],[109.2283709184047,13.652030351496023],[109.22872187002532,13.651578310134155],[109.22873712927645,13.651287438805081],[109.22896601138156,13.651021364012232],[109.22933222197172,13.650364281958423],[109.22907282241621,13.649391534522168],[109.22903467520544,13.649016740579405],[109.22914148710566,13.648746851274105],[109.22914148732427,13.6482938549871],[109.22918726332283,13.648173691954835],[109.22967554435431,13.647728326248323],[109.22980524400384,13.647430780095151],[109.22978998557683,13.647257210994443],[109.22972132138632,13.647189499611082],[109.22962213895491,13.64719236144713],[109.22948480891006,13.647340180957952],[109.22935510980352,13.64727151640337],[109.22933222180195,13.647150399957578],[109.2294466633572,13.646836641354739],[109.22969843300751,13.646490457079091],[109.22988153778245,13.646391275293018],[109.23002649709748,13.646589638962778],[109.23013330838263,13.646547678063072],[109.23024012046488,13.646284463407765],[109.23020960237585,13.646092774944401],[109.23011804862348,13.64597451919123],[109.22992731443217,13.646055581929003],[109.22991205600023,13.645603540040455],[109.22978235620914,13.645476700808864],[109.22957636213785,13.645548227083884],[109.22945429182951,13.645812394741231],[109.22940088576017,13.645839098017566],[109.22934747971081,13.64577043322418],[109.22934748008977,13.645521524158033],[109.22767664298463,13.645003678820423],[109.22747827934124,13.645008447385974],[109.2273028025396,13.645111444361856],[109.22714258517807,13.645336510768471],[109.22692896181474,13.645426157008307],[109.22673059796053,13.645381334444961],[109.22631861095661,13.645148636732184],[109.22594477022011,13.644726160380383],[109.22565485279763,13.643975618474085],[109.22550226569344,13.643256546612863],[109.22563959444118,13.642230394112076],[109.22590662299496,13.640982987452492],[109.2266848216175,13.638656022860488],[109.23477960818195,13.622023941969255],[109.23773981290464,13.616846443566752],[109.24109674677734,13.611441016866829],[109.24629236458469,13.603750586214261],[109.24787164808033,13.601571440188758],[109.2489473933735,13.600012183010307],[109.25056482573474,13.597975134346292],[109.25266290808113,13.595445035634917],[109.25462366244813,13.5932039011016],[109.25637842322745,13.59117638902998],[109.25843073051368,13.589020130991445],[109.26039148511674,13.587065099002864],[109.26657129380669,13.581750271579375],[109.26924921188773,13.579544422514873],[109.27092004859058,13.578274128196064],[109.27269769806219,13.577110646133377],[109.27388788361863,13.57619321105221],[109.27457452887656,13.575719235225058],[109.27559686771794,13.575102207057771],[109.27915216560567,13.57332265096967],[109.28083063299607,13.572661754250749],[109.28159357190013,13.57244145587189],[109.28434778372927,13.572090503691747],[109.28620935650603,13.572077152076472],[109.28655267943739,13.572121974294845],[109.28692651885761,13.572280284352239],[109.28775049410959,13.572823879532903],[109.28855920926924,13.573248264509527],[109.28860498633294,13.573316928335748],[109.28865839133859,13.57359635538075],[109.28868128028365,13.574498531007048],[109.28859735669539,13.574982043314913],[109.28849054522956,13.575313922561685],[109.28814722196316,13.575880405754196],[109.28805566907396,13.576101657515744],[109.28810907575142,13.576319095723912],[109.28839136297384,13.576506015280865],[109.28849817427219,13.576647158920398],[109.28856683968114,13.576678630172143],[109.28862024512888,13.57664811358231],[109.28872705596388,13.576456424768123],[109.28881860912283,13.576201793353464],[109.28883386800739,13.575946208760156],[109.28910852661333,13.575221416366245],[109.28916193257362,13.574665424036636],[109.28923822536628,13.574468967178928],[109.28928400262603,13.574439403578237],[109.28936029631824,13.57450997550977],[109.28947473745866,13.574841853571506],[109.28961969532276,13.575048801508563],[109.28973413661421,13.575100299348327],[109.28980280136604,13.575086948204715],[109.29002405324046,13.574829456362155],[109.29006982939781,13.574816104548981],[109.29025293556192,13.574899073948634],[109.29029108271413,13.574877139309725],[109.29031397045944,13.574650165101168],[109.29049707673522,13.574175235483304],[109.29071832860072,13.573935862984813],[109.29170251989427,13.573240633757512],[109.2920153256219,13.573231096770169],[109.29208399043713,13.573198672611346],[109.29217554209077,13.572944041051588],[109.29211450713909,13.572806711842162],[109.29209924836258,13.572554942038407],[109.2921755426247,13.572800037329177],[109.2924502008654,13.573182459829008],[109.29264856548897,13.573112841647749],[109.2930147760491,13.572697993954842],[109.29306055198727,13.572691317781413],[109.29308344032647,13.572904941177223],[109.29315973416466,13.572959299932656],[109.29330469358906,13.572973605195903],[109.29341150446399,13.572940226883983],[109.29357935148212,13.572788592959194],[109.2936174981264,13.573034641338888],[109.29382349188909,13.573060390062663],[109.29389215620606,13.57298028106633],[109.29387689729043,13.572897310895678],[109.29365564534444,13.572546358964264],[109.29364801603106,13.572393770980948],[109.29373193884942,13.572613115801442],[109.29388452747492,13.572766658411533],[109.29417444405598,13.57303177965146],[109.29430414351599,13.57301842759246],[109.29438806689843,13.572964069319442],[109.2944185838763,13.572712298946831],[109.29447962045316,13.57259404325859],[109.29462457821197,13.572491999763871],[109.29560114161625,13.572275515652187],[109.29586816937197,13.57215725941408],[109.29619623373635,13.571924564268633],[109.29685999164757,13.570967074799219],[109.29693628555576,13.570750590960923],[109.29702020786728,13.57001339976463],[109.29721857260849,13.569695826245264],[109.2975847834309,13.569339152245064],[109.29768396493166,13.568943377675069],[109.29817987636386,13.568378802132557],[109.29853082841291,13.567811365899495],[109.29858423388548,13.567643519262013],[109.29855371637865,13.567386027914404],[109.29843927516555,13.567257281152385],[109.29830957655469,13.56719624536523],[109.29782129449265,13.56717335773723],[109.29737878901793,13.567082758797197],[109.29721094267039,13.567095156419912],[109.297096501836,13.567151423753858],[109.29688287884598,13.567442294021019],[109.29678369727078,13.56745850635033],[109.29660059147308,13.567413683153037],[109.29644800323597,13.567448015657815],[109.29604364484469,13.567734118498697],[109.29516626532947,13.567649241342881],[109.2940600031977,13.568173762902584],[109.29283930021037,13.568902369977385],[109.29269434096953,13.568930026125587],[109.29196954931706,13.56884610310543],[109.29128290293238,13.568555231885401],[109.29032922920987,13.56791817811874],[109.2893602962433,13.566845293469811],[109.28826929152413,13.564900752177245],[109.28822351535305,13.564699527099075],[109.28829981001111,13.564565058984599],[109.28892541941322,13.564138767031217],[109.2890398604084,13.563928004015777],[109.2894289601175,13.563540812453828],[109.28943658936082,13.563482639027216],[109.28926111379948,13.563351984948367],[109.28945184881759,13.563320513428549],[109.28966547189061,13.563156482106937],[109.28993249963646,13.563041086429223],[109.28990198238348,13.562753077331966],[109.29014612291597,13.56270825504624],[109.29018426930672,13.562669153291601],[109.29033685736914,13.562266703200313],[109.29037500470426,13.561928148893914],[109.29032159838458,13.561840410592778],[109.29023004705492,13.56183564226908],[109.29005457115643,13.562001581435318],[109.29000116486348,13.561982508853442],[109.28995538901856,13.561851855989437],[109.28990198276026,13.561818476455462],[109.28967310087714,13.561857577908166],[109.28965021258763,13.561787959081864],[109.28968072935616,13.5617250164446],[109.28981805900443,13.56163250985985],[109.28984094796802,13.561528559543627],[109.28973413596225,13.561477062042849],[109.28943659005907,13.561481829693419],[109.28937555498464,13.561426516719159],[109.28935266539061,13.56134068592087],[109.28944421872747,13.561123247811333],[109.28940607200212,13.561033602420741],[109.28923059596346,13.560941096698514],[109.28922296694051,13.560878153926181],[109.28945947754691,13.560958262477406],[109.28958154734677,13.560935373956749],[109.28984094732007,13.56080853533039],[109.28997064627218,13.56067883567534],[109.2899859055072,13.560585375967216],[109.28993249977793,13.56048333234955],[109.28974939484864,13.56035935421747],[109.28948999467718,13.560347910704902],[109.28936029575475,13.560379381970678],[109.28916956064307,13.560590143447364],[109.28908563803252,13.560555811423011],[109.28894830772708,13.560365076509983],[109.28871942620667,13.559538241554531],[109.28839136245269,13.559330340509039],[109.28840662097937,13.559193964462123],[109.28862024434065,13.55901085937162],[109.28860498562236,13.558930750658549],[109.28841425031828,13.55896317551279],[109.28822351544581,13.55911004135295],[109.28792596946555,13.559100504983206],[109.28788782267348,13.558953638562766],[109.28797174565442,13.558738108511099],[109.28791071047893,13.558705683884673],[109.2871630296632,13.559060450248245],[109.28710962372004,13.559106226511311],[109.28707147621495,13.559238787796405],[109.28699518224671,13.55928456370868],[109.28678918924608,13.559322710331182],[109.2866060833182,13.559270258728006],[109.28630090808407,13.55902230356212],[109.28605676764799,13.559039469394087],[109.28594232631687,13.558994646672385],[109.28584314467203,13.558861132462969],[109.28582025678217,13.558704729843615],[109.2858507735013,13.55861699171154],[109.28605676790603,13.558400507791296],[109.28610254384805,13.558278437359705],[109.28607202678666,13.558186884380454],[109.28585840340548,13.558148737453443],[109.28583551532348,13.558117266857643],[109.2859728443645,13.558064814667059],[109.28596521446629,13.558022852859724],[109.2857515915922,13.557850237864686],[109.28594995515665,13.557808275862394],[109.28601099184681,13.55767190057349],[109.28578973850709,13.557123537201662],[109.2857287030324,13.557053919499703],[109.28543878662272,13.557001467765124],[109.28524042234935,13.556830759201619],[109.28522516335698,13.556791659619833],[109.28538538079478,13.55674302118417],[109.2854311577393,13.556676264755009],[109.28540063971039,13.55659806381781],[109.28527093936705,13.556634302824337],[109.28472162376521,13.556642885223551],[109.28457666459266,13.556599970254435],[109.2844851127883,13.556411144031355],[109.28439355944248,13.556327219822633],[109.2840197191213,13.556226130417556],[109.28389001971111,13.556247111432594],[109.28381372562016,13.55611073589325],[109.28373743155717,13.556085940366346],[109.28362299048389,13.556093569463762],[109.28336359118654,13.556243296560718],[109.2833330728692,13.55634152432601],[109.28321100357186,13.556488390576153],[109.28292871558166,13.55659234210495],[109.28269220402123,13.556599970270607],[109.28202081732395,13.556505556859394],[109.28184534097743,13.556537028548883],[109.2814333541911,13.556749697639853],[109.28108240265712,13.557111139801796],[109.28082300261661,13.557213183425832],[109.28067804444021,13.557231302523272],[109.28039575615865,13.557173129066136],[109.2799303628639,13.55675446569183],[109.27956415212256,13.55623471420931],[109.27895380088054,13.555104610214334],[109.2785265546235,13.553575869656385],[109.2782137490917,13.552069063478001],[109.27819849065517,13.551821108848907],[109.27824426677599,13.551765795376719],[109.27841211435916,13.551705713212499],[109.27845788993757,13.551486369085078],[109.27850366562869,13.551426288074433],[109.27870965955404,13.551570292788941],[109.27890039531121,13.551496859318698],[109.27893091205638,13.551164980805861],[109.27896905934816,13.551125879840683],[109.27925134703226,13.551234598893474],[109.27939630583376,13.551224108739603],[109.27955652253947,13.551115389286638],[109.27973962805697,13.550856943967366],[109.27979303431452,13.55070721616472],[109.27973962820823,13.550406809144317],[109.27961755804515,13.550333376730416],[109.27955652329722,13.55016552932898],[109.27948785781952,13.550113077504415],[109.27938867622261,13.550110216833636],[109.27912927688517,13.550193186137275],[109.27899957680422,13.550291414422391],[109.27891565409487,13.550249453162246],[109.27890802427805,13.550134058472327],[109.2790224652184,13.550113077154492],[109.27903009450415,13.550032969130742],[109.27886987728193,13.55003296912769],[109.27862573683832,13.55016552988352],[109.27858758978458,13.550141688261272],[109.27858759017602,13.549991007234029],[109.27881647219844,13.54992138997823],[109.27899957688378,13.549697275360842],[109.2790529827386,13.549551363129266],[109.27903772383328,13.549432154357083],[109.27893854226072,13.54945313556597],[109.27885461935729,13.54957520571194],[109.27881647224348,13.549543734085834],[109.27901483623131,13.549236651239868],[109.2790148359207,13.548984881291844],[109.27887750642432,13.548768397361421],[109.27879358250794,13.548715944325371],[109.27859521898537,13.548736925854609],[109.27845789019624,13.54880654451176],[109.27845788967139,13.54876172184081],[109.27855707146932,13.548656817821135],[109.27855707208641,13.54853093277744],[109.27842737213705,13.548513766286822],[109.27838922445781,13.548461313105083],[109.27841974257045,13.548426027300344],[109.27835870782584,13.548373575425476],[109.27813745520835,13.54832875372876],[109.27857233042343,13.548328753820003],[109.27862573667026,13.548276301581158],[109.27841974323579,13.547759409361952],[109.27824426682848,13.547583933290477],[109.2782290076955,13.547396059502088],[109.27815271391474,13.547392245625652],[109.27810693798847,13.547521944237246],[109.27779413259144,13.547535296782335],[109.27751947373272,13.547667856801848],[109.27742029176522,13.547678347443423],[109.2773134804554,13.547640200253015],[109.27722955648642,13.547493334418434],[109.27736688652458,13.54698693382068],[109.27713800483197,13.54711281834153],[109.2770769696283,13.547217722541946],[109.27697015740814,13.547127123274686],[109.27680231088314,13.54720055614658],[109.27668787000378,13.547144289125017],[109.27659631810181,13.547032709193497],[109.27642847029956,13.546662684382145],[109.27628351310842,13.546159144645026],[109.27625299510692,13.545243616735423],[109.27629114159501,13.544713373450623],[109.27645135831284,13.543927546584491],[109.27697015754653,13.542255754965144],[109.27713800415478,13.541406985473037],[109.27719903951166,13.540617341850519],[109.2773211095391,13.540037508452095],[109.27751947311198,13.539618845417767],[109.27768731998188,13.538909311146087],[109.2777559853237,13.53760850028085],[109.27810693693361,13.536535615871493],[109.27819085990278,13.535883303383583],[109.27873254704102,13.534011240102885],[109.27890039402143,13.533573503406657],[109.27940393461473,13.532728547743949],[109.27993036244615,13.532190675865856],[109.28026605492025,13.531992311311793],[109.28057886084424,13.531943673673556],[109.28078485444308,13.531985635824077],[109.28135705940605,13.53249585146073],[109.28221918064392,13.532582635939782],[109.2831728552794,13.532822961787444],[109.28331781367768,13.5327924435545],[109.2833941076373,13.532689447794095],[109.28344751305578,13.532085771484804],[109.28354669553254,13.531896943854857],[109.28376031778323,13.531711930744637],[109.28396631211658,13.5316632931523],[109.28419519436237,13.531701440879614],[109.28459955205186,13.531870240322593],[109.28497339194071,13.532177323822598],[109.2851488679202,13.532170648171254],[109.28525568011644,13.532098169857159],[109.28534723245441,13.5319398595982],[109.28557611469148,13.531175012619215],[109.28583551423428,13.530846948475496],[109.28670526431365,13.530210847745083],[109.28697229309047,13.52995240151562],[109.28708673380974,13.529714936190231],[109.2871401400553,13.529100770651585],[109.28721643455648,13.528821343841013],[109.28751398029893,13.528485649829115],[109.28763605142352,13.528282518325302],[109.28911615298549,13.527766580510152],[109.29086328504928,13.526697511101878],[109.2911226839049,13.527415627689972],[109.29133630691658,13.527562493229432],[109.29188562299646,13.52774369174734],[109.29207635840942,13.527743692071354],[109.29216791133831,13.527513856047943],[109.29232049932939,13.527569168900653],[109.29254938098651,13.527492875039023],[109.29269433880741,13.527366989530979],[109.29356408997336,13.52708756415189],[109.2938234901285,13.526947373490191],[109.29391504229133,13.52695500331331],[109.29421258913982,13.527192468237267],[109.29436517716883,13.527150505783029],[109.29444910057812,13.52703129726457],[109.2942659938165,13.526543015645126],[109.29406762986558,13.526423805801723],[109.29393793007928,13.526430482172758],[109.29394555994456,13.526060456010669],[109.29402185432428,13.525990837933751],[109.29444910066208,13.525984161444233],[109.29488397540149,13.526200646905245],[109.2951128570444,13.526444786687764],[109.29523492797534,13.526430481492842],[109.29532648047851,13.526346559130456],[109.29528833315429,13.526193016501388],[109.29531885087562,13.526067131973598],[109.29540277445983,13.526053780980844],[109.29569269129853,13.526130074705486],[109.29587579764068,13.526325577479566],[109.29593683222062,13.526276939880995],[109.29595972025348,13.526186340536782],[109.29585290880877,13.525948876464573],[109.2957155794837,13.525781029523895],[109.29567743212878,13.525494927838142],[109.29578424457883,13.525288933411113],[109.29591394408183,13.52530228439962],[109.29596734938013,13.525232666551117],[109.2958376504647,13.524974220963573],[109.29589105486865,13.52486264092779],[109.29619623090838,13.524827355668226],[109.29651666593772,13.524625177052359],[109.29694391268306,13.524883622053023],[109.29707361230511,13.524886482828558],[109.29717279455247,13.524820679658319],[109.29759240980087,13.52435623981889],[109.29779077507231,13.52374112001229],[109.29802728645788,13.523308151389337],[109.29845453250934,13.522776955206535],[109.29860712040953,13.522709244272454],[109.29893518456207,13.522646301174936],[109.29932428318251,13.522328728167576],[109.29991937656668,13.522331589642413],[109.30039239799974,13.522503250371548],[109.3005755038489,13.522453659573207],[109.30063653881797,13.522369736145206],[109.30067468586186,13.52220570411893],[109.30065179776247,13.521842354464864],[109.30059076342178,13.521776550072232],[109.30043817509869,13.521769875435483],[109.30036188142356,13.521696442046418],[109.30022455234935,13.521199577291076],[109.30023981023217,13.52117955010007],[109.30040002856596,13.521291130050207],[109.30050683875413,13.521301621222891],[109.30054498615263,13.5212701495786],[109.30057550372112,13.521158569258644],[109.30052972669358,13.520892493922858],[109.30043817475678,13.520721787075214],[109.30030084570468,13.520616882146415],[109.29981256442784,13.520669335735704],[109.29973626969301,13.52061688217694],[109.29971338221138,13.520515793233097],[109.30001092892604,13.51963841349245],[109.30020929313868,13.519481055868447],[109.30030847512545,13.519235962264483],[109.30056024508039,13.519334190365562],[109.30058313331875,13.519284599323138],[109.300544986252,13.519166343988536],[109.30034662195732,13.519128197388678],[109.30030847476559,13.519081466992477],[109.30033136303236,13.519037598146612],[109.30065179829859,13.51913964157962],[109.30067468609087,13.519451492638467],[109.3007509804848,13.519518250048057],[109.30093408528305,13.51946389030793],[109.30098749144967,13.519238822969566],[109.30098749135165,13.518988960280431],[109.30100274973294,13.518922203621614],[109.30105615596248,13.51890694464626],[109.30110193178521,13.518915527346957],[109.30130029636028,13.519297951412538],[109.30142999653354,13.519396178974127],[109.30159784317254,13.519446723876193],[109.30208612436677,13.519362801373967],[109.30220819439992,13.519114844873],[109.30220819398414,13.519011849420187],[109.3021700475084,13.51898228498903],[109.3021013833303,13.518976563290712],[109.30184198311649,13.51910626179702],[109.30179620719551,13.519069069287378],[109.30178094839582,13.518994682029142],[109.30188012965465,13.518704765592727],[109.30172754242624,13.518638008013843],[109.30165887764463,13.51834236932778],[109.30155206646081,13.51835286027495],[109.30150628968293,13.518600815339964],[109.30146814273759,13.518569343981836],[109.30146051410229,13.518289917598661],[109.30133844281127,13.518206946925023],[109.30099511974367,13.51774536896522],[109.30064416818036,13.517053955478117],[109.30055261637136,13.516554229716778],[109.30055261633836,13.515673988525515],[109.30078912711292,13.514175766147938],[109.30094934345406,13.513763778754639],[109.30096460285829,13.513553970376666],[109.30074334989614,13.513083808725689],[109.30075097991275,13.512814872594632],[109.30099512009822,13.512047164908982],[109.30096460248603,13.511631363300033],[109.30083490225778,13.511374824695173],[109.30078149698781,13.510850304093069],[109.30078912692437,13.51049649090046],[109.30112481919718,13.509074561668948],[109.30117059615668,13.508556716939864],[109.30103326663183,13.508180015836624],[109.30109430240813,13.508047455033305],[109.30132318396896,13.507970206866705],[109.30123163139277,13.507858626875],[109.30105615535525,13.507824295128316],[109.30102563729923,13.507760398858437],[109.30136896089215,13.507796638646333],[109.3014071074024,13.507789009044812],[109.30147577132428,13.507662170465137],[109.3018038353751,13.50768791997589],[109.30206323552015,13.507521979961265],[109.30246759351662,13.507370345223562],[109.30262018083452,13.507205361025525],[109.30263543959238,13.507068030755164],[109.30257440456694,13.50694214551511],[109.30244470409082,13.506739013847422],[109.3022921175323,13.506647460248995],[109.30134607264483,13.5063241642834],[109.30110956052603,13.506306045394362],[109.30089593749493,13.506342284963623],[109.30043817452795,13.506508224954898],[109.30014062759768,13.506700866927623],[109.2999804101311,13.507060401463626],[109.2997744168956,13.50849282062834],[109.29912591816145,13.509623878585217],[109.29901910672095,13.509987227581867],[109.29895807197624,13.510574692033215],[109.2987673363903,13.511196487884705],[109.29844690266745,13.51159416971741],[109.29756952156389,13.512106293078817],[109.29703546493108,13.512245528782353],[109.29648614771155,13.51224552888637],[109.29594446042572,13.512140625036603],[109.29489160484157,13.511777274749377],[109.29395318854553,13.511253708219142],[109.29276300322708,13.510296219353249],[109.2907030660002,13.508159034838329],[109.29020715658437,13.507522934190193],[109.28929925796024,13.505846374685934],[109.28813195980632,13.50268875856364],[109.28771234356341,13.500397079801104],[109.28765130823679,13.499167793009207],[109.28773523189737,13.498692864260345],[109.28766656720201,13.49779831660585],[109.28788781974582,13.496345871105694],[109.28791833670758,13.4957870179835],[109.28822351311729,13.495157592855916],[109.2884523942309,13.493928306558981],[109.28899408139777,13.492111556154901],[109.28929925733176,13.491274230755709],[109.28976465086163,13.490589492592356],[109.2898562022345,13.48950802501207],[109.28995538535501,13.489136092294894],[109.29080987704533,13.487753263892643],[109.29091668857573,13.487453811440297],[109.2909166882263,13.486985556800036],[109.29122949381133,13.486215940948403],[109.29204583953793,13.484890333717102],[109.29238916095495,13.48414837630238],[109.29268670862739,13.48290478417612],[109.29380822880229,13.481149069474956],[109.29403711125032,13.480499617889057],[109.29433465698469,13.479863516511356],[109.2951204848697,13.478836409812002],[109.29579950107257,13.477313391463257],[109.2960436412787,13.476929060679614],[109.29695916938176,13.475751272619007],[109.29832482952399,13.473429074935778],[109.29874444728244,13.472858777765408],[109.30126214728301,13.470033994912951],[109.3017656869867,13.469419827727867],[109.30268884423916,13.468743672463612],[109.30327630703759,13.468078009236487],[109.30477166924867,13.467044225597853],[109.30694604542745,13.465628018722812],[109.30918145909422,13.464747777598362],[109.31119561919984,13.464203229043857],[109.31279016147847,13.464091648895712],[109.31433892869005,13.46418892398477],[109.3149950570619,13.464388242464697],[109.31714654733555,13.465680469936077],[109.31872583111593,13.466295589661739],[109.31943536525705,13.466770519774384],[109.31972528245844,13.4670985842421],[109.31993890508605,13.467416158210886],[109.32007623391026,13.46775566588941],[109.320068605589,13.467999806287661],[109.31999231148842,13.468052258407631],[109.31960321245764,13.468121877462004],[109.3194429944832,13.468220104855856],[109.31887079043302,13.469204296837907],[109.31857324302203,13.469878544823505],[109.31857324348748,13.47002541156658],[109.31880212539404,13.47040974144095],[109.31880212559126,13.470748295957295],[109.31887841907795,13.47092663345202],[109.31902337869377,13.471017232641582],[109.32016015873315,13.471391071925387],[109.32039666958623,13.471600881520317],[109.32080102752566,13.472403874349734],[109.32099939134127,13.472586026029902],[109.32152581991598,13.47283016716252],[109.32194543693794,13.473174443636246],[109.3219759530471,13.473325123932042],[109.32157159597504,13.474464765742288],[109.32159448432108,13.474949231669498],[109.3216784079654,13.47519337234324],[109.32187677114896,13.47533642373674],[109.32228875951584,13.475354543455413],[109.32336450324391,13.474920621566215],[109.32366205069494,13.474655499492107],[109.32389093110503,13.473970760768305],[109.32402826125059,13.47383152478102],[109.32443261846764,13.473691335550011],[109.32540918160964,13.472825397964616],[109.32566858017125,13.472762456226079],[109.32612634488741,13.472818722809334],[109.3270266134453,13.47326504232783],[109.32714105339299,13.473230710134773],[109.32717157185589,13.472566952909226],[109.3269579487134,13.471924175853506],[109.32698846611892,13.471441617250298],[109.32731653041981,13.470778812921903],[109.32793451153722,13.47023331172973],[109.32926965526569,13.469395031448169],[109.3298876365425,13.469220508984572],[109.33000207604644,13.469129909558427],[109.3300631125665,13.46887146463739],[109.32996392968242,13.468562473880459],[109.32975793671044,13.46821056742617],[109.32941461362378,13.467751850756885],[109.32935357874364,13.46752296896654],[109.32912469596167,13.467137684693135],[109.32904840193822,13.466828693412744],[109.32905603213881,13.466231693609357],[109.32918573104747,13.466024746393234],[109.32944513100524,13.465868343373524],[109.32961297732088,13.465667118322719],[109.32968927172867,13.465465893800381],[109.32969690155791,13.464804996349072],[109.32974267698894,13.464752544894296],[109.32994867125227,13.464768757236415],[109.33000970623277,13.464741100498857],[109.32993341261566,13.464590420559167],[109.32994867114421,13.464542736575313],[109.33016992299392,13.4646772045697],[109.33026147636147,13.46465145518718],[109.33033777009165,13.464567531803818],[109.33033776984543,13.464475979350938],[109.330253846099,13.464352955477382],[109.33024621772886,13.46426044878062],[109.33029199310191,13.464215626047404],[109.33062005689654,13.464151729530393],[109.33062768735583,13.464034428797307],[109.33052087482817,13.463878025513402],[109.33052087495594,13.463416447103356],[109.33037591733866,13.462692608807197],[109.33013177597732,13.462111820100192],[109.32978082381986,13.461877216385192],[109.32933831872975,13.461731304125092],[109.3289415907489,13.461742748346412],[109.32792688156809,13.46200500918146],[109.32773614631255,13.462022175797575],[109.32755304154159,13.461977352280076],[109.32736993518505,13.461731304105964],[109.3272478652471,13.461680759560366],[109.32711816491246,13.461697925189737],[109.32703424220723,13.461770405744096],[109.3268969132054,13.461742748187392],[109.32671380686746,13.461602558600871],[109.32655359012291,13.461602558380179],[109.32633996704942,13.46182667268084],[109.32592798047015,13.462463726248233],[109.32574487399268,13.463240017635535],[109.32541681021495,13.46397243993757],[109.32535577559821,13.46432434609794],[109.32533288726562,13.464806904868784],[109.32528711079503,13.464862218140102],[109.32424951311275,13.465230335836305],[109.3237459729698,13.46527515910084],[109.32298303356337,13.465203632505101],[109.3222277231751,13.465038647781963],[109.3213427139301,13.464692463949973],[109.3203890389039,13.46413361091634],[109.31947351222111,13.46344028906242],[109.31877160785938,13.462697376479502],[109.31793237363895,13.461456646691573],[109.3170626228069,13.459945072917876],[109.31616235485099,13.458189358645361],[109.31571984976127,13.456467977045344],[109.31549096740922,13.453392376334419],[109.31555200265349,13.452864994483539],[109.31578088428172,13.45221363443691],[109.315834290612,13.451623310327605],[109.31588006620127,13.451506008538678],[109.3164904181763,13.450695385281833],[109.31679559401672,13.449749340077773],[109.31745935094256,13.448317875571638],[109.31791711501518,13.447795260824146],[109.31861138892603,13.447203983484071],[109.31874871935554,13.446813930091627],[109.31900048965102,13.446768154153714],[109.31909204107241,13.4466308252547],[109.31919122299391,13.4462293278532],[109.3193514415217,13.445041049747436],[109.31938958860277,13.444967617088153],[109.31948114053958,13.444926609115413],[109.31970239319003,13.444970478023096],[109.31974816884028,13.444939006723274],[109.31990075735986,13.444241870701308],[109.31988549774474,13.444090236693896],[109.31981683443247,13.443903315618586],[109.31936669887463,13.44345604278323],[109.31923699992896,13.44291817140512],[109.31916070635654,13.44283234004477],[109.31893182437726,13.442736973087191],[109.3188555303747,13.44275795381012],[109.31842065527258,13.443162311239817],[109.31835961889864,13.44318233896094],[109.31803918474596,13.44299064997586],[109.31767297385103,13.4430163993444],[109.31762719803916,13.442599643752592],[109.31757379196372,13.442530979099686],[109.3173296510126,13.44243084300403],[109.31719995081632,13.44242798241621],[109.31704736419829,13.442511906125988],[109.31687951719749,13.442815173899364],[109.31681848233094,13.442846645452821],[109.3166353757712,13.44278370337025],[109.31655145283554,13.442639697766507],[109.31650567669074,13.442636836717417],[109.31623101766091,13.442840923220428],[109.31583429040165,13.44284092318206],[109.31559777934461,13.44255005326614],[109.31552148465329,13.442511905992355],[109.31522393752297,13.44260822752017],[109.31505609232887,13.44257675553952],[109.31448388689543,13.442269672528441],[109.31423974624133,13.442189564542],[109.31392694133426,13.441822399218607],[109.3137972406682,13.441742290322255],[109.31321740653556,13.441575396934414],[109.31307244847633,13.441483844729731],[109.31270623748229,13.440926898869591],[109.31246972655343,13.440241207240415],[109.3124315795143,13.439922680575378],[109.31231713891384,13.439756739827304],[109.31156182889572,13.439268459425529],[109.31063104260924,13.43828522156152],[109.31047082423675,13.437948574427168],[109.31040216068853,13.437502254194383],[109.31043267769357,13.437074055406766],[109.31073022502696,13.436179508129321],[109.31047845434442,13.435058940863057],[109.31050134215884,13.43432651864145],[109.31055474876108,13.434077609699019],[109.3108141476353,13.433727611169612],[109.31069207723021,13.433535922765028],[109.31067681854283,13.433398594205418],[109.31074548363186,13.433211673918871],[109.31092858862856,13.433040965598604],[109.31111169473313,13.433011402221862],[109.31130242820844,13.433044780830663],[109.31138635254638,13.43301521688721],[109.31152368109774,13.432819713806177],[109.31159234565516,13.432566035458235],[109.31188226252377,13.432361950061006],[109.31196618663658,13.432228434536995],[109.31196618634407,13.432095875086006],[109.31187463303962,13.432025302724593],[109.31185937433554,13.43194996316965],[109.312072996989,13.431808818330348],[109.31213403230818,13.431666720997717],[109.31210351528853,13.431450236878698],[109.31190515144313,13.431101192154673],[109.31178307999281,13.431067813738819],[109.31148553434464,13.431229937488133],[109.31102776990917,13.430997241509765],[109.31096673517338,13.430872310913571],[109.3110811764797,13.430485118533191],[109.31107354747095,13.43015705452799],[109.31089044108798,13.429714549740565],[109.31085229424454,13.428848613262717],[109.3108675536606,13.428644527041248],[109.31146264638575,13.427563060308735],[109.31181359864401,13.426977504999384],[109.31212640296411,13.426639903180194],[109.3121492908229,13.426572192316781],[109.31212640311409,13.42648922254247],[109.31205773939142,13.426451075870684],[109.31198907434582,13.426459658362552],[109.31178308015483,13.42663418143017],[109.31173730431844,13.426617968610353],[109.31179071012902,13.426376689848695],[109.31150842181384,13.426159251908082],[109.3115007927325,13.426108706095283],[109.31190515144651,13.425881732763223],[109.31189752105499,13.425798762727934],[109.311691527901,13.42558704677468],[109.31150079298973,13.425611842383503],[109.31127191066213,13.42538486886278],[109.3113024284762,13.425276149537305],[109.31154656931436,13.42504154586471],[109.31155419844693,13.424883235666776],[109.31149316273496,13.424795497464245],[109.31106591708075,13.424517024667274],[109.31079125858957,13.424402583380717],[109.31067681816596,13.42430435532031],[109.31063104175794,13.424148906512567],[109.310646301116,13.424033511351096],[109.3107302236375,13.423925746854646],[109.31059289470764,13.423540461589662],[109.31063104202428,13.423445094699497],[109.3108141466004,13.423251498614581],[109.31081414700026,13.42308937345768],[109.31075311174702,13.422964442272445],[109.31049371257043,13.422707904663316],[109.31037164227634,13.422506678008853],[109.31025720137528,13.422221530669134],[109.31021142525181,13.421929705589099],[109.31022668410606,13.421767581174063],[109.31046319458798,13.421559679966588],[109.31044793599384,13.421470034196398],[109.31025720105383,13.421436656367433],[109.31010461412907,13.42155681939457],[109.30998254289044,13.421336519995748],[109.31000543044114,13.421178210473585],[109.31008935484138,13.421024669087192],[109.31021142468877,13.420928347783663],[109.31031823723369,13.420928347419384],[109.31048608306098,13.420995104923376],[109.31054711742233,13.420954097573572],[109.31050134196785,13.420757640533958],[109.31055474741557,13.420649875541294],[109.31098962273059,13.420420993268072],[109.31108880473028,13.420241702465876],[109.31105828803696,13.420050012910561],[109.31066155858696,13.419600833653924],[109.31050897084178,13.419368136317084],[109.31050897092223,13.419259417235418],[109.31054711791208,13.419250833904707],[109.31076074108928,13.419488299305405],[109.3108675528375,13.419480669936505],[109.31095147612685,13.419247020245447],[109.310859923721,13.4189389828811],[109.31049371260032,13.418597567046596],[109.31036401272746,13.41860615049325],[109.31000543102897,13.418768275606089],[109.30995965468347,13.41873966483228],[109.30992150756751,13.418651927068911],[109.30992913672549,13.418426860294874],[109.309662108776,13.418185580537338],[109.30956292557399,13.417519915477254],[109.30962396195874,13.417407381971753],[109.30972314410903,13.417353022634396],[109.30985284260333,13.417059291144248],[109.30970788437439,13.416812289157557],[109.30970788480843,13.41669117181527],[109.3098604729701,13.4164918551222],[109.31006646644856,13.416338313499555],[109.31021142427382,13.415954936179713],[109.31037164151802,13.415791857745795],[109.31054711766102,13.415779460216104],[109.31066918893653,13.415904391040849],[109.31074548281684,13.415912973806822],[109.31101251070785,13.415684091656239],[109.31166100933811,13.415671695094934],[109.31176019146731,13.415625917989916],[109.31181359786603,13.415418016893211],[109.31188226151176,13.414597857033577],[109.31182885679625,13.414376605259788],[109.31169915647445,13.414293635418028],[109.31142449885138,13.414468158313962],[109.31136346330395,13.414443362132802],[109.31128716993618,13.413557399208472],[109.3111956164861,13.413348543913935],[109.3109438462708,13.413107263561649],[109.31081414633339,13.413107263769835],[109.31065392985205,13.413307535548729],[109.31056237682215,13.413302767889718],[109.31037164147045,13.413015711563851],[109.31023431235027,13.412936557353436],[109.31015801889815,13.412974704383881],[109.31017327772017,13.413544046737666],[109.31014275908218,13.413561213086298],[109.30986047222471,13.41336571035717],[109.30966210869491,13.41334854446505],[109.30958581407505,13.413390505860468],[109.30940270883421,13.413282740064698],[109.30937219107858,13.413311350632016],[109.30940270881706,13.413503039151127],[109.3093721913693,13.413631785260495],[109.30919671538973,13.413723338018963],[109.30917382645208,13.41377769747069],[109.30922723223028,13.414181102087081],[109.30917382700231,13.414251673938754],[109.30903649733119,13.41430603294924],[109.3089373155776,13.41429744978157],[109.30888390981617,13.414202082507165],[109.30876946891262,13.414189684657392],[109.30841851666773,13.414443362300307],[109.3082811872769,13.414427149988187],[109.30812097080984,13.41465984614353],[109.30805230532987,13.41469322497193],[109.30781579479417,13.414143907934543],[109.30772424185842,13.414110530258975],[109.30760980032322,13.41424404402637],[109.3075487654367,13.414635051182104],[109.30747247186014,13.414622652836265],[109.30744195434869,13.414501536593862],[109.30735803012378,13.41451393403343],[109.30731225418266,13.414564479048948],[109.30727410778397,13.414518702460247],[109.30725884842639,13.41430221808699],[109.30713677836539,13.414302218004284],[109.30702233711419,13.414430964171357],[109.30703759610464,13.414552081174465],[109.30712914925498,13.414739001171096],[109.30708337213818,13.414780963375026],[109.30702233721605,13.414656031179343],[109.30694604373639,13.414659846242508],[109.30686212014038,13.414722789241106],[109.30679345557535,13.414943087288133],[109.30664849760474,13.41502224190718],[109.30645776249683,13.414922106852668],[109.30643487432546,13.414847720414983],[109.30648828077862,13.414710391401352],[109.3064653916918,13.414568293616371],[109.30629754544876,13.414360392584165],[109.30618310440364,13.41436039264466],[109.30613732708487,13.414406169185307],[109.30614495789882,13.41478954663378],[109.30608392250369,13.414988864225212],[109.30599999815048,13.415022242286625],[109.30583215284067,13.414955484991742],[109.30558801170793,13.414955485350312],[109.30546594193,13.415064204164137],[109.30470300106022,13.415392268724544],[109.30458093111582,13.415663112545381],[109.30444360269227,13.415721286645281],[109.30419183287195,13.416050303313053],[109.30394006229221,13.416275370248004],[109.30379510316935,13.416333545278665],[109.30352044506779,13.416308749355746],[109.30285668887839,13.416029322662094],[109.30255151221304,13.415800441358616],[109.30234551811687,13.415525782142613],[109.30224633650403,13.414559710313654],[109.30226159534779,13.414277423507274],[109.30232263054103,13.414164889368479],[109.30250573631618,13.41402279280988],[109.30325341652411,13.413548816579679],[109.30356622132872,13.413297045856524],[109.30374169735124,13.413196910166164],[109.30418420209386,13.413096774507727],[109.30438256691394,13.41295944488942],[109.30450463754225,13.412763941865741],[109.30455804314286,13.412526477097533],[109.30451989598735,13.412177432098288],[109.3044283431316,13.412022936749445],[109.30433679027439,13.41200195575678],[109.30423760832734,13.412085879337567],[109.30371880895667,13.412131656423496],[109.30356622092283,13.41219364455781],[109.30342889242775,13.412355769228848],[109.30326867544144,13.412223208243656],[109.303055052631,13.412260402106172],[109.30297875809083,13.412351954643993],[109.3029558705221,13.412522662719576],[109.3028261705328,13.41267620417449],[109.3019487906582,13.413238871607739],[109.30163598546372,13.413288463109891],[109.30121636872911,13.41322170538505],[109.30080438110653,13.413047183194694],[109.30014825343477,13.412577020978189],[109.29975152436569,13.412235606475514],[109.29912591438637,13.411336291048027],[109.29917932047299,13.411007274368531],[109.29904962054778,13.410737384556802],[109.29904962059162,13.41058288827738],[109.29909539584733,13.410516131742686],[109.29917932030094,13.41003738694643],[109.29935479655975,13.40969215748974],[109.29947686569984,13.409334529289652],[109.29946923720387,13.409121858902031],[109.29930901947067,13.408676494561103],[109.29937768367927,13.408526767115157],[109.29959893590053,13.408252108174132],[109.29964471264553,13.408030856343903],[109.29956841899285,13.407677996235911],[109.2993242783978,13.407237398764666],[109.29914117268406,13.407223094594412],[109.29924035514682,13.407181131778309],[109.29937005428344,13.407195437097624],[109.29954552975106,13.407359469028531],[109.29969048873076,13.407430041440831],[109.29972863645465,13.40736900630189],[109.29958367726827,13.406914103307836],[109.2994616067859,13.406730998502358],[109.29940057204057,13.406520236051369],[109.29954552997704,13.406707156216328],[109.29962182427734,13.406745303565705],[109.29979730031785,13.407036174324586],[109.29991937112136,13.407059062279476],[109.29999566544714,13.407002795201953],[109.3000185532608,13.40688549280351],[109.29996514681685,13.406758654273025],[109.29999566454406,13.406702388461323],[109.30012536421945,13.406589854498634],[109.30015588192806,13.40649162638666],[109.30027795156433,13.406528819320362],[109.30037713367462,13.406445849542987],[109.30023980500081,13.40600429821331],[109.29991937080163,13.405652391992778],[109.29969811839246,13.405587542095027],[109.29914117267289,13.40568004926361],[109.29889703148085,13.405604709009145],[109.29875207329809,13.405487406892636],[109.29866815024874,13.4053548465529],[109.29840112067116,13.404620516948516],[109.29830193889738,13.404548991298432],[109.29824853330952,13.40456615699136],[109.29817986857974,13.404694902874539],[109.29808831615107,13.404615748113704],[109.2978136581539,13.404587138059657],[109.29750085325627,13.404666293296929],[109.29741692886128,13.404782640704825],[109.29747033500799,13.405248988569438],[109.29742455871181,13.40541969597255],[109.29726434153848,13.405594218321527],[109.2969896825804,13.405673373442566],[109.29658532470364,13.40570675226407],[109.29631066648177,13.405623781843046],[109.29614282072747,13.405502665007027],[109.2960741557579,13.405328142954014],[109.29610467343159,13.404919970306146],[109.29608178469137,13.404795039262988],[109.29599023252052,13.404751169954489],[109.29570794509776,13.404821742354162],[109.29560113345207,13.404957164429032],[109.29551720987445,13.405194629600212],[109.29550195079679,13.405496943420259],[109.29546380379183,13.405594218340564],[109.29530358717368,13.405698169700655],[109.29528832770875,13.405773508896605],[109.2953646220747,13.406088221267115],[109.29510522281275,13.406276095538892],[109.29499841075072,13.406097758066444],[109.2949221166399,13.406083453717574],[109.29486108170856,13.406139720562079],[109.29483819384829,13.406235087049811],[109.29492211730911,13.406530726217035],[109.29491448782069,13.406738627334665],[109.29476189974079,13.406914103562842],[109.29441857667311,13.407082904597544],[109.29428124741784,13.407063829945924],[109.29417443698065,13.406932222970742],[109.29401421892754,13.406880725644953],[109.29386926122353,13.406923640562612],[109.29354119693963,13.40716205984621],[109.29350304985209,13.40730797157592],[109.29342675610592,13.407298434325392],[109.29327416792736,13.407105792629359],[109.29315209794953,13.407138217888432],[109.2932512803091,13.407359469035416],[109.29331231445619,13.407833445096434],[109.29331231472351,13.408198703548],[109.29325127980484,13.408428538234993],[109.29320550393328,13.408452380277984],[109.29297662203277,13.408344615274071],[109.29293084489994,13.40841041806755],[109.29295373398622,13.408574450680016],[109.29290795724255,13.408593524300516],[109.29277825786333,13.40854107218269],[109.29264855804333,13.408579219491982],[109.29260278067508,13.408699382323302],[109.29296899190157,13.409590114217188],[109.29303002838063,13.409914363271147],[109.292991881367,13.410181392616316],[109.29288506884255,13.41045605078551],[109.29274011121115,13.411124575436709],[109.29317498590866,13.411679614642484],[109.2932665386245,13.411918033739067],[109.29339623837731,13.41202961264168],[109.29368615466684,13.41217743288483],[109.29447198348521,13.412421573802975],[109.2945253887193,13.412498820498062],[109.29456353632986,13.412702906611479],[109.29452538884183,13.413027156487706],[109.29418206618267,13.414238322735878],[109.29401421949085,13.414656031632838],[109.29299951043191,13.415677417742746],[109.2925417464891,13.416311611046433],[109.292167906051,13.416645397231985],[109.29117608519574,13.416978228995017],[109.29090905607522,13.41700588609653],[109.29003167508293,13.41696583213636],[109.28984094140971,13.417018283875613],[109.28961968819868,13.417182315872742],[109.28951287721468,13.417200435786242],[109.28936791778082,13.41713558588569],[109.28929925377551,13.417058338481558],[109.28923821836693,13.417061199435155],[109.28901696626272,13.41722427712643],[109.28892541335327,13.417393077703714],[109.28881860216073,13.417336811417746],[109.28855157307156,13.417055476868988],[109.28846765025132,13.416900982087038],[109.28874993701157,13.416481365327718],[109.28878045521448,13.416342129291213],[109.28894067254163,13.416020739787854],[109.28933740152412,13.415471424140058],[109.28931451188369,13.415312160148575],[109.28924584826497,13.415244450312603],[109.28908563133888,13.41522442202838],[109.28857446097183,13.4152835495555],[109.28839135599965,13.415274967396094],[109.28823113793959,13.415218699888658],[109.28810906776947,13.41510521339087],[109.28810906795857,13.414928782961464],[109.28818536211394,13.414675105576162],[109.28816247401357,13.414442409121614],[109.28788781563426,13.414112438239385],[109.2876741933748,13.414013256201198],[109.28750634591532,13.414010395084674],[109.28746819935817,13.41405807881024],[109.28733087034868,13.414726603604588],[109.28718591127013,13.415040362936889],[109.28706384084717,13.41511093551121],[109.28694177073471,13.415110934705131],[109.28662896639686,13.415005076617886],[109.28654504165044,13.415033686692194],[109.28647637851243,13.41526161623711],[109.28630853074323,13.415369381203217],[109.28539300444787,13.41540180622958],[109.28511071561498,13.415303577524325],[109.28492761086004,13.415106166988087],[109.28481317040841,13.414908755745383],[109.28452325257825,13.414755215104842],[109.28401208266888,13.41456161901234],[109.28322625640178,13.414448131538999],[109.28282952691946,13.414270748016925],[109.28263879182423,13.414277423821979],[109.2825396098181,13.414390911614559],[109.28247857475472,13.414780009937353],[109.28239465238413,13.414916385986235],[109.28202081075604,13.415244450161278],[109.2816393419187,13.41540466774224],[109.28124261308247,13.41542278718089],[109.28105950800247,13.415356983679366],[109.2809298075901,13.415136684298897],[109.28016686764153,13.414805759464874],[109.27886987122433,13.414624561396725],[109.27814507839044,13.414585461057158],[109.27654290610207,13.41498886533298],[109.2761614361107,13.415031780380069],[109.27561212000225,13.415031780311802],[109.27429986373656,13.414932598294747],[109.27393365283739,13.414942135595673],[109.27358270088827,13.415003170447946],[109.27332330086358,13.415152897580933],[109.27297234863113,13.415584911442016],[109.27288842542012,13.41563164191438],[109.27273583796871,13.415617336806111],[109.27217126245824,13.41536938207813],[109.27159905736141,13.414928784005482],[109.27117944165794,13.414519657556955],[109.2711184056954,13.41433750568825],[109.2711489234316,13.414075245258564],[109.27107262997163,13.413950313706282],[109.2704317608713,13.413689007927871],[109.2702105088211,13.413557400893602],[109.27017236184818,13.413418163813558],[109.27020287816978,13.413111080864464],[109.26997399695084,13.412414898327773],[109.26981377951829,13.412211766029438],[109.26956200912076,13.412081112231487],[109.26924157458686,13.412035336029989],[109.26850152364771,13.412200321934103],[109.26836419407286,13.412330974660424],[109.26783776626647,13.413679470972506],[109.26748681430828,13.414157261705588],[109.26696801522908,13.414502491764408],[109.26613641159595,13.41480003837545],[109.26589227037289,13.414930692009959],[109.26577782987522,13.415089002148916],[109.26560998365353,13.415777554321595],[109.26560235316842,13.416420331373393],[109.26546502494182,13.416997303695114],[109.26544213637186,13.418123593518873],[109.26548791253137,13.418924680170338],[109.26568627797447,13.419511189589853],[109.26593804816875,13.419958463068914],[109.26648736341198,13.420441975920298],[109.2668154274517,13.420600285089638],[109.26703668010633,13.420591702149157],[109.26723504459483,13.42043339217402],[109.26736474341858,13.42014442883406],[109.26738763266825,13.419902195784891],[109.26725793319747,13.4195951135073],[109.26691460973419,13.419325223050262],[109.26686883414878,13.419147839927398],[109.26694512735673,13.418813099779339],[109.26706719796054,13.418748250388294],[109.2671892676347,13.418748249631024],[109.26734185614589,13.41886841338587],[109.26762414344812,13.419288029939858],[109.26767754952736,13.419567456414903],[109.26763177276659,13.419958462727084],[109.2674410377628,13.420535435916033],[109.26715875073957,13.420814861826054],[109.26648736402458,13.421336522332291],[109.26622796446546,13.421364179204328],[109.26609826460918,13.421299329317236],[109.26596856456246,13.421019902497363],[109.26585412348125,13.420916905144656],[109.2657091659993,13.420898786285152],[109.26496148494643,13.421103826297303],[109.26467156771898,13.421252599618429],[109.26403069886203,13.422136655641959],[109.2635805652491,13.422369351502367],[109.26296258342347,13.422564854982644],[109.26184869210853,13.42349659426184],[109.2610476056336,13.424073567804392],[109.26078820582293,13.424315801365848],[109.2594683211636,13.42579590366402],[109.25914025691645,13.426028600711897],[109.25896478107308,13.426214567055448],[109.2589190052244,13.426410069333283],[109.25888848702371,13.427546849866498],[109.25891900496397,13.427975049389104],[109.25904107454988,13.428141942476906],[109.26009393088289,13.4290269528088],[109.26124597060344,13.430907597540234],[109.2620852030357,13.43263947066746],[109.26224542118928,13.432731976903574],[109.26271844283346,13.432853093699899],[109.26297784272128,13.433020940757359],[109.26340508954202,13.433402410894498],[109.26378655835315,13.433886876449506],[109.26523614359415,13.43451058027544],[109.26582360752273,13.43482720009658],[109.26679254080973,13.434780469939762],[109.26767755063014,13.43454777280163],[109.26868463008307,13.434045186443885],[109.26947045721974,13.433728566920006],[109.27018762048453,13.433555951787275],[109.27045464928104,13.43345390854998],[109.27091241382837,13.433407178806483],[109.27124810667304,13.433323255176466],[109.27180505271768,13.433081975244823],[109.27217889282893,13.433016171822933],[109.27344537247004,13.433230748820801],[109.27393365336994,13.433458676232537],[109.27412438890912,13.43392406980698],[109.27438378792571,13.434138646417836],[109.27545953278562,13.434778562118415],[109.27562737995895,13.434758534100464],[109.27570367384405,13.434677472220745],[109.27569604364113,13.434047093766416],[109.27579522538167,13.433965077682746],[109.27609277270186,13.433951726577886],[109.27656579465874,13.434114804371871],[109.27722192282987,13.434562076976116],[109.27745843375953,13.434839597552864],[109.27778649739975,13.435659757609468],[109.27772546251575,13.435707440736074],[109.27733636339575,13.435646405255401],[109.2771837760138,13.435707440148146],[109.27702355860062,13.435895314335802],[109.27701592859803,13.436405530174179],[109.27731347614532,13.43697392081536],[109.27784753280172,13.437555661836575],[109.27796960420078,13.437902799691322],[109.27793145684035,13.4384339951009],[109.2778017565246,13.438640943589489],[109.27752709878709,13.438786855828578],[109.27747369330966,13.43886124157259],[109.27746606353337,13.43898521928602],[109.27750421066534,13.439079633806637],[109.27761865215703,13.43918835212016],[109.27874017268557,13.439745297923322],[109.27910638397958,13.440026631150623],[109.27932000660529,13.44024693027195],[109.27944207718258,13.440471044384694],[109.27959466550409,13.440941205754372],[109.27980065784743,13.442488065987305],[109.2799532459369,13.442809453662841],[109.28018975814376,13.44301544765911],[109.28049493353873,13.443165173611527],[109.28084588474161,13.443228116639308],[109.28097558556502,13.443193784378566],[109.28104424993217,13.443095555326407],[109.281090025904,13.442912450173152],[109.28100610348096,13.442505231217483],[109.28103662035,13.442384114401921],[109.28112817358308,13.44228111770286],[109.28219628857725,13.441971173860555],[109.28244805794611,13.441959729313705],[109.28297448710069,13.442304006582662],[109.28300500453513,13.442407002426904],[109.28311944530945,13.442470899071207],[109.28331018059008,13.442470899284766],[109.28337121524847,13.442533841521765],[109.28349328553495,13.442981114791719],[109.28349328546629,13.443113675136766],[109.28324914557544,13.443520894575265],[109.2831728509505,13.443996777432618],[109.28308892757596,13.444238057680941],[109.28320336852546,13.444645276527414],[109.28319573910733,13.444794049748792],[109.28309655736348,13.444955220249687],[109.28312707477392,13.445368161237969],[109.28368402048314,13.446068158209737],[109.28379083265331,13.446280827227158],[109.28384423852782,13.446613660618764],[109.28380609157074,13.447755209000107],[109.28393579083414,13.44805943029821],[109.28415704341546,13.44824253631393],[109.28434014851024,13.448271146918483],[109.28466058391277,13.448225369499713],[109.2848055415861,13.44813953982601],[109.284958129894,13.447921147337828],[109.28496575928607,13.447749486977253],[109.28482080071073,13.447359433776127],[109.28452325434041,13.446865430255624],[109.28453851198944,13.446446767618157],[109.28460717772658,13.446315160548197],[109.28478265362087,13.446153989811988],[109.28607202106001,13.445368161894432],[109.2868425908362,13.445190778275705],[109.2869799192006,13.44510971538472],[109.28707147183498,13.444960942290663],[109.28725457704671,13.444875112099014],[109.28770471148893,13.44488655637078],[109.28791833457585,13.444943776335515],[109.28801751599123,13.445046773027112],[109.28814721667331,13.44537960531167],[109.28825402880949,13.445453992303136],[109.28875756879191,13.445505490364475],[109.28945184366559,13.445752492178746],[109.29038262939393,13.44635521395103],[109.29106164600171,13.446980823930627],[109.29130578579598,13.447290769341206],[109.29228997753435,13.448953977702566],[109.29286218312913,13.449729314820056],[109.2932283935401,13.450159421535075],[109.29333520489561,13.45037209036914],[109.29345727541539,13.450767865845926],[109.29350305160678,13.45108353174201],[109.29341149870999,13.451547971088196],[109.29340386961015,13.452609410773121],[109.29329705793162,13.453573575916439],[109.29325128175982,13.453676572892379],[109.29285455259782,13.45369373887919],[109.292808777097,13.453779569993504],[109.29264855967006,13.454428067820325],[109.29267144809162,13.454519620409304],[109.29278588888079,13.454537740843644],[109.29289270005766,13.454623570834952],[109.29291558929931,13.45482384231235],[109.2928087769726,13.45539223293611],[109.29218316666382,13.456970563475565],[109.29180169705155,13.457560888126782],[109.2912752686389,13.45824371855152],[109.29106164574094,13.45859943947734],[109.29071069453654,13.459036222349576],[109.29022241250338,13.459460607612971],[109.29010034198018,13.459959379207616],[109.29000878933522,13.4600919403903],[109.28918481510082,13.460946432440187],[109.2879641118504,13.46200787222836],[109.28690362614398,13.462736479431857],[109.2864000862483,13.462805142904744],[109.28601861613781,13.46296059271586],[109.28561425822876,13.463241925962986],[109.28517175324397,13.463447919907763],[109.28416467344826,13.463780752324965],[109.283989197379,13.463763586235887],[109.28387475650389,13.463683477665684],[109.2824175418201,13.461675039004245],[109.28220391923875,13.461509100194517],[109.28195214890147,13.461433760007807],[109.2814791258016,13.461399427527091],[109.28122735609507,13.461451880406207],[109.27914453184842,13.462673536365376],[109.27848077366053,13.463270536406094],[109.2773516240606,13.46456753344245],[109.27668786595403,13.465628973395587],[109.27542901615334,13.468446128011543],[109.27541375820752,13.46895062233177],[109.2753145755379,13.469289176399307],[109.27505517615651,13.46991478619919],[109.27468896524414,13.470460288057637],[109.27410913161386,13.47102200209601],[109.27352166832569,13.471486442528128],[109.27278924628318,13.472531669057476],[109.2721941531352,13.473150603714314],[109.2718737191962,13.47327172046701],[109.27140069634474,13.473570220751274],[109.27121759108925,13.473787658840402],[109.27059198024513,13.474798553025215],[109.26987481703661,13.476770751480164],[109.26966882319071,13.477190368765537],[109.26937127790158,13.477397315798274],[109.26844049117909,13.477838866876795],[109.26812768659103,13.4780801463214],[109.26757074089278,13.47878014384919],[109.2669451304754,13.479330414106943],[109.26647210773933,13.47958885969404],[109.26490808119084,13.480030410720342],[109.26344323884521,13.48066746533135],[109.26264215160188,13.480891579232281],[109.26198602323784,13.481028907916109],[109.26158929542181,13.481034630041979],[109.26065850952007,13.480903023147734],[109.26023889209002,13.480925911261748],[109.25952935809892,13.48105751796995],[109.2590029305157,13.481074684550842],[109.25873590146387,13.481143348925663],[109.25798059136572,13.481481903427902],[109.2575304576115,13.481585854243242],[109.25672174141327,13.481694573135137],[109.25643182456582,13.481820458451967],[109.25575280800022,13.482309692202394],[109.25468469349339,13.48288189707407],[109.25390649423439,13.48308312243232],[109.2524263922623,13.483163231399208],[109.25213647498275,13.483536118644736],[109.25202203415161,13.484237068722543],[109.25165582355103,13.484711044858939],[109.25102258366398,13.485087746884059],[109.25074792551675,13.485418671993967],[109.25048089641442,13.485808724873854],[109.24971795743919,13.487260216974255],[109.24875665334554,13.488650673918718],[109.24847436566607,13.489683503342853],[109.24829126088832,13.492333763939083],[109.24792504994318,13.493458146614847],[109.24750543221592,13.493826265233848],[109.24437738193565,13.494697923365543],[109.24328637749335,13.494916314225916],[109.24282861455586,13.49487626061606],[109.24179101697766,13.494428033932726],[109.24053979518696,13.49366223388627],[109.24003625564818,13.493042344985112],[109.23990655571146,13.492560739483775],[109.23988366727232,13.491533631439493],[109.24013543747685,13.490076417529268],[109.24028802504367,13.489789361638287],[109.24144006472294,13.48963963431571],[109.24166894605003,13.48942791953028],[109.24203515699985,13.48883950268457],[109.24228692757593,13.487931604031491],[109.24231744425391,13.487175340180112],[109.24222589122942,13.487060899189604],[109.24205804569644,13.48699509503697],[109.24189782719321,13.487013215465339],[109.24152398742454,13.487191552468277],[109.24095178241889,13.48755299506161],[109.24060846044436,13.487650270076918],[109.23992944406329,13.487684602091052],[109.239708191327,13.48774754438872],[109.23915124556281,13.488080377108059],[109.23887658726407,13.488037461207016],[109.23724389702839,13.487575883231532],[109.23430658025732,13.486600274634664],[109.23357415773617,13.486284608985333],[109.23279595960143,13.48577439223175],[109.2316973264322,13.484568948143426],[109.2315599982713,13.484460229180064],[109.23140740985055,13.484256143971473],[109.2313158570137,13.483917588617755],[109.23124719288158,13.483794564898488],[109.23107934593007,13.48359906157937],[109.23032403590332,13.482486123137303],[109.22925592047125,13.481430406248105],[109.22837853963875,13.480403299186646],[109.2281954349536,13.480024690254584],[109.22814965751294,13.47968041385778],[109.22824884085432,13.479278916655717],[109.22857690420035,13.478533143815824],[109.22881341585725,13.478027695960671],[109.22935510290213,13.47744881490491],[109.22972131328159,13.477207536674829],[109.23018670669279,13.477093095572446],[109.23066735834638,13.476874704635826],[109.23124719216042,13.476783150866572],[109.23184991466827,13.476903313784824],[109.2323229362064,13.476880426244032],[109.23260522417918,13.476771707426813],[109.23275018254749,13.476168985539406],[109.23268151856445,13.475600595349245],[109.23272729443991,13.475371713419822],[109.23293328885468,13.475193375812738],[109.23310113584085,13.474929207595247],[109.23314691153129,13.474504822695476],[109.23339868104426,13.474017495376359],[109.23363519261818,13.472387666277431],[109.2336275631612,13.472112054116232],[109.23316979930405,13.470769280949156],[109.23310113557973,13.470620506824716],[109.23207116622531,13.469375009091669],[109.23042321722174,13.46782624211468],[109.22863793906234,13.465949411181153],[109.2277834467205,13.464690559708423],[109.22733331213786,13.463921898796594],[109.22629571491662,13.462366455696033],[109.22589135646557,13.461540573770305],[109.22538781636949,13.460066193487853],[109.22515130499049,13.459836357821672],[109.22506738155148,13.45962941030201],[109.2253038924244,13.458929413562965],[109.2253191511976,13.458619469435938],[109.22518182230309,13.458244675203874],[109.22544885155354,13.457924241025301],[109.22617364317229,13.456199043177415],[109.2261889027717,13.45586811845543],[109.22593713244177,13.454890602858548],[109.22380853062256,13.447428101411251],[109.22354150204589,13.447135323105627],[109.22320580938462,13.4469617539887],[109.2229158921098,13.446997040155019],[109.22261071587896,13.446328514499566],[109.22229791089674,13.445618026989424],[109.22236657515722,13.445315712372617],[109.22243523945791,13.44439541600162],[109.22251153387171,13.44246231907197],[109.22260308694936,13.441778533962259],[109.22256493996676,13.441595429355463],[109.22260308651121,13.4414323496002],[109.2233202501084,13.439968460113864],[109.22354913145753,13.439715735542475],[109.22367883099615,13.439661376662778],[109.22374749598593,13.43967186726279],[109.22397637761361,13.439902656728208],[109.22403741235577,13.439888351405703],[109.22419000043399,13.439739578200799],[109.22473168755661,13.440267914198078],[109.22478509317192,13.440258377191634],[109.22484612879948,13.440176360469568],[109.2248461284841,13.4401124649736],[109.2242968119456,13.439671867130864],[109.22431207064778,13.439624184140927],[109.22450280599054,13.439482085665459],[109.2252428563984,13.439150207375642],[109.22560906765212,13.438909882075192],[109.2255938086542,13.438814514158674],[109.22573113797098,13.438603751524695],[109.22607446093205,13.438422553876423],[109.22631860205108,13.43794857753701],[109.22644067138884,13.437497489206168],[109.22660088826484,13.43723618274293],[109.22718835254982,13.436863296447724],[109.22731805203189,13.436527602592873],[109.22703576453912,13.434413306523455],[109.22765374532203,13.432996146723886],[109.22785973893248,13.432819717395123],[109.22787499784852,13.43269764599538],[109.2273790870902,13.43219601324556],[109.22741723445232,13.43207394321277],[109.22764611521431,13.431775442980916],[109.22843957271266,13.431288116528707],[109.23027825720406,13.430467955923582],[109.2322237523313,13.430016867709865],[109.2324984108973,13.430016867773602],[109.23276543932542,13.430233351722732],[109.2339708837289,13.43145691617938],[109.23438287133574,13.431796423666643],[109.23461175382752,13.431829802714068],[109.23545098696042,13.431565635066267],[109.23603844934314,13.431613317544926],[109.23665643096263,13.431275717824182],[109.23709893601108,13.43124901494156],[109.23741174060805,13.431070678201285],[109.23829675036595,13.430091253454899],[109.23875451460441,13.42982041060902],[109.23880029068455,13.429745070738935],[109.23875451450155,13.429502836872379],[109.23833489782473,13.428743711375896],[109.23816705027777,13.428279272984152],[109.23822045612641,13.428140989574818],[109.23835778511997,13.428038946832842],[109.23838830326648,13.427951208346395],[109.2383501565748,13.427852980848673],[109.23800683323739,13.42768608808367],[109.23737359339746,13.4276183766788],[109.23694634763073,13.42769276296887],[109.23678613068928,13.427667013873208],[109.23603844914496,13.427295080490232],[109.23542809839601,13.42729508044823],[109.23519921684418,13.427242628351243],[109.23505425808506,13.427101484460525],[109.23447442459539,13.426061979481423],[109.23433709446573,13.425902716895303],[109.23406243648435,13.425902716861165],[109.23389459065663,13.425813070560324],[109.2338945899917,13.425668112860333],[109.2338030368521,13.425573698817823],[109.23366570860523,13.425517432077122],[109.23354363716696,13.425273291408216],[109.23308587430753,13.424893728508486],[109.23287988024349,13.424575201391274],[109.23284173302527,13.424345366624058],[109.23320794429074,13.42354714115099],[109.23319268539454,13.423458448776705],[109.23310876258749,13.42340695042628],[109.23299432116002,13.423378340340237],[109.23282647378903,13.423402182391],[109.23256707554408,13.423608175931882],[109.23223138226926,13.42396485000731],[109.23201012895275,13.424067847034905],[109.23131585452644,13.424162260940827],[109.23111749005818,13.424246183810865],[109.23088097939085,13.424514166523275],[109.23059106229246,13.425048223984339],[109.23042321554148,13.425189367493754],[109.23016381608373,13.425269476841155],[109.2298128634877,13.425221792925067],[109.22961449901999,13.425297133281724],[109.22938561749966,13.425470701949882],[109.22924065901242,13.425681464119888],[109.2291948835715,13.42602860227244],[109.22907281199136,13.426089636967111],[109.2284166837809,13.426197401857708],[109.22795892139412,13.426188819197092],[109.22755456278186,13.426108710408238],[109.22689843520588,13.425822607652647],[109.22655511252411,13.425588004498174],[109.22589898406153,13.424908034312354],[109.22573113736748,13.424678198762123],[109.22576165525463,13.424302451001978],[109.22573876698192,13.424204223501974],[109.2255709201826,13.424147956045381],[109.2254946258527,13.424082151725486],[109.22544885018908,13.423908584366615],[109.22548699682284,13.423486106477334],[109.22565484336235,13.422905317873102],[109.22564721420498,13.422571532151823],[109.22539544399058,13.421774260783527],[109.22531152104465,13.421221128840472],[109.22533440858024,13.420957915374341],[109.22541070287815,13.420714728260677],[109.22552514415256,13.420461050460359],[109.22573876677347,13.420284620667069],[109.22574639625901,13.420242660207144],[109.22552514386494,13.420149199705554],[109.22451043375227,13.419885984624909],[109.22396111777523,13.419638030104332],[109.2237093477066,13.419440620348233],[109.2235720190108,13.419416778268097],[109.22335076599934,13.419567458260795],[109.22302270176658,13.419469230190069],[109.22294640819914,13.419492117730972],[109.22283196689857,13.4196380295706],[109.22270989691835,13.419961325539074],[109.22258782719156,13.419975630748322],[109.22230553898707,13.419905058940813],[109.22126794188287,13.419271818599517],[109.22070336590666,13.419013372622286],[109.22032189674414,13.41871392047937],[109.22010064376212,13.418474547109277],[109.21978020998645,13.418328635471802],[109.21960473336169,13.418164602920028],[109.21938348062012,13.41781746566072],[109.21929955718734,13.417494170192787],[109.2192995579001,13.417166106200996],[109.21936059231359,13.416837088846258],[109.21955132766064,13.41622292228444],[109.21961236229649,13.415847175243668],[109.21953606813226,13.415472380884546],[109.21965050943781,13.415241591859727],[109.21975732005863,13.415094726148977],[109.2199099082061,13.415028921926488],[109.2206499604162,13.41498219146901],[109.22148919309237,13.414766661918751],[109.22180199841169,13.414625517336814],[109.2223360567234,13.414128654070256],[109.22273278435328,13.413955084684652],[109.22290063162725,13.413955084308704],[109.2231066258351,13.41403423989565],[109.22356438886587,13.414302221554125],[109.22382378851822,13.414541594911016],[109.22401452398596,13.41461121225215],[109.22422051614258,13.414615980683857],[109.22492242145375,13.414376609029555],[109.22514367388233,13.414250723663761],[109.22548699644226,13.413855902238152],[109.22572350752003,13.413677565151485],[109.2259752777749,13.413542143282003],[109.22618127128334,13.413503996511237],[109.22634911739145,13.41355168088843],[109.22657799920138,13.413691870863703],[109.22763085688274,13.4146016754431],[109.22782159078311,13.414654127230879],[109.22800469622686,13.414606443305056],[109.22812676659167,13.4144891418388],[109.22824883806426,13.41421257658905],[109.2285006080087,13.413828245661422],[109.22878289507904,13.413563124732345],[109.22928643467455,13.413464895742962],[109.22975945795352,13.41359078033298],[109.23006463262249,13.413487783342548],[109.23028588544948,13.41346489554338],[109.23053002647481,13.413525930233789],[109.23084283132765,13.413704268287974],[109.2312090429886,13.413666121500942],[109.2312700780157,13.413595549438948],[109.23117089541815,13.413201681011927],[109.23091149526991,13.412826887615683],[109.23057580275585,13.4125312486531],[109.23057580240285,13.412174574239048],[109.23069787253262,13.412052504303727],[109.231018307389,13.411963812209411],[109.23129296537554,13.411838881560875],[109.23143792392764,13.411857954446182],[109.23168206466042,13.411801687439715],[109.23173547101555,13.411735883880871],[109.23173547058752,13.411618582099134],[109.23167443582464,13.411459318312575],[109.23156762393705,13.411361090428429],[109.23132348319994,13.411356321070302],[109.23123193028562,13.411295286170361],[109.2311708953622,13.411046377550417],[109.23104882501568,13.410858503416069],[109.23091912589598,13.410811773325808],[109.23081994339627,13.410848966982629],[109.23067498468892,13.410765043532988],[109.23062157825709,13.41061054818548],[109.2304155856945,13.410291067642198],[109.23012566806086,13.409995428495842],[109.23014092627557,13.409733167763791],[109.2302248505847,13.409592024125075],[109.23022485029479,13.409484259521838],[109.2301104091783,13.409348837598094],[109.22995782184493,13.409029356189299],[109.22966027514029,13.407889715582343],[109.22962212828303,13.407439580773975],[109.22969079264686,13.40713440552228],[109.22979760475516,13.40702664016154],[109.23007989132215,13.406956068361659],[109.23014855641695,13.406890264898609],[109.23014092639715,13.406632772065219],[109.22994256188404,13.406219830920879],[109.22990441486215,13.405882231329072],[109.2299349332197,13.404953351784542],[109.22989678646519,13.40478931992464],[109.22982049236658,13.40468536895682],[109.22945428128735,13.4044746067317],[109.22870660028543,13.403785100726202],[109.22850823661487,13.403709761400904],[109.22832513159963,13.403531423725125],[109.22801995528022,13.402509084852234],[109.22801232515413,13.402166716016232],[109.22809624898605,13.401646009274922],[109.22805810223517,13.401570668607624],[109.22779870169686,13.401392331841741],[109.22753167281182,13.401266447258386],[109.22710442744247,13.401157728195976],[109.22695946940098,13.401036611567713],[109.22687554593128,13.400867811100747],[109.22674584612264,13.400768628950148],[109.22664666432944,13.400599829322848],[109.2267000690371,13.400411955060397],[109.22762322623657,13.400037161004693],[109.22776055544375,13.3999103219668],[109.22792077299746,13.399587027208051],[109.2279894367117,13.399037709483965],[109.2281420248728,13.398751608204892],[109.22817254328939,13.398531308570373],[109.22808861913609,13.398085942332822],[109.2281878010191,13.3975413949559],[109.22818017168392,13.397199026048566],[109.22750878465776,13.396753659867516],[109.22720360960386,13.396617284786377],[109.22663140476307,13.39661728460784],[109.22633385862143,13.396509520073081],[109.22577691250017,13.396467557988805],[109.22525811417495,13.396490445685245],[109.22495293776124,13.396546712845142],[109.22251153186878,13.396385542052196],[109.22231316788012,13.396286359581028],[109.22213769178363,13.396033635610138],[109.2220156202952,13.395906796654813],[109.22191643908292,13.395860066490338],[109.22161889289632,13.395902028515351],[109.2208101769193,13.396131864950659],[109.22062707044546,13.396239630002572],[109.22058129447473,13.396390310432107],[109.22057366556342,13.396699300612443],[109.22055077792423,13.396787992184148],[109.22048211237467,13.39684330612874],[109.22008538361831,13.396563879104425],[109.21968102661722,13.396203390244278],[109.21945977388584,13.396141400983767],[109.21886468026867,13.395076146891666],[109.21872735152785,13.394573560645892],[109.21889519838253,13.39366470851234],[109.2192537791512,13.393208853267446],[109.21991753770257,13.39257656661786],[109.22160363350935,13.391337744056722],[109.22214532066663,13.391056409636048],[109.22296166557697,13.390953413062578],[109.22420525642394,13.390672078356882],[109.2251513012336,13.390259137579381],[109.22581505993804,13.39002453390317],[109.22634148705438,13.390014996439906],[109.22686791538777,13.390117993426554],[109.22806573068904,13.390643468703571],[109.22965264507641,13.391600957679993],[109.2305300261167,13.391985288718452],[109.23186517016596,13.39236008272934],[109.23331475482551,13.392628064082725],[109.2341082119862,13.392890325190665],[109.23461938103095,13.39312492792606],[109.23538995002043,13.393298497687033],[109.2358171960517,13.393185964129195],[109.23602319022618,13.392923702880356],[109.23606896562278,13.392341961986917],[109.23594689555203,13.391699185403846],[109.23606896567274,13.390967717451396],[109.23629021817128,13.390413631972446],[109.2365648765032,13.389992108214186],[109.23693108748714,13.389663090720834],[109.2374727743501,13.389457097065245],[109.2378313557313,13.38926922304605],[109.23814416096545,13.3892034203058],[109.23844170798752,13.389222493272078],[109.2386400722096,13.38931595290983],[109.23875451302152,13.389428487352983],[109.2388231770959,13.389672627136141],[109.23887658299053,13.39046036158286],[109.23899865325964,13.390723576583802],[109.2389223600733,13.391210904144339],[109.2389757644851,13.391283383101406],[109.2390520589298,13.391287197992952],[109.2394640465291,13.390825619617594],[109.23955559857173,13.390778890050571],[109.24019646746501,13.390883793650993],[109.24035668570427,13.390825620259301],[109.24059319705158,13.39066349490859],[109.24114251316304,13.390031208802851],[109.24124169460529,13.389993062177524],[109.2415010948391,13.39002739350523],[109.24174523549806,13.389961590420572],[109.24190545251668,13.390093197739109],[109.24198937599661,13.390012134891116],[109.24206566962313,13.390019764586798],[109.24220299919551,13.390182842386436],[109.24225640445383,13.390190472861391],[109.24230218073887,13.390124668741654],[109.24234795763526,13.389869084135693],[109.24230981113782,13.389756551047556],[109.24214959323425,13.389582028120113],[109.24214196344334,13.389523854229203],[109.24256920950064,13.388659824507036],[109.24273705689963,13.38845383161373],[109.24301171490715,13.388225902578831],[109.24318719127106,13.388143886631019],[109.24331689038007,13.388151516992815],[109.24349999614496,13.388275494831298],[109.24404931269163,13.388333668330906],[109.24441552391679,13.388605465631219],[109.24452996469986,13.388577809020312],[109.24481225186263,13.38837372233759],[109.2449724688692,13.387959827908531],[109.2451403159373,13.387671818995337],[109.24493432228272,13.387543072150585],[109.24472832898505,13.387513508585794],[109.24462151717131,13.387597431969638],[109.24450707579224,13.387610783561557],[109.2443163412278,13.387409557328116],[109.24445367074108,13.387229313934965],[109.2445757405688,13.38681923371427],[109.24452996449831,13.386637081404892],[109.24435448770835,13.386431087259904],[109.24429345282753,13.386102070525057],[109.24446892887399,13.38528286440068],[109.24544549160373,13.378812183418635],[109.2463381303494,13.375179638092296],[109.24834466155359,13.369718898624495],[109.24909234091555,13.367788661290508],[109.24943566434666,13.367196429775117],[109.2498018751166,13.366604197151082],[109.25093102637544,13.365097392306943],[109.25188469970357,13.36398159317873],[109.25385308352013,13.361990321461988],[109.25447106496189,13.361306536726053],[109.25575280239391,13.360125887903735],[109.25704979941209,13.359107363649123],[109.25805687941964,13.35852943644369],[109.25888085489568,13.358184206352496],[109.26021599902326,13.35775314537708],[109.26144433077613,13.357277262789028],[109.2640383246515,13.356121408708349],[109.26430535362248,13.356045114342777],[109.26455712429254,13.355984079142626],[109.26478600569007,13.356302606510692],[109.2652437698142,13.356785166551422],[109.26599907962128,13.357384073430442],[109.2662813666889,13.357549059429873],[109.26793694621195,13.358325349857317],[109.2690660964119,13.358981478391412],[109.26982903572392,13.359475481017354],[109.27055382809971,13.36015354323692],[109.27060723394783,13.360379564686786],[109.27022576389976,13.361301767143619],[109.26976800138571,13.36219726708282],[109.26972985430369,13.362443315047807],[109.26978325901104,13.36280285142103],[109.26971459518424,13.363317835426527],[109.26943993693153,13.364274370302907],[109.26966118914865,13.364560472821147],[109.2709963334598,13.364888536867296],[109.27133965648477,13.364740717091331],[109.27169823754313,13.364734041055641],[109.2718889724844,13.364876139264787],[109.27204156073519,13.364931452111595],[109.2731935998652,13.364668238513836],[109.27343773913387,13.364782678536196],[109.27351403332904,13.364922869644959],[109.2736666217318,13.365000116113752],[109.2744219319174,13.364943849083486],[109.27458977853212,13.365112650334648],[109.27458214992221,13.36533581076078],[109.27489495419415,13.36565338366014],[109.27588677554262,13.365924227125872],[109.27620721043233,13.365924227342203],[109.2763979448992,13.365663872970899],[109.27635216831894,13.365244257190097],[109.27652001576655,13.365046845865592],[109.27769494298447,13.36503921711945],[109.27800011770903,13.364899980223388],[109.27855706340729,13.364536630541995],[109.27912163884145,13.363943445092568],[109.28010583079471,13.363664017644574],[109.28150201009343,13.364405976707742],[109.28199792042868,13.364349710357812],[109.28236413156802,13.364574777362492],[109.2827227133946,13.364154206918252],[109.28310418229121,13.363450395042047],[109.28335595234363,13.363315926646019],[109.28388238167896,13.363712656285447],[109.28410363381333,13.363828050135183],[109.28421044452041,13.364215242124047],[109.28471398535504,13.364270555077303],[109.28479790915561,13.363862382964696],[109.28493523740943,13.36384044792649],[109.28585076487127,13.36457000840641],[109.28616356955183,13.364743577895483],[109.28683495705863,13.364627229324848],[109.2872011680564,13.365146027568832],[109.28767419050118,13.365664826396616],[109.28821587791336,13.365774499461738],[109.2920305750844,13.365565644698734],[109.29237389770131,13.365450249230062],[109.292839290801,13.364187585924158],[109.2930834308304,13.363978730707592],[109.2940752533252,13.364710198343975],[109.29422783964922,13.36473690153868],[109.2943804281115,13.36463581264899],[109.29448723974865,13.36430679470824],[109.294441463822,13.363480911963972],[109.29404473502743,13.361646043763987],[109.2939226645073,13.361391412535648],[109.29393029398821,13.361074792696117],[109.29409051121708,13.36064373155252],[109.2946932335761,13.360028610908207],[109.29477715632173,13.359595642949593],[109.29451775644576,13.358682022756012],[109.29462456855231,13.358279572541843],[109.29516625559101,13.357577668182442],[109.2957689777273,13.357253419234743],[109.29624200072392,13.35678421070849],[109.29640984693043,13.356429444300334],[109.29641747677658,13.355889663758436],[109.29628777636191,13.35559688596792],[109.29595208395561,13.355480538262986],[109.29580712461238,13.355318414357946],[109.2956240193,13.354763374755956],[109.2952196619258,13.354540214563807],[109.2947924157389,13.354394303011349],[109.29414391631967,13.353961335211327],[109.29383111147581,13.353861199264017],[109.29301476614552,13.354050026584318],[109.29228997303937,13.353887902014897],[109.29164147548721,13.353579865249195],[109.29107690069574,13.35308586225939],[109.29087853570866,13.352561341321008],[109.29071831813539,13.351744042002835],[109.2907259472104,13.350509988246777],[109.29103875309532,13.348937379221155],[109.29184746781452,13.346476899180917],[109.29264855539785,13.3454354869325],[109.29373955761183,13.344525680636487],[109.29423546881985,13.344008789264905],[109.29466271528915,13.343244896508748],[109.29479241460707,13.342504844080057],[109.29497552019346,13.342352256441462],[109.29521203126666,13.342264518038208],[109.29567742361863,13.341864929130528],[109.29602837660565,13.341802939987977],[109.29698205099326,13.341781959075139],[109.29761529137653,13.341625557539796],[109.29788994915977,13.341448173123679],[109.29808831309191,13.341008528788171],[109.2982027538691,13.340268478084413],[109.29812645977071,13.33725772775948],[109.29821801261429,13.336643562437901],[109.29842400540603,13.336243019363508],[109.29883599373014,13.334584578940472],[109.29866814675009,13.334044799893828],[109.29817986532295,13.333707198734798],[109.29758477286983,13.333443031060138],[109.29340386444527,13.333682403478244],[109.29303002479848,13.33391414653188],[109.29286980679424,13.33438239998076],[109.29242730155299,13.335409507339605],[109.29212975570282,13.33566413965968],[109.29097771630484,13.3359263996647],[109.2904665480459,13.336197242573007],[109.28987908445794,13.336443290074458],[109.28930687914206,13.336539612708428],[109.2888338573748,13.33655773113154],[109.28785729441663,13.336143837816381],[109.28643822721237,13.335019455710805],[109.28583550568042,13.334166870571135],[109.28554558794914,13.33392749853277],[109.28492760721187,13.333140716863742],[109.28450799024932,13.332446441766882],[109.28404259703022,13.331464157244213],[109.28366875572256,13.330375061129645],[109.28337883913207,13.329193458304074],[109.28302788692635,13.327279433883838],[109.2827913758054,13.325413092781144],[109.28269982298532,13.324078902900178],[109.28278374684432,13.3218654251472],[109.28313469894142,13.31930480905519],[109.28365349793332,13.317638739909954],[109.28365349770641,13.317376480170918],[109.28398919031207,13.316158637264317],[109.28408837242839,13.315417632240145],[109.2843172544653,13.314985617358106],[109.2846071713608,13.313867911341696],[109.28535485259212,13.311854705538394],[109.28590416872935,13.310644492701615],[109.28648400192473,13.30953346137265],[109.28677391958846,13.308631284925266],[109.2882235045299,13.305091245996367],[109.28858208589168,13.304659231835346],[109.28947472515192,13.302985533082548],[109.28965783002583,13.302477225113366],[109.28968834848753,13.302137716607238],[109.2910158620128,13.299476965688639],[109.29193901863663,13.297934873963689],[109.29254174058592,13.296716077847016],[109.29364800342849,13.29469524265677],[109.2942202079904,13.293777807207881],[109.2956240162597,13.291324003480016],[109.29611992623187,13.290311201449795],[109.29664635523386,13.289447171978074],[109.29709648983734,13.288969380962639],[109.29749321776288,13.288307530642545],[109.2978365405258,13.287565572248962],[109.29879021461622,13.28626189977224],[109.30008721155389,13.284667355529198],[109.30049919967156,13.28423248048381],[109.30136132010632,13.283085209836276],[109.30213951941663,13.282211644537094],[109.30400109124444,13.280489308037167],[109.3050615773095,13.279238086829226],[109.30575585211749,13.278551441719726],[109.306198357252,13.278047902053656],[109.30648064450212,13.277798993427757],[109.30773949416577,13.276869159970827],[109.30799889407717,13.276788098140113],[109.30814385269609,13.276788098113357],[109.30825066459244,13.276842456999184],[109.30851769206525,13.27740798614337],[109.30861687543079,13.27744804088371],[109.30879235122445,13.277409893458007],[109.30889153331927,13.27732787781028],[109.30907463801559,13.276884418518058],[109.30925011451814,13.276203495947046],[109.30937218526245,13.275888782460763],[109.30943321991697,13.27580772109334],[109.30968499017087,13.275667530354324],[109.30973839647534,13.27554069164955],[109.30977654287828,13.275275569689498],[109.30972313730948,13.275088649580368],[109.30967736064865,13.27505241036035],[109.3095018842191,13.275043827452492],[109.30941033206628,13.274973255682134],[109.30942559013279,13.274907452145287],[109.3096468436919,13.274831158004698],[109.30970024960602,13.27469096725579],[109.30967735997083,13.274594646411753],[109.30946373750123,13.274449687654268],[109.30934929582537,13.27409873612207],[109.30936455530865,13.273817401259409],[109.30953240227288,13.273303371523392],[109.31054711071198,13.271899562823537],[109.31082939944756,13.271551471577252],[109.31147026767586,13.27089534380109],[109.31163048516669,13.270649295222672],[109.31179833237016,13.270251613357086],[109.31211876740613,13.269194942027438],[109.31278252383196,13.26786933518197],[109.31327080502564,13.266611437990074],[109.31344628082725,13.266056400132536],[109.31372093964166,13.264858584741313],[109.31415581470333,13.262474399409024],[109.31481194291575,13.259862284688117],[109.31502556554575,13.258544306771523],[109.31509423024357,13.257891039832602],[109.31523155966377,13.257402758346176],[109.31532311132607,13.257294039724428],[109.31594109298385,13.257010798511935],[109.31619286298644,13.256758074705303],[109.31621575147287,13.25655398888026],[109.31608605172956,13.2563546707716],[109.31610131026908,13.256201128209996],[109.31616997492173,13.256118159728832],[109.31661247928,13.255864481812102],[109.31682610278503,13.255085330571267],[109.31687187843788,13.255013804675487],[109.31724571955269,13.254778246033643],[109.31726097861207,13.25468860117554],[109.3171694253339,13.2544969125777],[109.31701683770449,13.254359583097367],[109.31683373179654,13.254319529776222],[109.31622338027768,13.2543271586471],[109.31605553385965,13.254356722114363],[109.31568169379126,13.254537920769112],[109.31404900255534,13.253772120774945],[109.31391930327867,13.253641467787535],[109.31396507906491,13.25344787154898],[109.31390404442243,13.253362994645748],[109.31362175664806,13.253011088849776],[109.31324028700637,13.252715449709894],[109.31295037027122,13.25265822865511],[109.3124849771093,13.252701145004519],[109.3124010531471,13.25267825656106],[109.31214928321151,13.2523225358682],[109.31201195453654,13.252333979820415],[109.31176781437732,13.252463679865759],[109.31155419043506,13.252430300701866],[109.31153893266136,13.252387385926534],[109.31159996747984,13.25228629559145],[109.31180596067766,13.25217662378413],[109.31177544296713,13.252110819715229],[109.31163811382856,13.252115588309172],[109.31131767932497,13.252258639823996],[109.31124901557993,13.252236704457578],[109.31124138566862,13.252134661689082],[109.31142449108619,13.251973490892677],[109.31138634465786,13.2519162706308],[109.31120323862012,13.25193534401855],[109.31104302164935,13.25204787784923],[109.3109285801345,13.252041201237773],[109.31072258585483,13.251880030503727],[109.31085228656313,13.251628260603434],[109.31059288750713,13.25157390192516],[109.31053185258766,13.251335482837192],[109.31043266876851,13.25124202247184],[109.31015038190068,13.251243929913901],[109.30989098201641,13.251463274986286],[109.30964684244914,13.25144038669006],[109.30941033081176,13.251230578462165],[109.30931114830045,13.251040797508187],[109.30931877786914,13.250945429450084],[109.3094103312473,13.250935893518703],[109.30967735890096,13.251040797718733],[109.30985283530457,13.251036982767628],[109.30991387090128,13.250991207047186],[109.30989861213091,13.250794749213522],[109.3098146892727,13.25070987292041],[109.30963921240071,13.250689846035597],[109.30947899489612,13.25056586802907],[109.30800652218781,13.250779490884831],[109.30696129505824,13.250828127599302],[109.30570244465197,13.250971178438625],[109.30480980605762,13.250876765709972],[109.30387139036928,13.250620227020066],[109.30352043782149,13.250304560511113],[109.30314659771958,13.249716144009355],[109.30271935170529,13.248718601101553],[109.30230736414947,13.24747310168678],[109.30197167036638,13.245887141654471],[109.30181908253763,13.243789057430531],[109.30187248899551,13.242603641024937],[109.30220055234497,13.240590434728801],[109.30266594534612,13.238697390113565],[109.30393242467366,13.234040598435623],[109.3043215232708,13.233094553360557],[109.304474110931,13.232582430218281],[109.3048708399009,13.231933931760791],[109.30502342821623,13.231294970206585],[109.3053286043678,13.230727533669576],[109.30551933804148,13.230546335501575],[109.30563377881914,13.230517725260286],[109.3060152488731,13.230634073595112],[109.30683159403613,13.23066268414583],[109.30726646986993,13.230488161869477],[109.30786156365112,13.230328897671697],[109.30799126248748,13.230230668935839],[109.30808281526264,13.2300895261339],[109.30816673821383,13.229002336795393],[109.30802178011362,13.22889552464938],[109.30776238013537,13.22887454469575],[109.30745720493837,13.228998521451137],[109.30726646996048,13.229010919888616],[109.3072130637904,13.228964189971066],[109.30720543527994,13.228865961788824],[109.30729698752535,13.228515963141954],[109.30725121119475,13.228251794310612],[109.30735802227208,13.228184083555776],[109.30748009315424,13.228021959549551],[109.30748772243852,13.227902749610937],[109.30741905794231,13.227744441035224],[109.30725121077683,13.2276891268559],[109.3069841816189,13.227676729415597],[109.30661797070255,13.227722505591792],[109.30623650063593,13.227850298013493],[109.30577110808181,13.227588037612731],[109.30558037423872,13.22722850298452],[109.30552696772726,13.226923326353116],[109.30559563155248,13.226787905090106],[109.30590843769686,13.226575235249598],[109.30592369590813,13.226461748518158],[109.30585503233921,13.22638640744101],[109.3050386874014,13.226163248738969],[109.30474877026171,13.226186136909192],[109.30426048818353,13.22633109482278],[109.30410789975504,13.226418832869728],[109.30394768317235,13.226547578315088],[109.30358910183449,13.226961474174297],[109.30338310792031,13.227021554497531],[109.30320763164919,13.227011064740893],[109.30285668036618,13.22688994776345],[109.30255913320609,13.226734498850758],[109.30134605956489,13.225983003487183],[109.30033898003735,13.22554526780582],[109.29949974552561,13.225000719987143],[109.29889702338617,13.224396090320214],[109.2983477074908,13.22375808185607],[109.29801201322658,13.223132472181101],[109.29760765541963,13.221902231549084],[109.2974626971869,13.220738748787578],[109.29731010962496,13.219908098520929],[109.29698204580282,13.219544748967575],[109.29573845451428,13.218998292872701],[109.29541039018412,13.218791345510878],[109.29461693289262,13.218405107665774],[109.29428123971394,13.218196252786957],[109.2940065813265,13.217868188804278],[109.29370903486357,13.216733316799788],[109.29342674700001,13.215970376689608],[109.29323601194987,13.214574197447742],[109.29348778188648,13.211539606453552],[109.29393028715091,13.208532670589651],[109.29434990417265,13.206911424112494],[109.29516624866315,13.204264024185633],[109.29591392956122,13.202364304889818],[109.2978441658395,13.197808602560698],[109.29826378201274,13.1964629674023],[109.2987368052419,13.195662835160608],[109.29889702209621,13.194925644930095],[109.2992250862607,13.194544175115478],[109.30011772560525,13.193943360291035],[109.30101799463323,13.1932710196811],[109.30102562332134,13.193052628411078],[109.30091881121254,13.19279799763753],[109.30099510537956,13.192488053680572],[109.30156730991433,13.191824295732838],[109.3021852913747,13.190924027478108],[109.30249046744134,13.190360404727068],[109.30351280661286,13.189317086392773],[109.30371117023938,13.18917117281006],[109.30387901743312,13.189120629316777],[109.30458092111132,13.189011910283115],[109.30474876865301,13.18872580841265],[109.30502342608992,13.188629486351907],[109.30503105530038,13.188538886598062],[109.30536674957173,13.188225129356399],[109.30543541292901,13.188029624657592],[109.30551170724031,13.18795714551238],[109.30580162451116,13.18794760864567],[109.30582451199002,13.187875129610013],[109.30579399492844,13.187784531041375],[109.30602287667907,13.187720634607327],[109.30623649882163,13.187574722496318],[109.30643486377306,13.18749747524445],[109.30648064039303,13.187402107765822],[109.30647301165516,13.187285758420181],[109.30635094034785,13.187187530595857],[109.30592369384198,13.187125542285505],[109.30561851944465,13.187045432566983],[109.30529808411187,13.18689379924484],[109.30493950219089,13.186835624643393],[109.30394768105685,13.186987258519977],[109.30213951553372,13.187630036300508],[109.3019716684148,13.187630036496605],[109.30173515699677,13.187502243431462],[109.30149101582506,13.187228539360895],[109.30075096543119,13.18614039610613],[109.2991564207958,13.183638909327343],[109.29832481674796,13.182097771224878],[109.29781364782683,13.18065772288912],[109.29753135923049,13.17998252123901],[109.29698967271845,13.17915663893943],[109.29621910382966,13.176678993897905],[109.29513572964417,13.172520019639451],[109.2946779657995,13.171311714690765],[109.2939455444369,13.169310905869994],[109.29335808119065,13.166949607152816],[109.29307579324654,13.166136123747696],[109.29271721088735,13.16278681961312],[109.29241203534578,13.160403587250737],[109.2923815179061,13.156902648377292],[109.29250358767808,13.15558943939578],[109.29251884603023,13.154275276108748],[109.29267906318455,13.153263426894172],[109.29300712741232,13.151906348677901],[109.29301475730647,13.151685095994914],[109.29329704381048,13.15024695489104],[109.29341148540938,13.1499341494466],[109.29360984986549,13.1486094959119],[109.29372428990465,13.147521353719453],[109.29417442534341,13.145968771943869],[109.29460929995219,13.143867826965666],[109.29476951787748,13.14350161668775],[109.29492973472905,13.142573691014348],[109.29532646252059,13.141765929226747],[109.29554771605531,13.140723563248166],[109.29618858439157,13.139155722311612],[109.29669212514331,13.137632703735255],[109.2969210069956,13.137183522907673],[109.29707359464432,13.136658049285433],[109.29766868685783,13.135398244595613],[109.29889701937871,13.13220534383805],[109.29926323081597,13.131467199566774],[109.29949974190181,13.130834913787215],[109.29976677037963,13.130370474010547],[109.29987358105613,13.129913663679746],[109.30013298124442,13.129533147588816],[109.30032371610746,13.12893996292102],[109.3006288925084,13.12842974664928],[109.30074333281146,13.128110265235309],[109.30076622115546,13.127744054837974],[109.30101799170143,13.12736353850256],[109.30117820863971,13.12683138798722],[109.30178093023312,13.126130437316485],[109.30185722423947,13.125620221150772],[109.30345176763484,13.122865056389879],[109.30447410572458,13.12137446262498],[109.31356834452873,13.108687733308816],[109.31713127209511,13.103718135185101],[109.32342552142282,13.09664377901319],[109.32405876125848,13.09593043137663],[109.3259432222121,13.094144199147163],[109.32701133749156,13.092814777002655],[109.32756065322,13.09192595206536],[109.32867454557969,13.090765329753726],[109.32968925474535,13.089706751115228],[109.33125328055341,13.087821337025911],[109.33152030909578,13.086958262349933],[109.3333666223939,13.082278582084486],[109.33486198380965,13.078930231036821],[109.33600639265192,13.07564768366627],[109.3368074787991,13.07393393023381],[109.33809684638457,13.071445794651218],[109.33881400928739,13.070342393501974],[109.3399736775286,13.068388313656243],[109.3403475174065,13.067633004352563],[109.34223197808782,13.064379067056217],[109.34442924472408,13.060267776669848],[109.34833549404405,13.053513855329799],[109.35051749984714,13.049562781861585],[109.3573000318055,13.03802046096145],[109.36051200661105,13.032410948762436],[109.36447166191368,13.025867788247565],[109.36885093361892,13.019036618902874],[109.36988090309025,13.017526952648486],[109.37078880078889,13.016260472459818],[109.37279533104463,13.01342042985761],[109.37345908885699,13.012204495482656],[109.37442802170106,13.01103910471026],[109.37667869290654,13.007792797786726],[109.38266013884542,12.999945010786583],[109.39076255396029,12.98983034059387],[109.39419578248203,12.985740031137066],[109.40036033282594,12.978299462968288],[109.40558646743574,12.971604668894617],[109.40698264631678,12.969940507890591],[109.4085771909979,12.968121850455427],[109.41020225177125,12.96645768838111],[109.41077445558678,12.965687119601167],[109.4125826223291,12.963845574050644],[109.41900657206585,12.957585655581198],[109.42429374198082,12.951772055733162],[109.42585776833765,12.949857077701026],[109.4272081707832,12.94803460675217],[109.42818473440603,12.947642645771964],[109.42925284959831,12.94752629780142],[109.43029044705514,12.947196326656037],[109.43089316890766,12.9466231681803],[109.43151877937882,12.946640334374607],[109.4318163256064,12.946555457846976],[109.43183921403535,12.946318945731644],[109.43159507315035,12.945879302228025],[109.43138907927917,12.945362410282364],[109.4315340383059,12.944882712314607],[109.43199943144236,12.944316229360759],[109.43204520706048,12.943743071659872],[109.4317858079976,12.943296752489458],[109.43167899586592,12.943010649293928],[109.43148063211606,12.941808066143583],[109.43128989727013,12.941330274972984],[109.43093894502819,12.940988860081932],[109.43037436993826,12.94058259436188],[109.4296114298368,12.940968833715083],[109.42923759006493,12.940830550584746],[109.42906974318359,12.94042714607109],[109.42891715582944,12.939661345781706],[109.42903922554761,12.938843092604612],[109.42926810762411,12.938067754884472],[109.43043540443858,12.935717902470168],[109.43091605682561,12.93497784988559],[109.43235038263737,12.93303426213081],[109.43382285586813,12.930749258990312],[109.43540976956719,12.928745588214655],[109.43815635102138,12.925073942631126],[109.43911002645012,12.92368539243971],[109.4419405308786,12.920080502510622],[109.44306205186489,12.918526013775715],[109.44320701159772,12.918360074754217],[109.44330619331222,12.918311436689123],[109.4436571448776,12.918364842671142],[109.44436667851157,12.918616612316917],[109.44461844867932,12.918644268304503],[109.4447481486618,12.918606121721872],[109.44490836535877,12.918450673595116],[109.44500754799823,12.918166478289287],[109.44505332401012,12.917807896369672],[109.44482444246185,12.917313893840888],[109.44476340734172,12.916746457461977],[109.44478629500243,12.916654904865677],[109.44493125413638,12.916509945843131],[109.44560263985441,12.916139920401601],[109.44592307529996,12.916059811835636],[109.44628165575514,12.916043599690692],[109.4468614900839,12.916472752145221],[109.44734214208796,12.916622479187692],[109.44870780469341,12.916896183212872],[109.44895957390604,12.916853268127976],[109.44976829045291,12.916076024158073],[109.45027945907516,12.915850956527663],[109.45069144685952,12.91576512652777],[109.45091269970762,12.91561444526913],[109.4515917153306,12.915004094312074],[109.45163749120498,12.914859134847251],[109.45167563781476,12.914102871353295],[109.45176719087726,12.913969356980608],[109.45197318504115,12.913904507344597],[109.45474265546564,12.914397557023767],[109.4549791659584,12.914327939037873],[109.45539115454076,12.913969356688483],[109.45601676400824,12.91322358375494],[109.45607017022328,12.912934619673138],[109.45604728102039,12.912698108504701],[109.45585654744724,12.911937077235045],[109.45515464259962,12.910902339975],[109.45474265545477,12.910198529081638],[109.45452903251746,12.909715015530866],[109.45344565844997,12.908093769027642],[109.45307944698037,12.907417614160165],[109.45307944671691,12.907139141535717],[109.45331595815799,12.906640369466063],[109.45374320357277,12.906276065521128],[109.45375846249165,12.906126338388171],[109.45356009853845,12.905756313683307],[109.45350669248367,12.90546448851842],[109.4536974278169,12.90504582584477],[109.45371268718081,12.904927570850047],[109.45339988197567,12.903871852492125],[109.45314811163895,12.902526218211584],[109.4521105139956,12.900413829171312],[109.45140097990448,12.899470645949204],[109.45138572017089,12.899298984862128],[109.45150779176436,12.899175960868659],[109.4518129673591,12.899025279119],[109.45201133171756,12.898585636202894],[109.45219443694357,12.89833958849733],[109.45283530507302,12.897765476698499],[109.4537432038428,12.897197086358288],[109.45400260371984,12.897165615580732],[109.4543230374913,12.89726479718493],[109.4552233063281,12.897923785893822],[109.45558951723487,12.89805825388256],[109.45709250841944,12.89801152390716],[109.45745871882349,12.897944766509669],[109.45807669950463,12.89775212404707],[109.45838187526546,12.897586185455133],[109.45844291042773,12.89740403302724],[109.45847342891253,12.896728832331325],[109.45825217646849,12.895950633158074],[109.45831321157603,12.895741779250834],[109.45874045763992,12.895352680313662],[109.4587786044428,12.895111399841467],[109.45871756975046,12.894907313780934],[109.4585039461832,12.894718486358396],[109.45827506405874,12.894664126581105],[109.45803855247394,12.894698459346865],[109.45788596582337,12.894616443120814],[109.45744346032444,12.893817263891318],[109.4572069488117,12.892997103643502],[109.4567949613908,12.892230349782968],[109.4548036892426,12.89006169456405],[109.45428488995847,12.889019328119565],[109.45420859643704,12.888662653516452],[109.45425437346876,12.88831456255537],[109.45439170178335,12.888027506983084],[109.45465110077934,12.887864428924544],[109.4550020534033,12.887762385800997],[109.45565055226591,12.887170153800474],[109.4563829737297,12.88593228463669],[109.4563524557864,12.885442095641611],[109.45660422555666,12.884856540011242],[109.4574663480566,12.88385708822432],[109.45842002156944,12.883152323047545],[109.4586946800124,12.882855730657399],[109.45887015565708,12.882463770006817],[109.45893882134894,12.88180192037466],[109.45883963897083,12.88125451110931],[109.45860312783087,12.880895930012842],[109.45825980498066,12.880684214192973],[109.45755790061072,12.880488710981133],[109.45716880084001,12.880450564327866],[109.45686362610222,12.880477267731772],[109.45513175258637,12.880883532178169],[109.45485709479688,12.880847292702521],[109.45441458970866,12.880638438299929],[109.45361350414038,12.880112963483732],[109.45350669207431,12.880096751825052],[109.45343802800895,12.88015587887408],[109.453361734025,12.880161600389886],[109.45320151564522,12.879957514549648],[109.45306418669898,12.87988217481716],[109.45184348391015,12.878764468740213],[109.451713783951,12.878445940338715],[109.45146964359233,12.876703577125546],[109.4514696431832,12.876167612303421],[109.4515459377011,12.875821429228397],[109.45198081238239,12.874492007064603],[109.4519808126447,12.874145823294068],[109.45158408431693,12.87228329695233],[109.45126364942786,12.871495561946514],[109.45124076158389,12.871109324428808],[109.45152304918496,12.869445162354744],[109.45168326608426,12.8687375359948],[109.45180533629913,12.868533450166325],[109.45307181602935,12.867574053052872],[109.45325492072094,12.867267924427354],[109.45349906229524,12.866292315222495],[109.45348380272333,12.86592038221529],[109.4531633682769,12.864601449641933],[109.4531709978688,12.864343958081914],[109.45346091532164,12.863164262567155],[109.45360587323266,12.862183885812382],[109.45353720929873,12.861652688605623],[109.4530260391109,12.86034424746166],[109.45255301701926,12.859652833442926],[109.45151541866561,12.858805970925058],[109.45073722092013,12.858414965014912],[109.44947837065084,12.858135537474642],[109.44637320662551,12.857991533616206],[109.44346640748395,12.857359248123375],[109.44279502030493,12.857304887817534],[109.44200919330049,12.856993989931404],[109.44177268178676,12.856961565432908],[109.44078848901528,12.857247667763534],[109.44028494909965,12.857299166136531],[109.43952963892885,12.857129412047167],[109.43894980536055,12.857158975799285],[109.43867514691381,12.857240992585742],[109.43851493003115,12.85719235474936],[109.43775199039429,12.856458025285406],[109.43751547915063,12.855822878598271],[109.43724844997456,12.855322198692061],[109.43689749779108,12.855027514443522],[109.43527243676114,12.854597407125906],[109.43425772789665,12.854486780058236],[109.43381522276115,12.854264573893966],[109.43373892912764,12.854093867450088],[109.43378470494379,12.853902178097117],[109.43371604143948,12.853812533286575],[109.43293784202082,12.853597956572667],[109.4327623656887,12.853428202027676],[109.43267081371268,12.85305054689244],[109.432502966901,12.852850274872091],[109.43212149657369,12.852616624800104],[109.4313738165154,12.85114129131076],[109.43119834097602,12.850230532294475],[109.4309618285859,12.849364596214413],[109.43032095990273,12.848289804940338],[109.42933676803248,12.84760888149222],[109.42875693317558,12.847372370093161],[109.42833731789113,12.847279864579972],[109.42746756653825,12.847305612837825],[109.4272005373432,12.847152071620501],[109.42680380826307,12.846825914855375],[109.42669699795827,12.84682019293521],[109.42637656250416,12.847068148099678],[109.42576621142446,12.84723885586809],[109.42568228768062,12.847211199349886],[109.42565177082513,12.846892672133276],[109.42559073531676,12.84679825829379],[109.42549918257512,12.846759157932103],[109.42517111839013,12.846818285271537],[109.42491934822843,12.846931772972395],[109.42478201966168,12.847055750652512],[109.42460654337933,12.847466784046299],[109.42438529065086,12.847777682560613],[109.42414115023598,12.847853022623001],[109.4227449702271,12.84785111578641],[109.42095969262921,12.847721415523933],[109.42052481732141,12.847851115321799],[109.42014334759793,12.848140078203873],[109.41989920688864,12.84863598932633],[109.41981528312702,12.849188166929716],[109.41992209492349,12.849747019320915],[109.42034934056957,12.850388842230467],[109.42196677234323,12.852403956660154],[109.42265341881634,12.853394824057553],[109.42356131656123,12.854438143454699],[109.42398093322475,12.85503800444349],[109.42454550770886,12.856407481365114],[109.42500327228112,12.857027370080566],[109.4257967292706,12.8575681029967],[109.4265215217601,12.857860880869495],[109.42683432722595,12.85809739141708],[109.42760489606783,12.859002429062983],[109.4280168832354,12.859816866477686],[109.42859671696758,12.860464411694881],[109.4296724621376,12.861378985634156],[109.43030570086715,12.862034160038759],[109.4306948005229,12.862293559137438],[109.43157218121249,12.862500507038577],[109.43283866055098,12.863007861560648],[109.43325827755996,12.863304453317669],[109.4335329353676,12.863643008635725],[109.43444083336004,12.864542322885736],[109.43532584341224,12.86551602458536],[109.43543265473853,12.865701037355878],[109.43556235435052,12.866237955906309],[109.43554709599876,12.866767245329335],[109.43590567780363,12.867359476771728],[109.4363024059542,12.867769556751504],[109.43648551203486,12.868032770960541],[109.43791983738373,12.869295435425052],[109.43800376091647,12.869413691544228],[109.43798850263413,12.869794208135984],[109.43814872007388,12.870695430094953],[109.43813346070128,12.870995837479063],[109.43770621500623,12.872217494131114],[109.43767569704163,12.872764902982373],[109.43714164023761,12.873814899148298],[109.43700431064985,12.874238330041681],[109.43696616375776,12.874497729662453],[109.43704245813733,12.875074703374509],[109.43698905242351,12.875626879813693],[109.43702719877481,12.875809032074997],[109.43759177451966,12.876227695079068],[109.43767569697563,12.87635357978964],[109.43782828519966,12.87720330422661],[109.43765280940315,12.87792428142206],[109.43764518050988,12.878168422313482],[109.43775962090383,12.87866719435526],[109.43769095606123,12.879077273781395],[109.43773673328313,12.879167873143942],[109.438019020324,12.879417735303981],[109.43803427948076,12.879500705328509],[109.43794272587832,12.87995370021532],[109.43783591559729,12.880170185668176],[109.43737052240782,12.88057549645584],[109.43701194036024,12.881019908140244],[109.43682120574191,12.881148654261072],[109.43623374237562,12.881382305567337],[109.43606589564939,12.88140900720705],[109.43563864901644,12.881395656624342],[109.43473838155818,12.88125355939266],[109.43357108372125,12.88125069850939],[109.43286155069876,12.881178218299437],[109.43238089858444,12.881296474610306],[109.43212912777506,12.881234485226267],[109.43120597076977,12.881194431987062],[109.43027518540003,12.881339389753368],[109.42993949076195,12.881296474594812],[109.42891715310654,12.88102181625321],[109.42848227752403,12.88081296194859],[109.42754386231492,12.880195934562275],[109.42747519716266,12.880072910780015],[109.42742942105622,12.879396755384755],[109.42709372706074,12.878761608643801],[109.42669699912592,12.87834675925892],[109.42620108798023,12.87797578031316],[109.42582724816026,12.877788861065898],[109.4243166274261,12.877619106486248],[109.4238588638912,12.877492268066334],[109.42356131818622,12.877307254970844],[109.42321799467527,12.876692134952954],[109.42311118249621,12.87657960188044],[109.42265341955381,12.876384098094277],[109.42203543864174,12.876432735891687],[109.42155478704693,12.876672107846248],[109.420700295115,12.877340633412118],[109.42051718879549,12.877394993087336],[109.42027304839513,12.87730725456109],[109.41992972547618,12.876701672080415],[109.4195635144614,12.876487095131292],[109.41930411496503,12.876450856016058],[109.41918204504468,12.87626393553935],[109.41905997452022,12.875703174908956],[109.41903708695273,12.875312168571348],[109.41918967483336,12.874902089204832],[109.41950247960794,12.874604541678499],[109.41972373162676,12.874590236898376],[109.42050956008008,12.87477524949923],[109.42065451767213,12.87473614868762],[109.4207994767384,12.874590236394802],[109.42120383451379,12.87375004937786],[109.4212038344789,12.873309451308163],[109.42115042859207,12.87320836268157],[109.42061637065605,12.872911769837929],[109.42015097726022,12.872882205592406],[109.41980002512352,12.872604686335237],[109.41931174482214,12.872316677290877],[109.41899893924463,12.872291881643552],[109.4185564341015,12.872145016066092],[109.41822837083768,12.87214120041657],[109.41790030672904,12.872028667822656],[109.41735098901873,12.872035344098059],[109.41713736622154,12.871858913584857],[109.41683219187168,12.87180646180686],[109.41651938585771,12.871582347515579],[109.41615317401683,12.871529896149909],[109.41592429339705,12.871450741124498],[109.4156343763288,12.871521313032964],[109.41545127079245,12.871494609872542],[109.41536734736967,12.871531803484968],[109.4150774301782,12.871375400748798],[109.41482566031469,12.871366818172268],[109.414543372186,12.871195156793327],[109.41420767905251,12.870875675768065],[109.41391013374998,12.870203335170245],[109.41390250349805,12.870097477092862],[109.41395590965561,12.869925815583878],[109.41384909721928,12.86955102207859],[109.4137193981786,12.869284947201903],[109.41361258625578,12.869189578848507],[109.41338370438879,12.869108516921138],[109.41258261799597,12.869110423512282],[109.41215537198936,12.869017918063822],[109.41203330135103,12.869097073114173],[109.41205619031913,12.869260150891746],[109.411911231485,12.869345982134403],[109.41127036230695,12.869370777594822],[109.41068289894791,12.869601566760446],[109.40969107743888,12.869433719956918],[109.4092333141009,12.86915334040642],[109.40711234163943,12.868564922986009],[109.40705893642149,12.868499119421212],[109.40721152389634,12.867702801092243],[109.40726492999508,12.86766846908814],[109.40725730027071,12.867794353962614],[109.40730307693346,12.867788631678899],[109.40735648281495,12.867708522967508],[109.40766165765841,12.866814929693255],[109.40761588175374,12.866751033638675],[109.40749381212167,12.866980869542383],[109.40734122357671,12.866926509707158],[109.40738699991549,12.866749126894007],[109.40738699975799,12.866598445777173],[109.40734885323907,12.86658700178159],[109.40697501307633,12.867678006381857],[109.40702841942495,12.867712338120686],[109.40711234183951,12.867633182909378],[109.4070818243258,12.867839177045953],[109.40678427806301,12.868379910409386],[109.40658591375076,12.868441898777135],[109.40632651377787,12.868399936804897],[109.40505240459078,12.867932637051993],[109.40453360729629,12.867875416012067],[109.40370963155121,12.867685635380589],[109.40348075019625,12.867602665033244],[109.40325186798412,12.867451985171748],[109.4022676755783,12.867369015645933],[109.40200827673048,12.867263157342189],[109.40140555449652,12.866831143443184],[109.40079520299895,12.866319019786092],[109.4003984748741,12.865415890497024],[109.4004213630913,12.865275700301853],[109.4004671382703,12.865166027028963],[109.4009401618614,12.86484082507513],[109.40112326630933,12.864482243180715],[109.40113852575774,12.864138920080302],[109.40118430193918,12.864059765083262],[109.40126059586282,12.864023526190703],[109.40135977732936,12.86378129169583],[109.40161154863253,12.862452824042549],[109.40183280030604,12.861861545693726],[109.40197775890603,12.861737568141292],[109.40226767545879,12.861583072542473],[109.40258048176689,12.860947926043654],[109.40298483926257,12.860740979027211],[109.40305350317415,12.860563594914645],[109.40304587462762,12.860382396557187],[109.40295432197934,12.860225994521839],[109.40306876255632,12.860099155910593],[109.40302298685567,12.859954197082981],[109.40304587412902,12.859580356412481],[109.40298483911478,12.85946591559467],[109.40299246868302,12.859414417911687],[109.40317557370298,12.85931237492052],[109.40313742671071,12.859009105946477],[109.40303061522178,12.858828861829668],[109.40260336926143,12.858414012717619],[109.40239737557441,12.858055431320834],[109.4023134522312,12.857765514952765],[109.40203116411766,12.857526142485979],[109.40197012919761,12.857399303830446],[109.40196250053668,12.857076961894538],[109.4019014658188,12.856950123181038],[109.40177176561058,12.85681851594177],[109.40167258354427,12.856779416072404],[109.40144370101815,12.856857616706064],[109.40140555400278,12.856812793565394],[109.40142844262914,12.856618244349857],[109.401375036772,12.856476146895258],[109.40118430176376,12.85630353154687],[109.40110037813844,12.855882007748244],[109.40098593772602,12.855720836598243],[109.40094016155345,12.855677921595635],[109.40048239752943,12.8556512182931],[109.40043662137077,12.855593997345569],[109.40043662154791,12.855384189615636],[109.40058157970331,12.855176288880267],[109.40050528543333,12.85500844191295],[109.40061209732742,12.854315121018539],[109.40055869110932,12.85425599226836],[109.40019247995824,12.854136783346542],[109.4001467042422,12.85409768231539],[109.40010855696346,12.853889781842888],[109.40004752249085,12.853883107126247],[109.39984152790758,12.854005176915848],[109.39973471586477,12.854011852788304],[109.39963553419685,12.853978473567164],[109.39949820475138,12.853809673916162],[109.39938376436974,12.853758174897955],[109.39890311217938,12.853762943802307],[109.39852927227106,12.85368760234387],[109.39844534883764,12.853638965316412],[109.39823935528142,12.853368122612405],[109.3984148314441,12.853185017024416],[109.39841483103893,12.853111583761844],[109.39835379573165,12.852984744406287],[109.39820120813711,12.852906543624968],[109.39791129095315,12.852859814050472],[109.39600394287798,12.853073436823559],[109.39537833176708,12.852896053957082],[109.39481375704896,12.852573712096262],[109.39417288753901,12.851633389027782],[109.39385245335475,12.851775485702692],[109.39370749520965,12.85171922021787],[109.39334128382956,12.851423580466882],[109.39306662588021,12.85131390824654],[109.39229605690859,12.850476582202672],[109.39215872775236,12.85011799969445],[109.39215872756326,12.850019771916259],[109.3922731688561,12.849736530602582],[109.39220450335799,12.849284489097492],[109.39202139876365,12.849167187047627],[109.39199851000487,12.849013646012676],[109.391960362848,12.84897645197366],[109.39165518821646,12.848837215986029],[109.39136527039993,12.848613102234541],[109.39109061204216,12.848204929883197],[109.39095328233566,12.84781678383312],[109.39091513539864,12.847314197840877],[109.39072440203513,12.84710725088916],[109.39075491829658,12.846982319022734],[109.39090750626843,12.846784908735636],[109.39089224770925,12.84657700808724],[109.39075491861446,12.846440631983631],[109.39074728946139,12.846376735481462],[109.39093802457613,12.846052486397047],[109.39093802480801,12.845944721458944],[109.3909075069436,12.845881778893789],[109.39070914275034,12.845839816361373],[109.39068625425172,12.845795947452476],[109.39115164749445,12.845406849095705],[109.3912050523819,12.845236141455544],[109.39124319943856,12.844824153218127],[109.39102194711316,12.844154674381082],[109.39064047789292,12.843754131407417],[109.38979361418717,12.843300182475591],[109.3895647338294,12.84332211656786],[109.38900778788434,12.843265849302353],[109.388557652472,12.843192418003678],[109.38843558203035,12.843139965143308],[109.38692496225529,12.84451993139319],[109.38439200354858,12.846980412413423],[109.38304923018798,12.848404248289604],[109.38079855878551,12.850675900163457],[109.3793337149926,12.852264721674757],[109.37689993878544,12.854792912827802],[109.37555716425315,12.855098088639203],[109.37465689662142,12.85612519570831],[109.37442038514844,12.857319196209298],[109.37395499157192,12.858899435083567],[109.37268088280781,12.85991223687648],[109.37228415509566,12.861008008069277],[109.37140677506892,12.862224897257393],[109.37023184789271,12.862934430944799],[109.36826346404726,12.864274343670859],[109.3680956169641,12.864570936655097],[109.36798117557392,12.865516981870321],[109.36752341298975,12.866367658512663],[109.36672995569818,12.867060026677038],[109.36605856889935,12.867823919578674],[109.36555502868814,12.86846383526229],[109.36526511214814,12.868666013651032],[109.36501334214671,12.868131002760965],[109.36486075393886,12.867691359111127],[109.36454794929159,12.866402945066968],[109.36428854846127,12.866118749831967],[109.36223624174445,12.86446698615062],[109.36199210215032,12.86376222085867],[109.36209891301448,12.86218007460394],[109.36205313619412,12.86036713993783],[109.36172507240038,12.859689077504505],[109.36112235019279,12.85927995167716],[109.35894034365303,12.858440717871568],[109.35797903940615,12.857750258059072],[109.35723898873765,12.857647261118109],[109.3568498891228,12.857779821332509],[109.35644553148175,12.858116468513677],[109.35576651570571,12.858366332246614],[109.35507224023787,12.858335813756142],[109.3518373767602,12.857570967038713],[109.3501894273873,12.857100806062599],[109.34908316548518,12.856661161650768],[109.34787772107126,12.855436643655857],[109.3469850821991,12.85471662020325],[109.34657309396961,12.854524931394677],[109.34561941988471,12.85395463373207],[109.3448869980621,12.85332234803386],[109.34412405916295,12.85247071732948],[109.34266684346659,12.850390752785646],[109.34109518800658,12.847251256788494],[109.34070608899728,12.846924146824422],[109.34040854308094,12.846841177577495],[109.34007284967592,12.8470013945221],[109.33983633889423,12.847310385416883],[109.33922598676828,12.848415694028333],[109.33880637046579,12.848845801091835],[109.33831045960429,12.849086126730505],[109.3375093738449,12.848945937258328],[109.33709738563655,12.8486188259562],[109.33673880478973,12.84842713826528],[109.33629629923489,12.848397574451367],[109.33577750022796,12.848555883900055],[109.33538840106324,12.848608336298152],[109.33506033718596,12.848552069035305],[109.33348868226932,12.847838721236812],[109.33197043207467,12.847748122125392],[109.33155844525473,12.847988448323136],[109.33091757608649,12.848634085564042],[109.33031485417862,12.848764739724876],[109.32995627220866,12.848708472803947],[109.32932303176808,12.848218283518865],[109.32877371610542,12.847619376367367],[109.32862112857427,12.84702428386085],[109.32838461660954,12.844572386227675],[109.32788870561588,12.84336503496259],[109.32721731933994,12.842072806256514],[109.3264620091582,12.840739568919133],[109.32604239253469,12.840258916980208],[109.3251573828257,12.839838347223642],[109.32196829599164,12.839069686226638],[109.32126639163269,12.838775000740672],[109.32093069775308,12.838213286662562],[109.32079336891482,12.837400755727133],[109.32070944507193,12.83657010551962],[109.32025168127602,12.835819563452043],[109.3198091760638,12.83552583217128],[109.31928274854808,12.83543904755163],[109.31904623705042,12.835542044571989],[109.31838248032028,12.836098036249231],[109.3155977514825,12.838074050831514],[109.3152544288875,12.838486990909981],[109.3152086512876,12.838922820340304],[109.31523154030167,12.839504561342107],[109.3153688692838,12.840730986872803],[109.31540701644887,12.841748557896375],[109.31514761668062,12.842453322897583],[109.31474325896328,12.842844328765272],[109.31427786516954,12.842924437562097],[109.31364462647703,12.842712722100966],[109.31307242127582,12.842377028815656],[109.31222555808654,12.842122397928375],[109.31089041482791,12.841947875703331],[109.3104784276006,12.84172280806158],[109.30997488733315,12.840529761755917],[109.30970022962421,12.839988075394109],[109.30906698966626,12.839465461164876],[109.30834982615927,12.83912786141042],[109.30725119309052,12.838934264610714],[109.30598471318113,12.83880170385034],[109.30416128840595,12.838748297863072],[109.3029939915784,12.838802658448277],[109.30231497512604,12.839047752068947],[109.30168173469724,12.83949979437481],[109.30104086612597,12.840222679457979],[109.30048392011452,12.840987526866119],[109.300079562571,12.84110959633521],[109.29972098141874,12.840982757764591],[109.29843161270398,12.840185485635267],[109.29711172838834,12.839034401043568],[109.29616568276937,12.838136039035286],[109.29542563111545,12.836946807510675],[109.2953264489077,12.836427055699122],[109.29477713255726,12.836319290170861],[109.29395315821417,12.836272560867583],[109.29299948406589,12.835706077181342],[109.29220602637575,12.835056625415627],[109.2915880458066,12.834824882757191],[109.29090902960401,12.834799133150204],[109.28983328458857,12.83510335553436],[109.28896353385443,12.835098587647822],[109.28820059499067,12.834719978415974],[109.28730032576857,12.83404954600904],[109.28681120743359,12.833564329526272],[109.2862245817209,12.832982383658115],[109.2847521076799,12.832407318657472],[109.28404257478167,12.83221849071158],[109.28324148765552,12.832168899644302],[109.28137228661942,12.832310043927764],[109.28070852873466,12.832583747503604],[109.28002951241596,12.832982383524069],[109.27915213200664,12.833684289312146],[109.27857229870412,12.834220253948192],[109.27808401758585,12.834280335529177],[109.27719900759963,12.83423265114092],[109.27626822156874,12.834122025522158],[109.27552816890007,12.833847367410046],[109.27487204200519,12.833427750076003],[109.27365896805092,12.832853637949798],[109.27334616335366,12.832790696579764],[109.27244589401334,12.832906090475271],[109.27210257107122,12.832843148212243],[109.27154562636899,12.832442605397032],[109.27088949779557,12.832286202080718],[109.27011129941486,12.832188927021747],[109.26930258429765,12.832092606358456],[109.26849386767671,12.8322089540116],[109.26815054461031,12.83242067031045],[109.26770804001814,12.832845055224187],[109.26758596969701,12.832982384154695],[109.267196870902,12.833640420511026],[109.26644156131157,12.834366166447456],[109.26547262771393,12.834792458482799],[109.2643739949923,12.834920252056458],[109.26224539405231,12.835393274194269],[109.26126120170898,12.83594163651557],[109.26023886273222,12.83677324075977],[109.2597887292259,12.83728441015803],[109.25915548941317,12.837821328676476],[109.25859854272872,12.838196123527792],[109.25807211493068,12.838165605511675],[109.25769064489667,12.837973916845641],[109.25708792338935,12.837509477488855],[109.25675985873973,12.837345445452842],[109.25611898971113,12.83753045853828],[109.25535605021054,12.837944353030105],[109.2547762162737,12.838049257252676],[109.25442526386843,12.837748849937496],[109.25420401219625,12.837369287359856],[109.25379202351729,12.836961115440701],[109.25327322554128,12.836714113593933],[109.25225088660328,12.836490953749863],[109.25159475904647,12.836107576086055],[109.25139639449434,12.835872972429275],[109.25140402334767,12.835402810990118],[109.25251791583105,12.834436739137423],[109.25273916768342,12.834181154487405],[109.2526628735644,12.832982385098184],[109.25260946760152,12.8328517324557],[109.25236532743278,12.832758272425691],[109.2515489814416,12.832729661844763],[109.25108358844751,12.83258947236156],[109.25047323723031,12.832338655190963],[109.24987051513452,12.832021082562001],[109.249000764709,12.831293428483743],[109.2475893261377,12.829821909575637],[109.24658224629346,12.82788881100733],[109.24577353018145,12.827019060406743],[109.24287435976379,12.825338686206608],[109.2410509347792,12.824396455116105],[109.24037954812987,12.823860491356388],[109.23930380255007,12.822591150171327],[109.23835775770179,12.821720445344225],[109.23809853205495,12.821526715242884],[109.23728201384338,12.820916497819494],[109.23233816533403,12.818025911382266],[109.23005697641176,12.816470468723903],[109.22933981374462,12.815805757471843],[109.22875234997511,12.814894045658429],[109.22787496937909,12.812660539739005],[109.22739431688416,12.812465035949673],[109.22692129471186,12.812462175381635],[109.22603628509005,12.81275781437252],[109.2242586357465,12.814313257892389],[109.22357961975992,12.815024698975481],[109.22081015054476,12.81637987018259],[109.21996328693645,12.816979730672756],[109.21942923060575,12.817553842587833],[109.21817800912105,12.8191674599835],[109.21675131236779,12.820725763903301],[109.21598837318193,12.82234319604973],[109.2159807436128,12.823305452891523],[109.21607229654607,12.824130381515552],[109.21584341416533,12.824569072538178],[109.21443197651037,12.826320018676633],[109.21366140720583,12.827359523320187],[109.21332571418354,12.827604617636343],[109.21231863465474,12.827790584051272],[109.21127340701801,12.828140583150534],[109.20985433908224,12.828708973185933],[109.20870230127379,12.829333628560864],[109.20764181556366,12.829775180769726],[109.20704672268116,12.829872454584361],[109.20611593672803,12.829728451116049],[109.20471975725543,12.829196299838335],[109.20277426113911,12.828797664294274],[109.19957754486144,12.8288033864599],[109.19892904585531,12.828964557443465],[109.1979143372558,12.829974499099986],[109.1969301451368,12.83073743813505],[109.19599935896673,12.830896702382494],[109.19552633624899,12.830866184822035],[109.19505331413663,12.8306697278668]]],[[[109.227775814511,13.420107237379197],[109.22798180877624,13.420298925339305],[109.22818017332378,13.420419088837145],[109.22863030704644,13.420422903801112],[109.22889733580001,13.420293203532644],[109.22953057594589,13.419928900990707],[109.22943902271999,13.419631353378026],[109.22943902257542,13.419249884982207],[109.22955346344685,13.418810240508147],[109.22982812151518,13.418086401521588],[109.22968316359196,13.41763245258707],[109.2294619104806,13.417345396238622],[109.22914147712768,13.41712891215239],[109.2288439299046,13.417079321398795],[109.22867608405768,13.417090766029686],[109.22843194250379,13.417338720266883],[109.22807336170787,13.418085448063959],[109.22769952039422,13.41914211855265],[109.22762322708572,13.419724814095737],[109.22765374477466,13.419927946476516],[109.227775814511,13.420107237379197]]],[[[109.28060174196669,13.379277574940359],[109.28028130744869,13.37924705784452],[109.28012108992075,13.379294740277906],[109.27997613231302,13.379406320939845],[109.27979302675227,13.379826892054409],[109.27977776693211,13.380372392911886],[109.27982354388487,13.380568850046178],[109.27999902033042,13.380853044491083],[109.28004479601756,13.380814897662871],[109.28010583176639,13.380569803507859],[109.2802431604692,13.380563127973273],[109.28054833653438,13.38064609808413],[109.28066277709954,13.380791055968187],[109.28068566541823,13.380935061186056],[109.28080010658104,13.381166804121182],[109.28083825358746,13.381177294867605],[109.28085351221195,13.381138193878396],[109.28085351258149,13.380956041393649],[109.28089928839988,13.380952226592465],[109.28110528195153,13.381273615611516],[109.2812197233837,13.38128887365812],[109.28135705228664,13.381221164108878],[109.28154778764663,13.38099609590374],[109.28173852229688,13.380526889055117],[109.28173089195921,13.380183565263403],[109.28163171078418,13.379990923907755],[109.28137231154814,13.379816400245005],[109.2810671357805,13.379776347044288],[109.28098321240454,13.379726755866413],[109.28068566544538,13.379330980885184],[109.28060174196669,13.379277574940359]]],[[[109.28211236231122,13.380258905813545],[109.28202843934982,13.38023697190184],[109.28199029245184,13.38028560865522],[109.28199029238134,13.380591738850462],[109.28200555019124,13.380645143446193],[109.28212762125153,13.380648958978895],[109.28218102780099,13.380368579053908],[109.28211236231122,13.380258905813545]]],[[[109.28244042670583,13.38132988204971],[109.28239465019251,13.38122974696072],[109.28229546788212,13.381211626477176],[109.28221917323518,13.381271707295262],[109.28219628539573,13.38145385932018],[109.28227257901693,13.381585466730241],[109.28237939182537,13.381576883982715],[109.28244042672551,13.381435739976505],[109.28244042670583,13.38132988204971]]],[[[109.2438814664277,13.394739498773452],[109.24371361918979,13.394615520508832],[109.24259209771328,13.394125332898197],[109.24146294791207,13.393788685746754],[109.24127221294566,13.393823017873526],[109.24086785484202,13.394051900228733],[109.24085259644947,13.394145359655202],[109.24089074348763,13.394214977913922],[109.24158501851115,13.394776691768405],[109.24160027677874,13.394912114086374],[109.24150109468461,13.395520557854892],[109.24154687093224,13.395830501823879],[109.24179101245868,13.396149029727985],[109.2419588594436,13.396206250231995],[109.24296593941,13.396132816631237],[109.2430727503242,13.39615665905787],[109.24347710846016,13.396534313972747],[109.24365258467137,13.396615376236035],[109.2437746544668,13.396627773997354],[109.24411034847205,13.396549572746187],[109.24430871242537,13.396561017265824],[109.24447655894163,13.396619190692883],[109.24521661048851,13.397208561607002],[109.2460405848707,13.3975919389436],[109.24654412556733,13.397611965679252],[109.24686455958913,13.397572864656013],[109.24708581209872,13.397448888246242],[109.24721551159715,13.397255291764075],[109.24726891704013,13.396863331608206],[109.24719262328333,13.396639217962932],[109.2470018879547,13.396414151195767],[109.24604821392323,13.395890584020961],[109.2455828216514,13.395696987710929],[109.24418664247737,13.39529453665174],[109.24404931310045,13.395178188753691],[109.24396538891044,13.394872060126978],[109.2438814664277,13.394739498773452]]],[[[109.2705004246792,13.413003315452006],[109.27040887270698,13.412964214874501],[109.27027917262878,13.41299091805336],[109.27025628443975,13.413083424853466],[109.27028680196834,13.413141598483877],[109.27045464817265,13.413161625839779],[109.27051568355186,13.413131108034612],[109.27053857117754,13.413044323616361],[109.2705004246792,13.413003315452006]]],[[[109.27101159490715,13.413217892575549],[109.27098870638116,13.413134922610263],[109.27083611856168,13.413064350608524],[109.27070641898763,13.413073887782037],[109.27065301235486,13.413153042546886],[109.27064538378369,13.413277019915357],[109.27072930699579,13.413333286698522],[109.27087426597124,13.413340916349085],[109.27097344714961,13.413297048040848],[109.27101159490715,13.413217892575549]]],[[[109.27178979235242,13.413603176890696],[109.27201104575181,13.413510670544337],[109.27202630360993,13.413394321459906],[109.27195000977164,13.41336189657573],[109.27169823943488,13.41338478563519],[109.27145409941508,13.413442005813565],[109.27136254672003,13.413506855905156],[109.27138543489315,13.413572658689887],[109.2714693582066,13.413616527442276],[109.27178979235242,13.413603176890696]]],[[[109.2828600448546,13.413538325930245],[109.28275323313069,13.413520206547279],[109.28266168018402,13.413573611845205],[109.28263879207604,13.413642277382623],[109.28269982716498,13.413709988243472],[109.28286767387667,13.413724292755903],[109.2829287088083,13.413616526990621],[109.2828600448546,13.413538325930245]]],[[[109.283630612513,13.41357170497638],[109.28350091436252,13.413585056049536],[109.28347802614118,13.41372620021244],[109.28365350180395,13.413751949189594],[109.28374505435545,13.413704265872799],[109.28371453656207,13.413605082871337],[109.283630612513,13.41357170497638]]],[[[109.26563287175323,13.414328923067618],[109.26543450776595,13.414375652603841],[109.26532006674258,13.41451298161005],[109.26538110120185,13.41462933053595],[109.26551843063655,13.414628377250391],[109.26567864750098,13.414522519298378],[109.2656939060953,13.414397587621297],[109.26563287175323,13.414328923067618]]],[[[109.2652895481361,13.414974561339504],[109.26522851385069,13.414908756544019],[109.26511407225738,13.414918293897191],[109.26496148413746,13.415083279874597],[109.264976743961,13.41520630399656],[109.265075925812,13.415212026051165],[109.26523614251288,13.415109029003213],[109.26528191923,13.415029873956431],[109.2652895481361,13.414974561339504]]],[[[109.26480889693791,13.415626874128556],[109.26491570894086,13.415423740617339],[109.26486230212545,13.415339818314855],[109.26476312009926,13.415363660302031],[109.26463342065325,13.415540090244766],[109.26461816126314,13.41561256916233],[109.2646563089749,13.415663113576386],[109.26474023253677,13.415677418773132],[109.26480889693791,13.415626874128556]]],[[[109.25152612206082,13.452333799899757],[109.25186944450063,13.452678077279833],[109.25200677423031,13.45297657714009],[109.25209832680694,13.4549735714807],[109.25242639101062,13.455409400695604],[109.25322747678968,13.455662124660416],[109.25354791221046,13.45573078843232],[109.25386834573945,13.455500953679117],[109.25400567644982,13.454766624658088],[109.25391412272796,13.454123846845425],[109.25302148437113,13.45302235290074],[109.25295281885124,13.452769630304315],[109.2529757072803,13.452540748512877],[109.25315881319622,13.452333800082265],[109.25400567549346,13.451806417880002],[109.25428033425845,13.451485030216238],[109.25434899752713,13.451048246669625],[109.25418878072175,13.450703971203145],[109.25327325430479,13.450130812986183],[109.25198388576827,13.449533813053476],[109.2512743517222,13.448868147765435],[109.25051904142069,13.448523870756919],[109.24980950905267,13.448432319282364],[109.24938989213605,13.448500983284726],[109.24916100957306,13.448707931001644],[109.24913812140787,13.449029319641578],[109.24996972552033,13.451209417890269],[109.25040460086088,13.451691024150934],[109.25152612206082,13.452333799899757]]],[[[109.271110778241,13.456568113615297],[109.27132440192068,13.457191816437993],[109.27133203175237,13.457564703306206],[109.27098870848302,13.458525053402933],[109.27058435108573,13.459307066445378],[109.2705690918076,13.459609381529404],[109.27063012662268,13.459919325779843],[109.27081323226932,13.460113874998852],[109.27133966066634,13.460371367450565],[109.27169824167564,13.460654608808658],[109.2719042360364,13.460944525860393],[109.27212548876967,13.461132399439741],[109.27223229979286,13.461196295620486],[109.27229333498582,13.461182943543095],[109.27277398721769,13.460735671082544],[109.27314019771626,13.460542074682218],[109.27345300253147,13.460290304375906],[109.27360559114797,13.460084311523117],[109.27372003168672,13.459473005951725],[109.27359033176462,13.459054342773957],[109.27356744335671,13.458842627531071],[109.27360559107669,13.458589903980359],[109.273742919736,13.45832382822519],[109.27409387175278,13.45795666348979],[109.27434564158492,13.45725857459105],[109.2743151247067,13.456689230350868],[109.27393365440814,13.455892912046693],[109.27356744368936,13.455294958680925],[109.27316308567649,13.454944006378021],[109.27271295144735,13.454870573397802],[109.27239251638446,13.454910627434336],[109.27203393591078,13.455027929316126],[109.2714693604023,13.455505720858945],[109.271194701872,13.455890051918194],[109.27111077840779,13.456090322261936],[109.271110778241,13.456568113615297]]],[[[109.26209283495766,13.467639319737637],[109.26172662397097,13.467157714353338],[109.26149774146658,13.467157714188795],[109.26131463597712,13.467686050448116],[109.26133752442381,13.468304984284309],[109.26149774232377,13.468879096438831],[109.2619326173122,13.469360702898143],[109.26241326906802,13.469223373569216],[109.26248193359095,13.46869503733886],[109.26209283495766,13.467639319737637]]],[[[109.24892449982747,13.481516236105964],[109.2489550169168,13.481434219278395],[109.24885583509622,13.480976456696121],[109.24859643631808,13.480656021268427],[109.24827600128707,13.480505341460802],[109.24794793683671,13.480420464625633],[109.24768853817183,13.480478638468139],[109.24745202692911,13.480881089104459],[109.24747491475536,13.481291168799096],[109.24761224404367,13.481399887688253],[109.24845910727802,13.481433266278948],[109.24875665309673,13.481522911363209],[109.24892449982747,13.481516236105964]]],[[[109.2969744217835,13.333144530612365],[109.29735589098726,13.33318172371638],[109.2978441717601,13.333336219648029],[109.2980425370152,13.333357199836401],[109.29821801274423,13.333223685790896],[109.29822564184754,13.33308635699146],[109.29818749432796,13.33304820989895],[109.29782891322243,13.333031996459207],[109.29774498963276,13.332962378549293],[109.29761529024783,13.332941397678868],[109.29737114914688,13.333001479888733],[109.29694390398636,13.332992897209577],[109.29690575628202,13.33303104415375],[109.29689812716755,13.333095894246078],[109.2969744217835,13.333144530612365]]],[[[109.29992699713324,13.335308418228491],[109.29985070305008,13.335258826491389],[109.2997591504236,13.335258827064548],[109.29959893304901,13.335372314113469],[109.29956841584027,13.335565909824055],[109.29971337378075,13.335766181861299],[109.29988122033997,13.33577285667137],[109.29997277389154,13.335740432110267],[109.300041437747,13.335551604446918],[109.29992699713324,13.335308418228491]]],[[[109.29893517636677,13.340330466972294],[109.2988359938259,13.340329513344857],[109.29879021716245,13.340477333073489],[109.29881310562112,13.340611801224945],[109.29891991720653,13.34069858526689],[109.29901909931003,13.340671882402953],[109.29903435810847,13.340492592567637],[109.29899621132627,13.340389595381998],[109.29893517636677,13.340330466972294]]],[[[109.29885888231844,13.340893134935298],[109.29875206981617,13.340814932901077],[109.29868340594936,13.34086261699593],[109.29867577688017,13.340982779938242],[109.29872918222446,13.341048584016194],[109.29882836403193,13.34104858376983],[109.29886651091535,13.340983733758684],[109.29885888231844,13.340893134935298]]],[[[109.29571557159615,13.354244575678676],[109.29564690794335,13.354296074483036],[109.29563164826781,13.354360924261181],[109.29568505489215,13.354433403633948],[109.29590630623116,13.354438171780041],[109.29599023019485,13.35435806253897],[109.29592156534818,13.354249344716306],[109.29571557159615,13.354244575678676]]],[[[109.29599785942567,13.35484348418752],[109.29603600698667,13.354923591605885],[109.29611992922167,13.354917869760554],[109.2962648888006,13.35478054056018],[109.29624962963086,13.354663238539706],[109.29617333527088,13.354657517276186],[109.29599785942567,13.35484348418752]]],[[[109.29648614069922,13.356931076918158],[109.29663109979253,13.35689960569193],[109.29693627549474,13.356375085074562],[109.29678368742191,13.355874406071607],[109.2966997633721,13.355839119558272],[109.29662346952762,13.35586200794292],[109.29653191750731,13.356039390710215],[109.29653954669313,13.356544838546364],[109.2963869582933,13.3567336660997],[109.2964022181166,13.35689579126519],[109.29648614069922,13.356931076918158]]],[[[109.29577660809998,13.357343064347576],[109.29570031347862,13.357452737516557],[109.29559350148452,13.357892380076846],[109.29564690805462,13.358022079976244],[109.29575371855482,13.358032571295466],[109.29580712442338,13.357827530758346],[109.2958147550553,13.357443200051833],[109.29577660809998,13.357343064347576]]],[[[109.29680657528318,13.358048782968314],[109.29676079880764,13.357894288060864],[109.29671502298653,13.357829437726153],[109.29660058195356,13.357786523357438],[109.29653191777525,13.357845649850015],[109.29651665914155,13.357944833133468],[109.29650139995951,13.358118401122281],[109.29653954667131,13.35824142470062],[109.29673028197253,13.35834919006472],[109.29679131653204,13.358322487953927],[109.29680657528318,13.358048782968314]]],[[[109.28437066528228,13.414287914299516],[109.28429437052361,13.414422382448308],[109.28448510642062,13.414548267560985],[109.28455377009271,13.414493908496542],[109.28456139979701,13.414430965379808],[109.28443932900785,13.414293636248875],[109.28437066528228,13.414287914299516]]],[[[109.29009271143026,13.413696636077567],[109.28986382906132,13.413878788036378],[109.28981042319326,13.41400371908354],[109.28987145826575,13.414185871261534],[109.28972650013034,13.414327968560082],[109.28972650004518,13.414435734197914],[109.28982568170605,13.414640773723045],[109.28981805241608,13.41475998278766],[109.28973412921047,13.414839137650157],[109.28963494666712,13.414822924867908],[109.28958154147072,13.414867747764276],[109.28953576470855,13.415089954010012],[109.2895968000254,13.415220607607],[109.2899324932335,13.41523205151758],[109.29017663457336,13.415152896757945],[109.29066491497804,13.414884914312916],[109.29084802081577,13.414719929177902],[109.29090142604429,13.414577831224587],[109.29087090918628,13.41398083100675],[109.29074120906559,13.413741458682452],[109.29058099178076,13.41363369397931],[109.29042840390622,13.413605082661897],[109.29009271143026,13.413696636077567]]],[[[109.30094934382723,13.505660407443415],[109.30095697273437,13.50555073585253],[109.30085016113634,13.505545013395666],[109.30083490224648,13.505673760060219],[109.30094934382723,13.505660407443415]]],[[[109.30114007845562,13.505567901595894],[109.30114007865983,13.505658500823332],[109.3011782250423,13.5057023700522],[109.30128503635783,13.505686156581364],[109.30130029576176,13.505568854296623],[109.30123926001015,13.505535476296687],[109.30114007845562,13.505567901595894]]],[[[109.30115533772602,13.511709564249587],[109.30126214827979,13.51169144429214],[109.30127740758071,13.511580817977318],[109.30117059646665,13.511561745132225],[109.30113244952139,13.511622779436847],[109.30115533772602,13.511709564249587]]],[[[109.30115533734198,13.511989944675895],[109.30118585465112,13.512022369265612],[109.30127740810174,13.512004250092565],[109.3012926667723,13.511891716091117],[109.30119348505423,13.511872643313945],[109.30115533734198,13.511989944675895]]],[[[109.30219293527303,13.517226570137813],[109.30212427117648,13.517151230228968],[109.3020556056699,13.517131203435612],[109.30182672384954,13.517234199944689],[109.3018267239082,13.517322891370583],[109.30203271835198,13.517646187273222],[109.30213953012294,13.517652862702779],[109.30218530637814,13.517569893216445],[109.30221582379086,13.517363899401118],[109.30219293527303,13.517226570137813]]],[[[109.30165124824035,13.517378204267168],[109.30159021329094,13.51743256377048],[109.3015673253583,13.51752220913491],[109.30165124804567,13.517734879529407],[109.30170465369595,13.517790192463982],[109.30187250087087,13.517783515698454],[109.30187250071702,13.517666214318709],[109.30165124824035,13.517378204267168]]],[[[109.30044580396921,13.519400948018124],[109.3002779569387,13.519400948062428],[109.30023218091922,13.51949917627129],[109.30026269877412,13.5196136171868],[109.30035425063468,13.519662254360036],[109.30043054526372,13.519646042512722],[109.30048395072578,13.519529693886458],[109.30044580396921,13.519400948018124]]],[[[109.30072809242158,13.522123688401031],[109.3008806806245,13.522117966411404],[109.30088830894532,13.521948212382359],[109.3007128327354,13.521907204076372],[109.30068231545944,13.521942490207895],[109.30072809242158,13.522123688401031]]],[[[109.29904199530208,13.522627228059443],[109.29901147831711,13.52271401284149],[109.29903436618591,13.522836083807764],[109.29917169543539,13.522871369172037],[109.29921747194463,13.522696846606715],[109.29917932535712,13.522528999064404],[109.29904199530208,13.522627228059443]]],[[[109.2856829259863,13.531790132084435],[109.28557611408839,13.531773919562239],[109.28545404440554,13.531938905425164],[109.28544641416467,13.532055253477752],[109.28556848481774,13.53209816941931],[109.28562952034261,13.53205906851906],[109.28574396124553,13.531886453145537],[109.2856829259863,13.531790132084435]]],[[[109.28366113631715,13.53201615313342],[109.28357721308868,13.532065744839178],[109.28360773054948,13.532149667428495],[109.28374505910674,13.532154435214206],[109.28378320579498,13.532118196850979],[109.28374505904237,13.532041902970638],[109.28366113631715,13.53201615313342]]],[[[109.28556848627044,13.556164141307775],[109.2854845624806,13.556190844657753],[109.28547693357108,13.556260462652837],[109.2855761152633,13.556340571138138],[109.28562189091343,13.55633198839252],[109.28565240920162,13.556218500623503],[109.28556848627044,13.556164141307775]]],[[[109.28539300993587,13.556290980514392],[109.2853014573486,13.556297655283752],[109.28527856905336,13.556342478890784],[109.28531671645479,13.556412096216489],[109.28539301040006,13.556435938240169],[109.28543115765729,13.556408282652523],[109.28544641526021,13.55637108884316],[109.28539300993587,13.556290980514392]]],[[[109.28522516330054,13.55627953547508],[109.28495813406965,13.556290980388317],[109.28478265855097,13.55637204299912],[109.28475977065037,13.556578989361896],[109.28506494620201,13.556578989173925],[109.2852633099613,13.556537028833622],[109.28527856937946,13.556455965591724],[109.28522516330054,13.55627953547508]]],[[[109.28626276175991,13.557141657785946],[109.28623224379922,13.557239886552484],[109.28627801928722,13.557371493768631],[109.2863466845924,13.557454462729941],[109.2864306071882,13.55743825056514],[109.28638483151515,13.557180758469666],[109.28626276175991,13.557141657785946]]],[[[109.29882074543087,13.56806981135168],[109.29869104530168,13.568094607655418],[109.29875208020837,13.568260546463108],[109.29880548602728,13.568291063732602],[109.29887415084714,13.568255778491768],[109.29891229818656,13.568164225704312],[109.29888941027363,13.568107958747946],[109.29882074543087,13.56806981135168]]],[[[109.29845453438116,13.568255778455665],[109.29825617009445,13.568453188377184],[109.29828668746987,13.568517084987786],[109.29835535192217,13.568543787268238],[109.2984697935406,13.568517084896039],[109.29866815748646,13.56835972826737],[109.29861475164553,13.568255778322635],[109.29845453438116,13.568255778455665]]],[[[109.28743768815889,13.579261180885972],[109.28749872397363,13.579145786448322],[109.287521612487,13.578948375956939],[109.28748346573732,13.578702327283878],[109.28743005901758,13.57851731466018],[109.28725458297113,13.578504916306185],[109.28712488350139,13.578559276772888],[109.28702570125357,13.578820583375826],[109.2870180720708,13.57898652288853],[109.28710199525851,13.57913338847537],[109.28723932409719,13.579242107593274],[109.28743768815889,13.579261180885972]]],[[[109.2875292417024,13.579494830855813],[109.28750635371287,13.579419490800674],[109.28739191201866,13.579392787165654],[109.28733850629663,13.579444286704266],[109.28730035986595,13.579821941870556],[109.28733850669191,13.579865810908931],[109.28746820648476,13.579861041678349],[109.2874987246235,13.579827663711637],[109.28745294739821,13.579729434887081],[109.2875292417024,13.579494830855813]]],[[[109.3915941504397,12.82461197972039],[109.39145682187765,12.824611025858237],[109.39142630468277,12.824805575879145],[109.39151022782622,12.825096446024006],[109.39155600479037,12.825156527393695],[109.39171622194932,12.825133639314371],[109.39174673855648,12.8249867734979],[109.39168570394196,12.824679691120446],[109.3915941504397,12.82461197972039]]],[[[109.3941652565095,12.827817278830446],[109.39389822913542,12.827174502541498],[109.39347861141603,12.826825457833737],[109.3933336530019,12.82676346838045],[109.3931810661962,12.826778727980463],[109.39296744253622,12.826972324060385],[109.39289114847007,12.826941805321802],[109.39237997864285,12.826282817144268],[109.3921663553519,12.825616198309659],[109.39201376767043,12.825476961789832],[109.39185355103757,12.825446444972464],[109.3917467390675,12.825492220925945],[109.39170859189564,12.825655299638896],[109.39186880937524,12.826081591347842],[109.39188406767936,12.826314289023797],[109.39186881015688,12.82681782920654],[109.39173911018182,12.827328997721064],[109.39125845762993,12.82792599783147],[109.39103720591318,12.828399020937185],[109.39113638739884,12.829072315240651],[109.3922121316692,12.830661135790743],[109.39260886078536,12.831444102810995],[109.39275381932323,12.832094508646524],[109.39284537178753,12.832885105446369],[109.3927538192236,12.833489733738633],[109.39282248420804,12.833730060047936],[109.39311240154447,12.833931285388633],[109.39331076490086,12.833935100414015],[109.39479849728296,12.833470661258788],[109.39618704736333,12.83274586784883],[109.3969423572214,12.83244355301537],[109.39729330921647,12.832210856737866],[109.3974382682506,12.831885653584727],[109.39742300873763,12.831676798741805],[109.39727805029362,12.831490832864711],[109.39698050385638,12.831382113724679],[109.39595816536063,12.831219035411722],[109.39561484208808,12.831049280638618],[109.39550040078173,12.8308938331],[109.39551565976812,12.83066876456873],[109.39572165397881,12.830273943435145],[109.39572928259616,12.829979258732799],[109.39556906633221,12.829522448719137],[109.39512656092582,12.829305010474402],[109.3946764268274,12.8292897513819],[109.3945390975597,12.829165774553152],[109.39449332077974,12.828902560467652],[109.39434836283496,12.828692751758311],[109.39412710949267,12.828724224016183],[109.39402792780042,12.828692751995671],[109.39399741119614,12.828584986695558],[109.39422629269514,12.82843716822593],[109.39425680983898,12.828282672085448],[109.3941652565095,12.827817278830446]]],[[[109.44206260342162,12.970387779388256],[109.44181083325917,12.970357261249331],[109.44178031672114,12.9704449991318],[109.44182609294978,12.970591865083518],[109.44197105183666,12.97068055713953],[109.44218467495219,12.970681511539906],[109.44223045085681,12.970565162208791],[109.44218467433339,12.970476470737044],[109.44206260342162,12.970387779388256]]],[[[109.44047568957124,12.970701537923247],[109.44039939515847,12.970891318960131],[109.44041465441522,12.970964752203415],[109.44075797761906,12.970980964704182],[109.44095634133599,12.970938049150353],[109.44120811195215,12.971204124104425],[109.44133781156754,12.971219383359161],[109.44144462258221,12.971161209537057],[109.44155143498122,12.970956169104765],[109.44139121786421,12.970369659278727],[109.44140647587965,12.97006162259372],[109.441299664378,12.970060669058496],[109.4409410828123,12.97030766987966],[109.44071983017693,12.970072112834359],[109.44062827791389,12.970056854621797],[109.44051383619036,12.970115028110593],[109.44047568957124,12.970701537923247]]],[[[109.43864463575537,12.97241719879899],[109.43858360003546,12.972226463495174],[109.43842338240958,12.972136818448735],[109.43814109524043,12.972179733330057],[109.43806480123304,12.972252212217718],[109.4380495429389,12.972355209005764],[109.43840812386006,12.972621284369106],[109.43859885828451,12.972592674506105],[109.43864463575537,12.97241719879899]]],[[[109.43853782363956,12.973076187624795],[109.43846152921972,12.972929321706147],[109.43831657196478,12.972884498846085],[109.43814872476528,12.97289785051273],[109.43814872476003,12.973162017756357],[109.43820213021458,12.973293624891012],[109.43832420072722,12.973426185601838],[109.4384920477596,12.973427139842144],[109.43855308257572,12.973296486269259],[109.43853782363956,12.973076187624795]]],[[[109.3237001840454,13.16814932811004],[109.32373833117585,13.167824126447147],[109.32369255392842,13.16756854142625],[109.32346367214413,13.167168951490645],[109.32316612566281,13.16700015096978],[109.32272362040318,13.166835165411563],[109.32167076499528,13.166672086836604],[109.32140373564204,13.166699744737297],[109.32112907808731,13.166636801428934],[109.32065605489944,13.16700682747588],[109.32059501990774,13.167317724073476],[109.32069420120577,13.167584753477975],[109.32076286635063,13.167969084079989],[109.32085441860437,13.16808352512167],[109.32098411845703,13.168107367186238],[109.3211519658197,13.168258046941565],[109.32130455340345,13.168584204565759],[109.32137321789061,13.168650008682643],[109.32163261788936,13.168752051183338],[109.32214378689663,13.168683386580069],[109.32229637512542,13.168744420951745],[109.32240318531703,13.168730116187088],[109.32288383776884,13.168541288935257],[109.32321190130489,13.168481207484126],[109.3235247071654,13.168341017162863],[109.3237001840454,13.16814932811004]]],[[[109.31982445042755,13.171897269444909],[109.31987022772735,13.172082281290486],[109.31997703916336,13.172154761677538],[109.32016014517856,13.172089911832751],[109.32026695565781,13.171915388775803],[109.32035087843272,13.171867705727637],[109.32028984373981,13.171522475764405],[109.3203585090902,13.171414709189005],[109.32032799120783,13.171377516661517],[109.32019829059925,13.171323157967796],[109.3197634153596,13.171507216591094],[109.31960319924747,13.171477652225242],[109.31957268095721,13.171619749994617],[109.31982445042755,13.171897269444909]]],[[[109.31948112821745,13.172611571546067],[109.31955742170311,13.17256579435379],[109.3195879402386,13.172396040464458],[109.31948875763587,13.172247267841941],[109.31942009301072,13.171892500564427],[109.31930565161618,13.171880102913127],[109.31897758815794,13.171948767966677],[109.31891655323855,13.17204127392251],[109.31889366484866,13.17221102804226],[109.319023364491,13.172457076053828],[109.31921410016864,13.172565794372694],[109.31948112821745,13.172611571546067]]],[[[109.3124468265765,13.177994109217753],[109.31255363792772,13.177141525429947],[109.31264519048679,13.176914550220857],[109.31260704359812,13.17672095442609],[109.31246971444068,13.176491119095976],[109.31278251942233,13.176289893418305],[109.31271385505582,13.175703384271719],[109.31283592584573,13.175530769339213],[109.31283592585037,13.17546782598198],[109.31275963200822,13.175089217223997],[109.31362175262336,13.173987723623878],[109.31365227088224,13.173906661293934],[109.31355308859477,13.173756933600567],[109.31343101889048,13.173706389863222],[109.31275200144694,13.173885681058204],[109.31259941502374,13.173886634290751],[109.31250023128395,13.173783636662359],[109.31248497416547,13.173597670857045],[109.31244682709698,13.17354903325113],[109.31182884615627,13.173339224757537],[109.31166099835794,13.173353529574355],[109.31150841080614,13.173403121355726],[109.31137871039536,13.173499442331043],[109.31130241695641,13.173582412353047],[109.31117271813076,13.173894264300216],[109.31090568912684,13.174109794457838],[109.31076835969499,13.17415366281413],[109.3106920655845,13.174352027357443],[109.31059288409321,13.174418784042514],[109.31033348333469,13.174439765164824],[109.31018852577967,13.174539901153683],[109.30985283196365,13.17509112533628],[109.30892967570182,13.176205016380994],[109.30892204572446,13.17638716790207],[109.30896019297703,13.17648635047102],[109.30915092736474,13.17669425136264],[109.30954002638809,13.176865913147617],[109.3096926151718,13.177021362670523],[109.30976890848954,13.177159644496093],[109.3098757209812,13.177551605385766],[109.30988334984082,13.177845336009298],[109.30979942715264,13.1783488766775],[109.30988335035353,13.178886749576534],[109.31008171410589,13.179462768494577],[109.31026481956442,13.179800369726479],[109.31050133077983,13.180047370143509],[109.31066154820462,13.180150367766839],[109.31089805994505,13.180169441002079],[109.31114982998562,13.180147506349492],[109.31151604036029,13.179992057704197],[109.31185173384627,13.180004455326987],[109.31208824539151,13.180106498138487],[109.31239342125008,13.180014945396499],[109.31262993173031,13.180282928006882],[109.31272911374872,13.1802752980477],[109.31278251987104,13.18019232891469],[109.31292747791166,13.180288649936568],[109.31320213711273,13.180211402648508],[109.31348442393451,13.180216171251047],[109.31352257098669,13.180181837837125],[109.31353782992953,13.179912902278996],[109.31305717814031,13.179019309250176],[109.3126680789765,13.178558685151161],[109.31246208483846,13.178187704821871],[109.3124468265765,13.177994109217753]]],[[[109.30851006091113,13.225296358377332],[109.30841087921578,13.225548128754877],[109.3082430316084,13.225434640700968],[109.30815910877007,13.225444177685603],[109.30796074463285,13.2255757849701],[109.30764793867411,13.225603441450835],[109.30744957475297,13.225728372352322],[109.30725121082355,13.225771287925152],[109.30708336414658,13.225954393573595],[109.30708336377354,13.226032594297822],[109.3072054352071,13.226110795867399],[109.30763268081193,13.226124147886534],[109.30773186288047,13.225993493535867],[109.30786156312291,13.226016382219145],[109.30796074541209,13.22592387564113],[109.30827355038056,13.225808481342868],[109.30844139667462,13.22580085163849],[109.30855583744763,13.225847581538002],[109.30863213078936,13.225939134634762],[109.30866264903645,13.226251939313958],[109.30876183121903,13.226504663120894],[109.30894493738454,13.226666788274128],[109.30905174786905,13.226662019622387],[109.30913567150286,13.226595262824775],[109.30922722421136,13.226191858494104],[109.30947899396743,13.225615838868032],[109.30952477131767,13.225399354724193],[109.30944084700705,13.22511134529134],[109.3093569235935,13.22498164547248],[109.30928825870267,13.224951127528966],[109.30908226622616,13.224914888859221],[109.30884575439545,13.225003580787606],[109.30851006091113,13.225296358377332]]],[[[109.30728172943957,13.226814607431708],[109.30732750468557,13.226670602585164],[109.30725883986432,13.226539949308826],[109.30711388199198,13.226463655913866],[109.30700706958231,13.226471284425863],[109.30674767080284,13.22665439068222],[109.30668663633594,13.226815561838217],[109.30672478285265,13.226905207011217],[109.30681633485582,13.226947168764434],[109.30728172943957,13.226814607431708]]],[[[109.33283257414185,13.287409167899026],[109.33317589697164,13.287208896303799],[109.33320641400806,13.287140232696467],[109.33318352643084,13.286589962427678],[109.33330559632567,13.28645167915024],[109.33372521312938,13.28634391407493],[109.33383202572888,13.286144596006615],[109.33395409508513,13.286095957818624],[109.33434319408175,13.286100727021433],[109.33440422889925,13.286073069882505],[109.33451104168367,13.285833698209617],[109.33495354541617,13.285526614720027],[109.33527398070336,13.285422663854876],[109.33547234456931,13.285407404924912],[109.33612847271395,13.285461765087938],[109.33625054328544,13.285406451899833],[109.33653283059442,13.28543220110493],[109.33661675400366,13.285356861466145],[109.33672356502238,13.285431247024981],[109.3368074881388,13.285431246795055],[109.33692955906808,13.285272937491698],[109.33718132926825,13.285134654685589],[109.33729577000564,13.284768443654979],[109.33741784077803,13.28471313004513],[109.33743309969995,13.284658770573435],[109.33743309949026,13.284493785307967],[109.33728051135542,13.284094195679488],[109.33732628715639,13.283799509519142],[109.3375170224298,13.283412318962203],[109.33750939363497,13.283026081240347],[109.33785271544625,13.282743793128326],[109.33802819158478,13.282646517450782],[109.33806633828294,13.28204093507829],[109.33816552170381,13.281848292575193],[109.33830285021193,13.28176246146816],[109.33866143165022,13.281788210895018],[109.33922600626978,13.282018046696521],[109.33968377039216,13.282286028554223],[109.33973717587295,13.282429080471092],[109.33959984719205,13.282594065966197],[109.33961510623621,13.282840114215297],[109.33968377053331,13.2830966530381],[109.33966088200273,13.28328166470823],[109.33976006398274,13.283646923276452],[109.33981347068416,13.2836879306446],[109.33998894648408,13.283611636798344],[109.34002709362319,13.283556324252094],[109.33998894598,13.283419947663797],[109.34002709310059,13.283364635124496],[109.34021782877696,13.28350768586499],[109.34062218679432,13.283485752207373],[109.34089684418382,13.28336749576513],[109.3410341730041,13.283103327733993],[109.34124016696066,13.282904009683438],[109.34127831409945,13.282482486181632],[109.34140801330295,13.282358508377472],[109.34149193766613,13.28233848112785],[109.34166741327203,13.282370905649136],[109.34175133670357,13.282480578815898],[109.34196495945399,13.283135752979708],[109.34204888281371,13.283258776708918],[109.34227776484133,13.283400875173319],[109.34236168811988,13.283418041099356],[109.34244561110907,13.283376078362048],[109.342476129514,13.28319869526122],[109.34234642939458,13.28298030409075],[109.34225487635808,13.282579761102213],[109.34210991808334,13.28243098754668],[109.34208702904714,13.282293658683262],[109.34232354172624,13.282080035712791],[109.34239220543434,13.281857829244569],[109.3426363466242,13.281507830444035],[109.34259056973033,13.281257967648454],[109.34239983552195,13.280944209368494],[109.34237694657915,13.280786853037151],[109.34201836540943,13.28030620092354],[109.34201073561213,13.280066828784184],[109.34192681228159,13.279933314546794],[109.34166741351696,13.279771189789438],[109.34134697815439,13.279491764001092],[109.34116387331731,13.279212336697567],[109.34095787922448,13.278737406828402],[109.34095787936616,13.278519015367333],[109.3410418019682,13.278330187684258],[109.3415071954322,13.278238635721113],[109.34175896555286,13.278019289551043],[109.34181237072623,13.277806620456856],[109.34174370691358,13.277488093071332],[109.34165215439404,13.277304034509173],[109.34156060074538,13.277215342533694],[109.34133171953843,13.277155261367184],[109.3403627861792,13.277136187845459],[109.33975243496977,13.277307848619666],[109.33960747651855,13.277431826655578],[109.33953881164899,13.27738414271527],[109.3396990291917,13.277150492694622],[109.33970665816994,13.277040820977456],[109.33966851100222,13.276972155410231],[109.33946251828719,13.276953082232314],[109.33913445381272,13.277105669718912],[109.33902001314516,13.277201991825791],[109.3388369069336,13.277476649538656],[109.33875298386286,13.27748046326923],[109.33864617243468,13.277378420614639],[109.33846306733697,13.277366023563852],[109.33840203183183,13.277318339901504],[109.33806633814613,13.27688251063806],[109.3378603453802,13.276876788730467],[109.33759331603845,13.277035099079658],[109.33753228085516,13.27698359984691],[109.33753991021663,13.27690158342561],[109.33787560416332,13.27668796102842],[109.33789086224401,13.27662597198173],[109.33775353285817,13.276192049697773],[109.33779168023138,13.276116709137042],[109.33799004525858,13.276006083986326],[109.33801293281155,13.275924067133642],[109.33801293341386,13.27540050030793],[109.33789849176878,13.275326113638727],[109.33772301608816,13.275395731631463],[109.33766960995064,13.275731425815819],[109.33757805730038,13.275779108809846],[109.33742546940996,13.27576003577254],[109.3372728810187,13.275685648980385],[109.3370974052985,13.275699954774506],[109.3370516290299,13.275555949309911],[109.33699822315195,13.275542597179903],[109.33690666992135,13.275530199855469],[109.33670067657185,13.275633196472146],[109.33660149520595,13.275616984819857],[109.33657097695728,13.275514941695146],[109.33665490029166,13.27542529546462],[109.33667778908277,13.275328974860892],[109.33667778892935,13.275287966727745],[109.33662438267353,13.275267939538065],[109.33649468283558,13.275295596375583],[109.33632683694658,13.275461535166782],[109.3362658010059,13.275461535701307],[109.33605217780249,13.275277476707645],[109.33589958999275,13.275285105237348],[109.3356707093384,13.275477747604448],[109.33539604989677,13.275630335540315],[109.33525872082544,13.275839190897091],[109.33509850369796,13.275949817041036],[109.33502983859952,13.276093821709866],[109.33496880393236,13.276101450754798],[109.33488488136594,13.27601943498782],[109.33481621624692,13.275663715024193],[109.33473992150334,13.275527339070319],[109.3346178522669,13.275513987564326],[109.3345568170044,13.27565799291332],[109.33435082331407,13.275584559735131],[109.33409905247198,13.27572570380372],[109.33404564760953,13.275684695439558],[109.333984611943,13.275446276587479],[109.33380913629361,13.275392871008837],[109.3335955124816,13.275427203467077],[109.33329033662736,13.275696139611409],[109.33314537889459,13.275717120954244],[109.33306145545279,13.275641779404017],[109.33309197279827,13.275505405161436],[109.33304619646698,13.275416713192035],[109.33287834998787,13.275445322511086],[109.33201622886821,13.275808672414081],[109.33184075319451,13.275953632078856],[109.33181786371871,13.276244503156644],[109.33174920014442,13.276265482398921],[109.33157372383654,13.276156764940467],[109.33139824748824,13.276246409543582],[109.33116173612302,13.276179652414509],[109.33106255349803,13.276193957512984],[109.33094048425407,13.276344637723568],[109.33090233708454,13.276529651048758],[109.33084130147462,13.276509623515011],[109.33074974863356,13.276366572723008],[109.33069634266414,13.276161532774418],[109.33065819589415,13.276127201275072],[109.33052086713462,13.276172022464145],[109.33052086710234,13.276754717960753],[109.33042931471294,13.27714095618922],[109.3302233204621,13.277470927671901],[109.32990288601184,13.278123240710197],[109.32974266901628,13.278703075161252],[109.32975029785649,13.279188494729658],[109.32970452228419,13.279398304160107],[109.32923912866526,13.280368190022124],[109.32923912910223,13.280752520825539],[109.3290255060651,13.281187397600508],[109.3286287774999,13.282291751334796],[109.3286592949324,13.282428127614303],[109.32880425361049,13.28265986982847],[109.32929253529258,13.283256870641655],[109.32948327038598,13.28367934841747],[109.32949089892928,13.284086566476892],[109.32944512277139,13.284169536443402],[109.32904839405089,13.284486156769644],[109.32885003035767,13.284833293359737],[109.32846093145947,13.285101276770773],[109.32829308432159,13.285325389622615],[109.32830834277623,13.28632007288469],[109.32837700697844,13.286641460771436],[109.32852959546956,13.286781650038382],[109.32868981333183,13.28678069644768],[109.32885003069906,13.286717754557277],[109.32900261824273,13.28659473029417],[109.32910942964634,13.286587101749795],[109.32919335350131,13.28663478466367],[109.32924675807786,13.28671584733635],[109.32923912956649,13.287030559239597],[109.32933831098595,13.287181240361527],[109.32936119895363,13.287304264514736],[109.32933831156262,13.287457805266355],[109.32947564031758,13.287594181217523],[109.32959008108905,13.287825923168],[109.32973504013417,13.287983280371856],[109.32997155137518,13.288129192324075],[109.3301165092217,13.288182598892606],[109.33032250291068,13.288188320337008],[109.3303759091609,13.288236003039046],[109.33035302130197,13.288653713096195],[109.33060479143838,13.28870330436668],[109.3307268610939,13.288771968447579],[109.33099389065549,13.288653713088232],[109.3309099665423,13.288825374766596],[109.3312227726223,13.288878780620534],[109.33167290601779,13.289074283299152],[109.33174920029911,13.289152484077972],[109.331886529329,13.289452892259614],[109.33200859909118,13.289500576734417],[109.33204674663249,13.289438587047671],[109.33209252336735,13.289205890846413],[109.33203911722904,13.288795810772696],[109.33189415818707,13.288454395372554],[109.33190178830237,13.288245540196938],[109.33202385802248,13.288108211007366],[109.33208489296335,13.287957531162803],[109.33227562879358,13.287757259663639],[109.3324053288027,13.287671427918564],[109.33267235705193,13.287621836947336],[109.33283257414185,13.287409167899026]]],[[[109.3116991569831,13.413017619240117],[109.31166100979135,13.412951814596978],[109.31157708634764,13.41295562958987],[109.31151605063445,13.413038600330006],[109.31149316254174,13.413193095180473],[109.31151605082773,13.413230288222447],[109.31159997499608,13.413217891349563],[109.31168389726952,13.413113940125394],[109.3116991569831,13.413017619240117]]],[[[109.31023431225809,13.41710602094211],[109.31008172428265,13.416928637617728],[109.30999780211603,13.416906703145946],[109.30995965475267,13.41694961834769],[109.30993676652939,13.41728435809457],[109.30997491327057,13.417305339542379],[109.31014275925313,13.417262423123876],[109.31021905402805,13.417184222494127],[109.31023431225809,13.41710602094211]]],[[[109.31169152817414,13.420546878179529],[109.31168389745964,13.420495379410195],[109.31155419748113,13.420439113321233],[109.31141686859131,13.420444835616303],[109.3114855335701,13.420552600672847],[109.31166101000204,13.420546878448615],[109.31169152817414,13.420546878179529]]],[[[109.31118798765146,13.420592654681606],[109.31124902327954,13.420825351010745],[109.31131768689659,13.420888293691483],[109.3114092396983,13.420859683162792],[109.31138635193162,13.420575488651311],[109.31123376409961,13.42054115594769],[109.31118798765146,13.420592654681606]]]]}}]}